District Name,Total Population,1 = No. of Illiterates,% 1 = Illiterates,2 = No. of Literates but below primary,% 2 = Literates but below primary,3 = No. of Primary,% 3 = Primary,4 = No. of Middle,% 4 = Middle,5 = No. of Secondary,% 5 = Secondary,6 = No. of Higher Secondary,% 6 = Higher Secondary,7 = No. of Graduate or Higher,% 7 = Graduate or Higher,8 = No. of Other (Specify),% 8 = Other (Specify),State_Code
All India,886692406,316795697,35.73%,123835207,13.97%,157572788,17.77%,119909955,13.52%,85021861,9.59%,48018733,5.42%,30589123,3.45%,4744685,0.54%,01
North Zone Total,47662769,15663982,32.86%,4976876,10.44%,7640609,16.03%,6669481,13.99%,6633303,13.92%,3984533,8.36%,1767999,3.71%,325371,0.68%,01
State Total,8822753,3487110,39.52%,891698,10.11%,1176404,13.33%,1366971,15.49%,1021889,11.58%,537446,6.09%,285884,3.24%,55041,0.62%,01
Kupwara (01),674054,284695,42.24%,59075,8.76%,98727,14.65%,97036,14.4%,71424,10.6%,37060,5.5%,20086,2.98%,5951,0.88%,01
Badgam (02),670582,325224,48.5%,64803,9.66%,75016,11.19%,77236,11.52%,61129,9.12%,36701,5.47%,24152,3.6%,6321,0.94%,01
Leh(Ladakh) (03),91540,29403,32.12%,9380,10.25%,13233,14.46%,14817,16.19%,13207,14.43%,6964,7.61%,4269,4.66%,267,0.29%,01
Kargil (04),110791,37362,33.72%,11295,10.19%,17789,16.06%,18926,17.08%,14843,13.4%,8079,7.29%,2232,2.01%,265,0.24%,01
Punch (05),425695,158876,37.32%,54125,12.71%,68849,16.17%,65136,15.3%,41575,9.77%,24805,5.83%,10408,2.44%,1649,0.39%,01
Rajouri (06),605243,237146,39.18%,68449,11.31%,87808,14.51%,103547,17.11%,60076,9.93%,31144,5.15%,15040,2.48%,2004,0.33%,01
Kathua (07),522802,166753,31.9%,60971,11.66%,71061,13.59%,92220,17.64%,76229,14.58%,37311,7.14%,15957,3.05%,2299,0.44%,01
Baramula (08),753104,310196,41.19%,65094,8.64%,98006,13.01%,114537,15.21%,85451,11.35%,43725,5.81%,31069,4.13%,5026,0.67%,01
Bandipore (09),306346,140815,45.97%,29928,9.77%,41219,13.46%,40555,13.24%,28804,9.4%,14359,4.69%,9245,3.02%,1421,0.46%,01
Srinagar (10),27423,10633,38.77%,2040,7.44%,3211,11.71%,4653,16.97%,3660,13.35%,1935,7.06%,1065,3.88%,226,0.82%,01
Ganderbal (11),250302,110160,44.01%,23425,9.36%,34700,13.86%,34567,13.81%,25073,10.02%,12979,5.19%,7416,2.96%,1982,0.79%,01
Pulwama (12),443291,173015,39.03%,32406,7.31%,48909,11.03%,66100,14.91%,58426,13.18%,34501,7.78%,25496,5.75%,4433,1%,01
Shupiyan (13),243822,103510,42.45%,25156,10.32%,28164,11.55%,34966,14.34%,26398,10.83%,14759,6.05%,9189,3.77%,1680,0.69%,01
Anantnag (14),666691,285620,42.84%,60768,9.11%,78467,11.77%,102643,15.4%,71211,10.68%,36523,5.48%,25805,3.87%,5654,0.85%,01
Kulgam (15),334495,149679,44.75%,29005,8.67%,38987,11.66%,49006,14.65%,34306,10.26%,18044,5.39%,13107,3.92%,2361,0.71%,01
Doda (16),380715,157202,41.29%,40579,10.66%,44279,11.63%,58612,15.4%,42967,11.29%,26399,6.93%,9569,2.51%,1108,0.29%,01
Ramban (17),278459,139399,50.06%,33211,11.93%,34020,12.22%,33626,12.08%,20842,7.48%,11925,4.28%,4266,1.53%,1170,0.42%,01
Kishtwar (18),209262,98958,47.29%,24416,11.67%,24135,11.53%,26255,12.55%,17495,8.36%,12153,5.81%,3676,1.76%,2174,1.04%,01
Udhampur (19),460712,183003,39.72%,52784,11.46%,72658,15.77%,75723,16.44%,43880,9.52%,21416,4.65%,8633,1.87%,2612,0.57%,01
Reasi (20),280452,139797,49.85%,31778,11.33%,38349,13.67%,33961,12.11%,21255,7.58%,11690,4.17%,3180,1.13%,442,0.16%,01
Jammu (21),816469,185130,22.67%,86757,10.63%,121657,14.9%,168917,20.69%,149213,18.28%,69548,8.52%,30862,3.78%,4385,0.54%,01
Samba (22),270503,60534,22.38%,26253,9.71%,37160,13.74%,53932,19.94%,54425,20.12%,25426,9.4%,11162,4.13%,1611,0.6%,01
All India,886692406,316795697,35.73%,123835207,13.97%,157572788,17.77%,119909955,13.52%,85021861,9.59%,48018733,5.42%,30589123,3.45%,4744685,0.54%,02
North Zone Total,47662769,15663982,32.86%,4976876,10.44%,7640609,16.03%,6669481,13.99%,6633303,13.92%,3984533,8.36%,1767999,3.71%,325371,0.68%,02
State Total,5940056,1309180,22.04%,597483,10.06%,1044664,17.59%,905113,15.24%,1052768,17.72%,677185,11.4%,309059,5.2%,44562,0.75%,02
Chamba (01),469553,151060,32.17%,53655,11.43%,92957,19.8%,63821,13.59%,58914,12.55%,35628,7.59%,11556,2.46%,1957,0.42%,02
Kangra (02),1375738,262132,19.05%,121814,8.85%,234332,17.03%,213580,15.52%,271176,19.71%,181319,13.18%,80418,5.85%,10945,0.8%,02
LahulSpiti (03),29332,6515,22.21%,3776,12.87%,5042,17.19%,4011,13.67%,3934,13.41%,3557,12.13%,2378,8.11%,119,0.41%,02
Kullu (04),384540,98844,25.7%,46696,12.14%,73862,19.21%,58138,15.12%,52691,13.7%,34457,8.96%,18022,4.69%,1830,0.48%,02
Mandi (05),920413,211109,22.94%,95810,10.41%,152709,16.59%,125350,13.62%,167791,18.23%,117974,12.82%,42362,4.6%,7303,0.79%,02
Hamirpur (06),419738,69447,16.55%,35013,8.34%,67282,16.03%,68250,16.26%,85371,20.34%,59401,14.15%,30420,7.25%,4552,1.08%,02
Una (07),467505,79113,16.92%,48055,10.28%,82003,17.54%,75426,16.13%,96928,20.73%,55232,11.81%,26691,5.71%,4057,0.87%,02
Bilaspur (08),332006,63599,19.16%,33872,10.2%,56734,17.09%,50761,15.29%,60979,18.37%,42202,12.71%,21446,6.46%,2413,0.73%,02
Solan (09),444062,93770,21.12%,43165,9.72%,79869,17.99%,73794,16.62%,80401,18.11%,46627,10.5%,22316,5.03%,4120,0.93%,02
Sirmaur (10),453638,133499,29.43%,52397,11.55%,92959,20.49%,70475,15.54%,57785,12.74%,30406,6.7%,13980,3.08%,2137,0.47%,02
Shimla (11),567159,123148,21.71%,53830,9.49%,93166,16.43%,90070,15.88%,105658,18.63%,62511,11.02%,34352,6.06%,4416,0.78%,02
Kinnaur (12),76372,16944,22.19%,9400,12.31%,13749,18%,11437,14.98%,11140,14.59%,7871,10.31%,5118,6.7%,713,0.93%,02
All India,886692406,316795697,35.73%,123835207,13.97%,157572788,17.77%,119909955,13.52%,85021861,9.59%,48018733,5.42%,30589123,3.45%,4744685,0.54%,03
North Zone Total,47662769,15663982,32.86%,4976876,10.44%,7640609,16.03%,6669481,13.99%,6633303,13.92%,3984533,8.36%,1767999,3.71%,325371,0.68%,03
State Total,16864339,5372292,31.86%,1664615,9.87%,2918580,17.31%,2323743,13.78%,2522688,14.96%,1442005,8.55%,509388,3.02%,111026,0.66%,03
Gurdaspur (01),1568061,410678,26.19%,147419,9.4%,257219,16.4%,228447,14.57%,287983,18.37%,176803,11.28%,49489,3.16%,10023,0.64%,03
Kapurthala (02),517820,132800,25.65%,51315,9.91%,94371,18.22%,79812,15.41%,85637,16.54%,48822,9.43%,19059,3.68%,6004,1.16%,03
Jalandhar (03),1038478,244431,23.54%,100090,9.64%,202154,19.47%,167324,16.11%,176549,17%,101206,9.75%,38926,3.75%,7798,0.75%,03
Hoshiarpur (04),1242153,248691,20.02%,118066,9.5%,219424,17.66%,202030,16.26%,249279,20.07%,138883,11.18%,56094,4.52%,9686,0.78%,03
Shahid Bhagat Singh Nagar (05),491788,114995,23.38%,46196,9.39%,95758,19.47%,79845,16.24%,84805,17.24%,49214,10.01%,16991,3.45%,3984,0.81%,03
Fatehgarh Sahib (06),402903,108321,26.89%,35506,8.81%,76813,19.06%,60005,14.89%,66566,16.52%,39039,9.69%,15076,3.74%,1577,0.39%,03
Ludhiana (07),1356692,340019,25.06%,124059,9.14%,252972,18.65%,203708,15.02%,230576,17%,131334,9.68%,62361,4.6%,11663,0.86%,03
Moga (08),756954,258855,34.2%,81121,10.72%,133071,17.58%,93480,12.35%,99383,13.13%,64406,8.51%,19987,2.64%,6651,0.88%,03
Firozpur (09),1442859,584815,40.53%,154098,10.68%,242751,16.82%,169090,11.72%,150009,10.4%,95789,6.64%,33525,2.32%,12782,0.89%,03
Muktsar (10),651828,277123,42.51%,67211,10.31%,103751,15.92%,73096,11.21%,69131,10.61%,41305,6.34%,16984,2.61%,3227,0.5%,03
Faridkot (11),383995,150451,39.18%,37197,9.69%,62738,16.34%,47785,12.44%,46966,12.23%,27874,7.26%,9530,2.48%,1454,0.38%,03
Bathinda (12),831232,342239,41.17%,82055,9.87%,131471,15.82%,97205,11.69%,100218,12.06%,54949,6.61%,20300,2.44%,2793,0.34%,03
Mansa (13),592094,268211,45.3%,60084,10.15%,87237,14.73%,66514,11.23%,61821,10.44%,34133,5.76%,11633,1.96%,2461,0.42%,03
Patiala (14),1138091,392869,34.52%,114927,10.1%,202212,17.77%,159170,13.99%,149995,13.18%,81154,7.13%,31989,2.81%,5775,0.51%,03
Amritsar (15),1075141,355348,33.05%,109329,10.17%,186180,17.32%,154058,14.33%,160301,14.91%,82468,7.67%,20801,1.93%,6656,0.62%,03
Tarn Taran (16),922008,353468,38.34%,96984,10.52%,151178,16.4%,104381,11.32%,127916,13.87%,70399,7.64%,14551,1.58%,3131,0.34%,03
Rupnagar (17),478090,101233,21.17%,42212,8.83%,89556,18.73%,79536,16.64%,91465,19.13%,49661,10.39%,19273,4.03%,5154,1.08%,03
Sahibzada Ajit Singh Nagar (18),452150,109035,24.11%,47182,10.44%,84061,18.59%,72600,16.06%,80587,17.82%,41258,9.12%,14728,3.26%,2699,0.6%,03
Sangrur (19),1128242,421922,37.4%,115191,10.21%,179913,15.95%,139981,12.41%,149931,13.29%,85382,7.57%,29832,2.64%,6090,0.54%,03
Barnala (20),393760,156788,39.82%,34373,8.73%,65750,16.7%,45676,11.6%,53570,13.6%,27926,7.09%,8259,2.1%,1418,0.36%,03
All India,886692406,316795697,35.73%,123835207,13.97%,157572788,17.77%,119909955,13.52%,85021861,9.59%,48018733,5.42%,30589123,3.45%,4744685,0.54%,04
UT Zone Total,6328664,967689,15.29%,552573,8.73%,1170601,18.5%,1203752,19.02%,1079605,17.06%,740566,11.7%,571111,9.02%,42474,0.67%,04
State Total,66077,18758,28.39%,6642,10.05%,9816,14.86%,9750,14.76%,9879,14.95%,6408,9.7%,4506,6.82%,318,0.48%,04
CHANDIGARH DISTRICT (01),66077,18758,28.39%,6642,10.05%,9816,14.86%,9750,14.76%,9879,14.95%,6408,9.7%,4506,6.82%,318,0.48%,04
All India,886692406,316795697,35.73%,123835207,13.97%,157572788,17.77%,119909955,13.52%,85021861,9.59%,48018733,5.42%,30589123,3.45%,4744685,0.54%,05
Central Zone Total,241269206,94529073,39.18%,37449064,15.52%,39677576,16.45%,30025356,12.44%,18657451,7.73%,12330887,5.11%,7793219,3.23%,742811,0.31%,05
State Total,7231745,1837234,25.41%,963152,13.32%,1355631,18.75%,1207184,16.69%,825291,11.41%,585296,8.09%,422317,5.84%,35612,0.49%,05
Uttarkashi (01),277025,81369,29.37%,41341,14.92%,43887,15.84%,44798,16.17%,28092,10.14%,21853,7.89%,14894,5.38%,791,0.29%,05
Chamoli (02),311057,56732,18.24%,42133,13.55%,62262,20.02%,61105,19.64%,42165,13.56%,26645,8.57%,18559,5.97%,1456,0.47%,05
Rudraprayag (03),228125,44517,19.51%,29719,13.03%,48962,21.46%,43486,19.06%,27791,12.18%,19903,8.72%,13374,5.86%,373,0.16%,05
TehriGarhwal (04),537113,129035,24.02%,69507,12.94%,98869,18.41%,90809,16.91%,69732,12.98%,53593,9.98%,24179,4.5%,1389,0.26%,05
Dehradun (05),847362,194557,22.96%,89882,10.61%,135892,16.04%,131708,15.54%,107601,12.7%,90910,10.73%,90809,10.72%,6003,0.71%,05
Garhwal (06),579152,112778,19.47%,80417,13.89%,96096,16.59%,100497,17.35%,85902,14.83%,63561,10.97%,36561,6.31%,3336,0.58%,05
Pithoragarh (07),403713,82900,20.53%,57516,14.25%,80044,19.83%,83131,20.59%,48191,11.94%,32851,8.14%,17823,4.41%,1251,0.31%,05
Bageshwar (08),241413,48628,20.14%,37064,15.35%,46701,19.34%,49041,20.31%,30012,12.43%,19671,8.15%,9677,4.01%,609,0.25%,05
Almora (09),560056,106791,19.07%,85635,15.29%,114788,20.5%,108885,19.44%,68435,12.22%,45664,8.15%,28104,5.02%,1753,0.31%,05
Champawat (10),223285,57245,25.64%,33024,14.79%,43455,19.46%,41557,18.61%,20412,9.14%,15201,6.81%,11474,5.14%,916,0.41%,05
Nainital (11),589240,116976,19.85%,64999,11.03%,107452,18.24%,113786,19.31%,77348,13.13%,62138,10.55%,44290,7.52%,2245,0.38%,05
UdhamSinghNagar (12),1086897,324685,29.87%,132103,12.15%,214252,19.71%,162174,14.92%,112947,10.39%,71891,6.61%,62388,5.74%,6457,0.59%,05
Hardwar (13),1347307,481021,35.7%,199812,14.83%,262971,19.52%,176207,13.08%,106663,7.92%,61415,4.56%,50185,3.72%,9033,0.67%,05
All India,886692406,316795697,35.73%,123835207,13.97%,157572788,17.77%,119909955,13.52%,85021861,9.59%,48018733,5.42%,30589123,3.45%,4744685,0.54%,06
North Zone Total,47662769,15663982,32.86%,4976876,10.44%,7640609,16.03%,6669481,13.99%,6633303,13.92%,3984533,8.36%,1767999,3.71%,325371,0.68%,06
State Total,16035621,5495400,34.27%,1823080,11.37%,2500961,15.6%,2073654,12.93%,2035958,12.7%,1327897,8.28%,663668,4.14%,114742,0.72%,06
Panchkula (01),249042,76717,30.8%,23951,9.62%,45019,18.08%,36812,14.78%,35067,14.08%,19572,7.86%,10273,4.13%,1631,0.65%,06
Ambala (02),611092,160243,26.22%,57256,9.37%,113603,18.59%,105254,17.22%,93223,15.26%,52879,8.65%,24092,3.94%,4542,0.74%,06
Yamunanagar (03),716289,226197,31.58%,66863,9.33%,132695,18.53%,104117,14.54%,92103,12.86%,57478,8.02%,30021,4.19%,6815,0.95%,06
Kurukshetra (04),682842,217810,31.9%,75185,11.01%,117740,17.24%,92862,13.6%,87136,12.76%,57425,8.41%,29839,4.37%,4845,0.71%,06
Kaithal (05),814077,310696,38.17%,96687,11.88%,127551,15.67%,98334,12.08%,87393,10.74%,60808,7.47%,28424,3.49%,4184,0.51%,06
Karnal (06),978660,326354,33.35%,112082,11.45%,165100,16.87%,130952,13.38%,118075,12.06%,77943,7.96%,40065,4.09%,8089,0.83%,06
Panipat (07),624792,196169,31.4%,76292,12.21%,102715,16.44%,84941,13.6%,80044,12.81%,52134,8.34%,28037,4.49%,4460,0.71%,06
Sonipat (08),951606,262351,27.57%,99102,10.41%,145835,15.33%,133779,14.06%,158442,16.65%,102254,10.75%,45063,4.74%,4780,0.5%,06
Jind (09),965468,352166,36.48%,109068,11.3%,150437,15.58%,119278,12.35%,115336,11.95%,79624,8.25%,33262,3.45%,6297,0.65%,06
Fatehabad (10),728501,298272,40.94%,86810,11.92%,115459,15.85%,82385,11.31%,71527,9.82%,46923,6.44%,22161,3.04%,4964,0.68%,06
Sirsa (11),914353,339412,37.12%,110926,12.13%,160972,17.61%,116847,12.78%,92187,10.08%,57305,6.27%,29360,3.21%,7344,0.8%,06
Hisar (12),1172222,412115,35.16%,147177,12.56%,176651,15.07%,140663,12%,140316,11.97%,100805,8.6%,46702,3.98%,7793,0.66%,06
Bhiwani (13),1274332,395343,31.02%,154825,12.15%,185281,14.54%,164552,12.91%,178782,14.03%,120600,9.46%,66816,5.24%,8133,0.64%,06
Rohtak (14),585261,157470,26.91%,67255,11.49%,86909,14.85%,82340,14.07%,96974,16.57%,59319,10.14%,29548,5.05%,5446,0.93%,06
Jhajjar (15),657056,167370,25.47%,72754,11.07%,89096,13.56%,92663,14.1%,116762,17.77%,76395,11.63%,36160,5.5%,5856,0.89%,06
Mahendragarh (16),785457,221012,28.14%,82316,10.48%,118756,15.12%,111139,14.15%,116240,14.8%,82774,10.54%,45813,5.83%,7407,0.94%,06
Rewari (17),679785,177155,26.06%,65968,9.7%,98871,14.54%,99494,14.64%,113386,16.68%,76221,11.21%,42726,6.29%,5712,0.84%,06
Gurgaon (18),504865,128513,25.45%,55580,11.01%,73627,14.58%,78015,15.45%,83420,16.52%,53654,10.63%,27034,5.35%,5022,0.99%,06
Mewat (19),949163,588101,61.96%,116853,12.31%,123175,12.98%,58176,6.13%,33825,3.56%,17031,1.79%,8203,0.86%,3799,0.4%,06
Faridabad (20),383782,137605,35.85%,41247,10.75%,56415,14.7%,51066,13.31%,47955,12.5%,29000,7.56%,17900,4.66%,2585,0.67%,06
Palwal (21),806976,344329,42.67%,104883,13%,115054,14.26%,89985,11.15%,77765,9.64%,47753,5.92%,22169,2.75%,5038,0.62%,06
All India,886692406,316795697,35.73%,123835207,13.97%,157572788,17.77%,119909955,13.52%,85021861,9.59%,48018733,5.42%,30589123,3.45%,4744685,0.54%,07
UT Zone Total,6328664,967689,15.29%,552573,8.73%,1170601,18.5%,1203752,19.02%,1079605,17.06%,740566,11.7%,571111,9.02%,42474,0.67%,07
State Total,5103871,693162,13.58%,446498,8.75%,944003,18.5%,987412,19.35%,881642,17.27%,633578,12.41%,491109,9.62%,26204,0.51%,07
North West (01),1489340,213251,14.32%,119577,8.03%,288398,19.36%,300228,20.16%,249376,16.74%,194235,13.04%,120381,8.08%,3634,0.24%,07
North (02),268475,46550,17.34%,20700,7.71%,46504,17.32%,50153,18.68%,45465,16.93%,30965,11.53%,26357,9.82%,1781,0.66%,07
North East (03),1028459,108290,10.53%,111330,10.82%,263561,25.63%,251696,24.47%,159220,15.48%,94490,9.19%,38069,3.7%,1801,0.18%,07
East (04),388490,44777,11.53%,25442,6.55%,60377,15.54%,75054,19.32%,77700,20%,57584,14.82%,45364,11.68%,2191,0.56%,07
West (07),620459,101709,16.39%,56072,9.04%,102577,16.53%,116395,18.76%,109357,17.63%,73034,11.77%,56967,9.18%,4348,0.7%,07
South West (08),484619,72470,14.95%,41134,8.49%,63792,13.16%,80502,16.61%,89261,18.42%,71454,14.74%,62747,12.95%,3259,0.67%,07
South (09),824029,106115,12.88%,72243,8.77%,118794,14.42%,113384,13.76%,151263,18.36%,111816,13.57%,141224,17.14%,9190,1.12%,07
All India,886692406,316795697,35.73%,123835207,13.97%,157572788,17.77%,119909955,13.52%,85021861,9.59%,48018733,5.42%,30589123,3.45%,4744685,0.54%,08
West Zone Total,153880989,54036317,35.12%,19947937,12.96%,29365665,19.08%,18048064,11.73%,16899356,10.98%,9299378,6.04%,5388712,3.5%,893395,0.58%,08
State Total,54412419,25889689,47.58%,7990425,14.68%,7517220,13.82%,5800899,10.66%,3310674,6.08%,2071281,3.81%,1605257,2.95%,226953,0.42%,08
Ganganagar (01),1438661,581863,40.44%,191065,13.28%,253068,17.59%,180343,12.54%,109206,7.59%,66895,4.65%,46829,3.26%,9392,0.65%,08
Hanumangarh (02),1444672,607677,42.06%,193262,13.38%,222721,15.42%,174951,12.11%,114018,7.89%,76579,5.3%,47695,3.3%,7769,0.54%,08
Bikaner (03),1623586,820963,50.56%,287243,17.69%,227532,14.01%,156568,9.64%,68082,4.19%,33188,2.04%,24500,1.51%,5510,0.34%,08
Churu (04),1540107,698206,45.33%,243103,15.78%,210892,13.69%,164964,10.71%,106794,6.93%,68345,4.44%,42039,2.73%,5764,0.37%,08
Jhunjhunun (05),1825302,576241,31.57%,234368,12.84%,241255,13.22%,252759,13.85%,216050,11.84%,163366,8.95%,122993,6.74%,18270,1%,08
Alwar (06),3125146,1267892,40.57%,436897,13.98%,425308,13.61%,398494,12.75%,258384,8.27%,180145,5.76%,141335,4.52%,16691,0.53%,08
Bharatpur (07),2125365,954921,44.93%,300864,14.16%,267535,12.59%,253159,11.91%,158809,7.47%,104987,4.94%,72948,3.43%,12126,0.57%,08
Dhaulpur (08),1003194,467684,46.62%,172028,17.15%,143625,14.32%,107992,10.76%,57003,5.68%,30549,3.05%,20131,2.01%,4182,0.42%,08
Karauli (09),1297513,592738,45.68%,192400,14.83%,166414,12.83%,145337,11.2%,85458,6.59%,54746,4.22%,50745,3.91%,9674,0.75%,08
Sawai Madhopur (10),1113146,518667,46.59%,176434,15.85%,139777,12.56%,119077,10.7%,64347,5.78%,41034,3.69%,45916,4.12%,7894,0.71%,08
Dausa (11),1514606,636660,42.03%,208309,13.75%,213356,14.09%,186908,12.34%,116150,7.67%,77025,5.09%,67085,4.43%,9113,0.6%,08
Jaipur (12),3271905,1312728,40.12%,430458,13.16%,458615,14.02%,418588,12.79%,280886,8.58%,192067,5.87%,164449,5.03%,14114,0.43%,08
Sikar (13),2234179,774819,34.68%,284579,12.74%,339900,15.21%,300801,13.46%,225562,10.1%,163591,7.32%,133180,5.96%,11747,0.53%,08
Nagaur (14),2944649,1351569,45.9%,435343,14.78%,409289,13.9%,328314,11.15%,200046,6.79%,122512,4.16%,86838,2.95%,10738,0.36%,08
Jodhpur (15),2564929,1300449,50.7%,366109,14.27%,364099,14.2%,259920,10.13%,143618,5.6%,76878,3%,47587,1.86%,6269,0.24%,08
Jaisalmer (16),586368,371692,63.39%,96443,16.45%,60254,10.28%,31493,5.37%,13370,2.28%,7560,1.29%,4810,0.82%,744,0.13%,08
Barmer (17),2508937,1456444,58.05%,380540,15.17%,323739,12.9%,195535,7.79%,82308,3.28%,39691,1.58%,25649,1.02%,5030,0.2%,08
Jalor (18),1785394,989972,55.45%,255511,14.31%,259080,14.51%,165938,9.29%,64916,3.64%,25830,1.45%,17800,1%,6346,0.36%,08
Sirohi (19),911132,534119,58.62%,99442,10.91%,120405,13.21%,83668,9.18%,39072,4.29%,18603,2.04%,12833,1.41%,2990,0.33%,08
Pali (20),1764560,849486,48.14%,233972,13.26%,283990,16.09%,208388,11.81%,99818,5.66%,45519,2.58%,37735,2.14%,5652,0.32%,08
Ajmer (21),1655173,801879,48.45%,257393,15.55%,248370,15.01%,172095,10.4%,86383,5.22%,48780,2.95%,34022,2.06%,6251,0.38%,08
Tonk (22),1174790,561241,47.77%,192330,16.37%,147413,12.55%,118864,10.12%,65635,5.59%,44151,3.76%,39889,3.4%,5267,0.45%,08
Bundi (23),943431,498101,52.8%,124782,13.23%,128892,13.66%,94898,10.06%,45371,4.81%,27090,2.87%,20955,2.22%,3342,0.35%,08
Bhilwara (24),2009066,1047335,52.13%,325718,16.21%,266379,13.26%,186546,9.29%,85138,4.24%,51964,2.59%,40990,2.04%,4996,0.25%,08
Rajsamand (25),1077184,511133,47.45%,172308,16%,169519,15.74%,120562,11.19%,54938,5.1%,28192,2.62%,17978,1.67%,2554,0.24%,08
Dungarpur (26),1359834,747803,54.99%,228220,16.78%,162289,11.93%,102704,7.55%,51198,3.77%,35589,2.62%,28732,2.11%,3299,0.24%,08
Banswara (27),1677001,1016096,60.59%,228518,13.63%,173461,10.34%,121924,7.27%,60588,3.61%,39671,2.37%,30256,1.8%,6487,0.39%,08
Chittaurgarh (28),1298067,646778,49.83%,205825,15.86%,182925,14.09%,133128,10.26%,61082,4.71%,35112,2.7%,29707,2.29%,3510,0.27%,08
Kota (29),869702,348606,40.08%,144578,16.62%,146606,16.86%,110195,12.67%,54310,6.24%,32054,3.69%,29031,3.34%,4322,0.5%,08
Baran (30),1053144,482474,45.81%,172697,16.4%,158830,15.08%,114664,10.89%,55795,5.3%,32744,3.11%,30823,2.93%,5117,0.49%,08
Jhalawar (31),1250068,643681,51.49%,198170,15.85%,175159,14.01%,115808,9.26%,54062,4.32%,32304,2.58%,27129,2.17%,3755,0.3%,08
Udaipur (32),2592770,1445795,55.76%,388899,15%,324841,12.53%,213430,8.23%,103800,4%,58287,2.25%,51056,1.97%,6662,0.26%,08
Pratapgarh (33),828838,473977,57.19%,132617,16%,101682,12.27%,62884,7.59%,28477,3.44%,16233,1.96%,11592,1.4%,1376,0.17%,08
All India,886692406,316795697,35.73%,123835207,13.97%,157572788,17.77%,119909955,13.52%,85021861,9.59%,48018733,5.42%,30589123,3.45%,4744685,0.54%,09
Central Zone Total,241269206,94529073,39.18%,37449064,15.52%,39677576,16.45%,30025356,12.44%,18657451,7.73%,12330887,5.11%,7793219,3.23%,742811,0.31%,09
State Total,162778694,62092962,38.15%,24885698,15.29%,27221517,16.72%,20848975,12.81%,12892737,7.92%,8459145,5.2%,5797761,3.56%,518576,0.32%,09
Saharanpur (01),2383346,1047566,43.95%,333643,14%,418670,17.57%,290664,12.2%,156933,6.58%,85536,3.59%,46551,1.95%,3649,0.15%,09
Muzaffarnagar (02),3082030,1177449,38.2%,630674,20.46%,556511,18.06%,362610,11.77%,193792,6.29%,101141,3.28%,56318,1.83%,3289,0.11%,09
Bijnor (03),2897887,1043861,36.02%,356064,12.29%,644573,22.24%,439366,15.16%,189838,6.55%,116865,4.03%,97461,3.36%,9457,0.33%,09
Moradabad (04),3305844,1614168,48.83%,478034,14.46%,507440,15.35%,329802,9.98%,182044,5.51%,106111,3.21%,81615,2.47%,6630,0.2%,09
Rampur (05),1745881,1037701,59.44%,207469,11.88%,285542,16.36%,117659,6.74%,51179,2.93%,27795,1.59%,16403,0.94%,1374,0.08%,09
Jyotiba Phule Nagar (06),1332267,462072,34.68%,189500,14.22%,283815,21.3%,158448,11.89%,100961,7.58%,94196,7.07%,38200,2.87%,1113,0.08%,09
Meerut (07),1673774,598555,35.76%,228186,13.63%,246714,14.74%,231567,13.84%,171349,10.24%,111388,6.65%,79780,4.77%,6235,0.37%,09
Baghpat (08),1014440,306292,30.19%,102860,10.14%,224270,22.11%,178221,17.57%,106815,10.53%,60736,5.99%,31136,3.07%,2384,0.24%,09
Ghaziabad (09),1790349,505386,28.23%,236026,13.18%,327622,18.3%,307508,17.18%,203965,11.39%,128167,7.16%,77354,4.32%,4311,0.24%,09
Gautam Buddha Nagar (10),1519994,306771,20.18%,182158,11.98%,299384,19.7%,255587,16.82%,198346,13.05%,180134,11.85%,92772,6.1%,4425,0.29%,09
Bulandshahr (11),2620288,943991,36.03%,353079,13.47%,428655,16.36%,374920,14.31%,263759,10.07%,161476,6.16%,87464,3.34%,6944,0.27%,09
Aligarh (12),2523924,1033270,40.94%,322028,12.76%,363301,14.39%,334010,13.23%,236983,9.39%,144079,5.71%,80657,3.2%,7824,0.31%,09
Mahamaya Nagar (13),1193115,360990,30.26%,152559,12.79%,234290,19.64%,206205,17.28%,128764,10.79%,70304,5.89%,35487,2.97%,4516,0.38%,09
Mathura (14),1758865,585856,33.31%,244613,13.91%,328130,18.66%,251849,14.32%,175962,10%,112588,6.4%,54483,3.1%,4906,0.28%,09
Agra (15),2503237,690612,27.59%,416136,16.62%,616004,24.61%,384589,15.36%,208315,8.32%,126929,5.07%,52155,2.08%,3510,0.14%,09
Firozabad (16),1608844,493029,30.64%,229335,14.25%,277224,17.23%,242257,15.06%,186963,11.62%,108914,6.77%,65812,4.09%,5310,0.33%,09
Mainpuri (17),1638713,458463,27.98%,206803,12.62%,308073,18.8%,275659,16.82%,193021,11.78%,113170,6.91%,76239,4.65%,7285,0.44%,09
Budaun (18),3083271,1692764,54.9%,483132,15.67%,477656,15.49%,232342,7.54%,109833,3.56%,53878,1.75%,30560,0.99%,3106,0.1%,09
Bareilly (19),2865615,1396732,48.74%,491714,17.16%,426556,14.89%,270416,9.44%,142539,4.97%,79388,2.77%,52266,1.82%,6004,0.21%,09
Pilibhit (20),1755912,890312,50.7%,230498,13.13%,237059,13.5%,206303,11.75%,92985,5.3%,56829,3.24%,37055,2.11%,4871,0.28%,09
Shahjahanpur (21),2376415,1142619,48.08%,367693,15.47%,402903,16.95%,254743,10.72%,109223,4.6%,58009,2.44%,37986,1.6%,3239,0.14%,09
Kheri (22),3708106,1733521,46.75%,640347,17.27%,565102,15.24%,395934,10.68%,185402,5%,99734,2.69%,82109,2.21%,5957,0.16%,09
Sitapur (23),4023932,2007089,49.88%,629453,15.64%,583756,14.51%,428440,10.65%,180723,4.49%,103248,2.57%,85942,2.14%,5278,0.13%,09
Hardoi (24),3684956,1366243,37.08%,672727,18.26%,799696,21.7%,444724,12.07%,204896,5.56%,110069,2.99%,74823,2.03%,5577,0.15%,09
Unnao (25),2683267,1045787,38.97%,432828,16.13%,448607,16.72%,362497,13.51%,198969,7.42%,110867,4.13%,78195,2.91%,5514,0.21%,09
Lucknow (26),1563213,628930,40.23%,202092,12.93%,257823,16.49%,223773,14.31%,112552,7.2%,73287,4.69%,59981,3.84%,4674,0.3%,09
Rae Bareli (27),3175222,1215055,38.27%,504514,15.89%,501142,15.78%,442196,13.93%,239207,7.53%,153113,4.82%,110937,3.49%,9037,0.28%,09
Farrukhabad (28),1566286,601533,38.41%,221024,14.11%,262468,16.76%,197555,12.61%,136877,8.74%,80425,5.13%,61824,3.95%,4535,0.29%,09
Kannauj (29),1440493,465296,32.3%,205881,14.29%,235485,16.35%,225586,15.66%,145656,10.11%,87246,6.06%,70325,4.88%,4449,0.31%,09
Etawah (30),1265158,329286,26.03%,142842,11.29%,237215,18.75%,244543,19.33%,151755,11.99%,86440,6.83%,66213,5.23%,6844,0.54%,09
Auraiya (31),1167170,259320,22.22%,122379,10.49%,259322,22.22%,240621,20.62%,138917,11.9%,80992,6.94%,60847,5.21%,4693,0.4%,09
Kanpur Dehat (32),1747986,447236,25.59%,219038,12.53%,315999,18.08%,313173,17.92%,205725,11.77%,144199,8.25%,90210,5.16%,4744,0.27%,09
Kanpur Nagar (33),1610712,417697,25.93%,166900,10.36%,332097,20.62%,300335,18.65%,190178,11.81%,114052,7.08%,83742,5.2%,5711,0.35%,09
Jalaun (34),1255633,368807,29.37%,139380,11.1%,264255,21.05%,224317,17.86%,123868,9.86%,71909,5.73%,58473,4.66%,4545,0.36%,09
Jhansi (35),1125459,383088,34.04%,125061,11.11%,238952,21.23%,201516,17.91%,90149,8.01%,45376,4.03%,36097,3.21%,5220,0.46%,09
Lalitpur (36),1030269,474673,46.07%,170122,16.51%,173534,16.84%,129723,12.59%,44684,4.34%,20565,2%,15448,1.5%,1520,0.15%,09
Hamirpur (37),1000436,326682,32.65%,135085,13.5%,200066,20%,174324,17.42%,79088,7.91%,42618,4.26%,37533,3.75%,2423,0.24%,09
Mahoba (38),745577,349148,46.83%,94747,12.71%,110812,14.86%,104441,14.01%,42918,5.76%,21953,2.94%,19863,2.66%,1695,0.23%,09
Banda (39),1566411,528905,33.77%,290956,18.57%,371992,23.75%,212895,13.59%,87782,5.6%,41006,2.62%,31147,1.99%,1721,0.11%,09
Chitrakoot (40),912539,361819,39.65%,158827,17.4%,159546,17.48%,111351,12.2%,58305,6.39%,33239,3.64%,27523,3.02%,1914,0.21%,09
Fatehpur (41),2332489,821292,35.21%,371776,15.94%,417023,17.88%,336854,14.44%,191645,8.22%,106619,4.57%,81186,3.48%,6091,0.26%,09
Pratapgarh (42),3153263,1029977,32.66%,412321,13.08%,531936,16.87%,438354,13.9%,315650,10.01%,224880,7.13%,180982,5.74%,17376,0.55%,09
Kaushambi (43),1476137,639347,43.31%,176953,11.99%,236335,16.01%,166680,11.29%,132396,8.97%,79917,5.41%,39789,2.7%,4719,0.32%,09
Allahabad (44),4644022,1552888,33.44%,684731,14.74%,783507,16.87%,578813,12.46%,422816,9.1%,345371,7.44%,250106,5.39%,25179,0.54%,09
Bara Banki (45),3041968,1457322,47.91%,483506,15.89%,381622,12.55%,321823,10.58%,176734,5.81%,116377,3.83%,94193,3.1%,10329,0.34%,09
Faizabad (46),2352401,918505,39.05%,312539,13.29%,317815,13.51%,308096,13.1%,198758,8.45%,148114,6.3%,135465,5.76%,13109,0.56%,09
Ambedkar Nagar (47),2272239,750340,33.02%,301313,13.26%,339266,14.93%,314496,13.84%,221609,9.75%,156516,6.89%,174985,7.7%,13714,0.6%,09
Sultanpur (48),3299833,1098501,33.29%,445320,13.5%,615259,18.65%,506609,15.35%,289324,8.77%,175517,5.32%,156743,4.75%,12549,0.38%,09
Bahraich (49),3078482,1855952,60.29%,421867,13.7%,450110,14.62%,183231,5.95%,81465,2.65%,48038,1.56%,32508,1.06%,5271,0.17%,09
Shrawasti (50),1039779,685984,65.97%,148416,14.27%,92777,8.92%,52522,5.05%,27058,2.6%,17947,1.73%,13652,1.31%,1322,0.13%,09
Balrampur (51),2054040,1282851,62.46%,347811,16.93%,201965,9.83%,107411,5.23%,54404,2.65%,31912,1.55%,25940,1.26%,1744,0.08%,09
Gonda (52),3328710,1583453,47.57%,645864,19.4%,402272,12.08%,285898,8.59%,174122,5.23%,128022,3.85%,101445,3.05%,7634,0.23%,09
Siddharthnagar (53),2547223,1171770,46%,651812,25.59%,316500,12.43%,188200,7.39%,98034,3.85%,64147,2.52%,47305,1.86%,9455,0.37%,09
Basti (54),2567434,991951,38.64%,452063,17.61%,332933,12.97%,309212,12.04%,198804,7.74%,149664,5.83%,121894,4.75%,10907,0.42%,09
Sant Kabir Nagar (55),1709379,654952,38.32%,320971,18.78%,274105,16.04%,194775,11.39%,121177,7.09%,79780,4.67%,55867,3.27%,7752,0.45%,09
Mahrajganj (56),2706113,1222131,45.16%,439293,16.23%,369446,13.65%,291593,10.78%,171921,6.35%,118449,4.38%,83693,3.09%,9583,0.35%,09
Gorakhpur (57),3860919,1325971,34.34%,770841,19.97%,542012,14.04%,476083,12.33%,338309,8.76%,233429,6.05%,158087,4.09%,16169,0.42%,09
Kushinagar (58),3603381,1518463,42.14%,806684,22.39%,408456,11.34%,352932,9.79%,236558,6.56%,160939,4.47%,109121,3.03%,10228,0.28%,09
Deoria (59),3216545,1056461,32.84%,561064,17.44%,434234,13.5%,410943,12.78%,335536,10.43%,245582,7.63%,155485,4.83%,17240,0.54%,09
Azamgarh (60),4941200,1162925,23.54%,792429,16.04%,1262121,25.54%,820724,16.61%,453269,9.17%,290497,5.88%,145991,2.95%,7192,0.15%,09
Mau (61),1953825,562733,28.8%,268285,13.73%,330990,16.94%,263626,13.49%,215718,11.04%,178892,9.16%,121870,6.24%,11508,0.59%,09
Ballia (62),3139924,991718,31.58%,400993,12.77%,459164,14.62%,395956,12.61%,376435,11.99%,305831,9.74%,190607,6.07%,19197,0.61%,09
Jaunpur (63),4553449,1272137,27.94%,618049,13.57%,886913,19.48%,725251,15.93%,480825,10.56%,319231,7.01%,227843,5%,22924,0.5%,09
Ghazipur (64),3566561,953475,26.73%,522973,14.66%,647957,18.17%,523895,14.69%,415430,11.65%,305971,8.58%,167650,4.7%,10732,0.3%,09
Chandauli (65),1748581,519845,29.73%,271614,15.53%,334323,19.12%,248489,14.21%,175283,10.02%,119659,6.84%,71944,4.11%,6961,0.4%,09
Varanasi (66),2470821,691946,28%,306730,12.41%,402352,16.28%,372034,15.06%,289888,11.73%,230102,9.31%,159654,6.46%,17810,0.72%,09
Sant Ravidas Nagar (Bhadohi) (67),1519591,495169,32.59%,226183,14.88%,254913,16.78%,205856,13.55%,147800,9.73%,106324,7%,74685,4.91%,8654,0.57%,09
Mirzapur (68),2249441,791153,35.17%,317340,14.11%,371954,16.54%,297942,13.25%,196979,8.76%,149803,6.66%,111278,4.95%,12564,0.56%,09
Sonbhadra (69),1662558,709553,42.68%,280848,16.89%,272846,16.41%,190012,11.43%,98495,5.92%,62170,3.74%,42758,2.57%,5840,0.35%,09
Etah (70),1539644,646281,41.98%,210125,13.65%,189522,12.31%,178204,11.57%,153704,9.98%,97418,6.33%,59088,3.84%,5293,0.34%,09
Kanshiram Nagar (71),1201906,579342,48.2%,198577,16.52%,148628,12.37%,119792,9.97%,81371,6.77%,44056,3.67%,26961,2.24%,3097,0.26%,09
All India,886692406,316795697,35.73%,123835207,13.97%,157572788,17.77%,119909955,13.52%,85021861,9.59%,48018733,5.42%,30589123,3.45%,4744685,0.54%,10
East Zone Total,233233971,90559817,38.83%,38103502,16.34%,41374578,17.74%,31825480,13.65%,16348595,7.01%,8403367,3.6%,5734233,2.46%,755619,0.32%,10
State Total,98552478,43288391,43.92%,19460299,19.75%,14816264,15.03%,8659293,8.79%,6207898,6.3%,3566411,3.62%,2239524,2.27%,223115,0.23%,10
Pashchim Champaran (01),3525431,1614209,45.79%,961823,27.28%,486161,13.79%,209661,5.95%,127378,3.61%,74651,2.12%,47395,1.34%,3906,0.11%,10
Purba Champaran (02),4885825,2055296,42.07%,1174465,24.04%,891719,18.25%,397447,8.13%,209503,4.29%,102621,2.1%,48688,1%,4303,0.09%,10
Sheohar (03),629254,336625,53.5%,121087,19.24%,87121,13.85%,35272,5.61%,24088,3.83%,15009,2.39%,9329,1.48%,607,0.1%,10
Sitamarhi (04),3315933,1802373,54.35%,703430,21.21%,367511,11.08%,177393,5.35%,120304,3.63%,79112,2.39%,56039,1.69%,9757,0.29%,10
Madhubani (05),4541588,1953074,43%,761741,16.77%,745872,16.42%,500217,11.01%,287537,6.33%,159312,3.51%,123444,2.72%,10073,0.22%,10
Supaul (06),2226904,1181414,53.05%,446502,20.05%,257687,11.57%,147030,6.6%,90639,4.07%,61525,2.76%,36783,1.65%,4904,0.22%,10
Araria (07),2960510,1593468,53.82%,591094,19.97%,396512,13.39%,184620,6.24%,95328,3.22%,53978,1.82%,26184,0.88%,4609,0.16%,10
Kishanganj (08),1562012,895108,57.3%,326107,20.88%,208345,13.34%,72327,4.63%,31318,2%,18216,1.17%,8173,0.52%,2413,0.15%,10
Purnia (09),2960561,1693578,57.2%,621886,21.01%,316634,10.7%,146794,4.96%,86859,2.93%,53086,1.79%,27967,0.94%,5054,0.17%,10
Katihar (10),2894274,1642607,56.75%,439094,15.17%,402661,13.91%,200496,6.93%,103155,3.56%,64130,2.22%,34577,1.19%,7405,0.26%,10
Madhepura (11),1984874,1167890,58.84%,327252,16.49%,180578,9.1%,106446,5.36%,91485,4.61%,71038,3.58%,35590,1.79%,4469,0.23%,10
Saharsa (12),1845349,1096636,59.43%,320635,17.38%,179054,9.7%,90325,4.89%,74500,4.04%,49670,2.69%,30264,1.64%,3856,0.21%,10
Darbhanga (13),3860158,2098180,54.35%,618373,16.02%,436896,11.32%,286488,7.42%,189397,4.91%,121883,3.16%,92644,2.4%,15660,0.41%,10
Muzaffarpur (14),4424275,1861081,42.07%,1028971,23.26%,666740,15.07%,362435,8.19%,246024,5.56%,152603,3.45%,97511,2.2%,8785,0.2%,10
Gopalganj (15),2558985,935648,36.56%,514841,20.12%,440869,17.23%,273235,10.68%,207780,8.12%,112039,4.38%,68122,2.66%,6425,0.25%,10
Siwan (16),3448096,1163368,33.74%,661806,19.19%,584362,16.95%,422416,12.25%,333873,9.68%,171110,4.96%,101846,2.95%,9263,0.27%,10
Saran (17),3644695,1243084,34.11%,735685,20.19%,629455,17.27%,393298,10.79%,327700,8.99%,188392,5.17%,119582,3.28%,7214,0.2%,10
Vaishali (18),3507774,1419731,40.47%,763355,21.76%,445626,12.7%,340177,9.7%,270014,7.7%,159883,4.56%,101762,2.9%,7195,0.21%,10
Samastipur (19),4422383,1970136,44.55%,763923,17.27%,691574,15.64%,423429,9.57%,270698,6.12%,173235,3.92%,113942,2.58%,15413,0.35%,10
Begusarai (20),2518273,1087521,43.19%,476372,18.92%,391087,15.53%,225826,8.97%,156427,6.21%,105936,4.21%,66301,2.63%,7406,0.29%,10
Khagaria (21),1740907,880921,50.6%,335139,19.25%,218714,12.56%,118943,6.83%,90276,5.19%,57567,3.31%,30924,1.78%,4693,0.27%,10
Bhagalpur (22),2601741,1022165,39.29%,536233,20.61%,433503,16.66%,233546,8.98%,182219,7%,106512,4.09%,65442,2.52%,9293,0.36%,10
Banka (23),2027955,859673,42.39%,395826,19.52%,374460,18.46%,187593,9.25%,113441,5.59%,57462,2.83%,30774,1.52%,3216,0.16%,10
Munger (24),1007736,416982,41.38%,180529,17.91%,120894,12%,99446,9.87%,95604,9.49%,60856,6.04%,31327,3.11%,2045,0.2%,10
Lakhisarai (25),903718,408718,45.23%,149925,16.59%,123206,13.63%,92073,10.19%,70630,7.82%,37955,4.2%,19430,2.15%,1534,0.17%,10
Sheikhpura (26),598693,266113,44.45%,107933,18.03%,90231,15.07%,48045,8.02%,41576,6.94%,25124,4.2%,13251,2.21%,2876,0.48%,10
Nalanda (27),2784852,1185539,42.57%,492333,17.68%,401779,14.43%,255327,9.17%,220893,7.93%,134318,4.82%,88616,3.18%,5762,0.21%,10
Patna (28),4033998,1674911,41.52%,725355,17.98%,587852,14.57%,416091,10.31%,322738,8%,172050,4.26%,116509,2.89%,7787,0.19%,10
Bhojpur (29),2737006,891328,32.57%,513605,18.77%,534003,19.51%,317496,11.6%,260946,9.53%,128690,4.7%,84541,3.09%,5526,0.2%,10
Buxar (30),1654596,433909,26.22%,305208,18.45%,390139,23.58%,233861,14.13%,159563,9.64%,77334,4.67%,51041,3.08%,3533,0.21%,10
Kaimur Bhabua (31),1628597,538840,33.09%,309828,19.02%,285729,17.54%,203024,12.47%,139939,8.59%,81462,5%,62309,3.83%,7446,0.46%,10
Rohtas (32),2665573,804413,30.18%,458543,17.2%,478190,17.94%,341748,12.82%,283135,10.62%,163074,6.12%,124793,4.68%,11649,0.44%,10
Aurangabad (33),2391102,737324,30.84%,509414,21.3%,444610,18.59%,276978,11.58%,228959,9.58%,118349,4.95%,69352,2.9%,6094,0.25%,10
Gaya (34),4132134,1849136,44.75%,812002,19.65%,643161,15.56%,356171,8.62%,255440,6.18%,134110,3.25%,76294,1.85%,5670,0.14%,10
Nawada (35),2410709,1053630,43.71%,571571,23.71%,336793,13.97%,171972,7.13%,137889,5.72%,78211,3.24%,48045,1.99%,2040,0.08%,10
Jamui (36),1731150,727012,42%,396590,22.91%,295928,17.09%,138730,8.01%,90294,5.22%,46032,2.66%,22035,1.27%,1558,0.09%,10
Jehanabad (37),1068836,454336,42.51%,186598,17.46%,142566,13.34%,99389,9.3%,95001,8.89%,55251,5.17%,33353,3.12%,2320,0.22%,10
Arwal (38),716021,272414,38.05%,115225,16.09%,108042,15.09%,73528,10.27%,75348,10.52%,44625,6.23%,25345,3.54%,1356,0.19%,10
All India,886692406,316795697,35.73%,123835207,13.97%,157572788,17.77%,119909955,13.52%,85021861,9.59%,48018733,5.42%,30589123,3.45%,4744685,0.54%,11
North Eastern Zone Total,39794232,12306406,30.93%,5172458,13%,8214516,20.64%,7733990,19.43%,3314439,8.33%,1906983,4.79%,1003785,2.52%,140202,0.35%,11
State Total,412574,83016,20.12%,82172,19.92%,100078,24.26%,70428,17.07%,36098,8.75%,21494,5.21%,16827,4.08%,2461,0.6%,11
North  District (01),30971,7076,22.85%,5730,18.5%,7422,23.96%,5266,17%,2472,7.98%,1608,5.19%,1139,3.68%,258,0.83%,11
West District (02),127060,27647,21.76%,29785,23.44%,29883,23.52%,19279,15.17%,9453,7.44%,6057,4.77%,4450,3.5%,506,0.4%,11
South District (03),111983,22357,19.96%,22973,20.51%,29006,25.9%,18711,16.71%,9628,8.6%,5185,4.63%,3812,3.4%,311,0.28%,11
East District (04),142560,25936,18.19%,23684,16.61%,33767,23.69%,27172,19.06%,14545,10.2%,8644,6.06%,7426,5.21%,1386,0.97%,11
All India,886692406,316795697,35.73%,123835207,13.97%,157572788,17.77%,119909955,13.52%,85021861,9.59%,48018733,5.42%,30589123,3.45%,4744685,0.54%,12
North Eastern Zone Total,39794232,12306406,30.93%,5172458,13%,8214516,20.64%,7733990,19.43%,3314439,8.33%,1906983,4.79%,1003785,2.52%,140202,0.35%,12
State Total,1021824,394909,38.65%,136380,13.35%,166592,16.3%,137669,13.47%,87949,8.61%,58895,5.76%,35311,3.46%,4094,0.4%,12
Tawang (01),33431,17792,53.22%,4321,12.93%,4000,11.96%,3090,9.24%,1462,4.37%,1307,3.91%,850,2.54%,607,1.82%,12
West Kameng (02),55017,23260,42.28%,7760,14.1%,8726,15.86%,6641,12.07%,4115,7.48%,2665,4.84%,1685,3.06%,165,0.3%,12
East Kameng (03),60520,27303,45.11%,9312,15.39%,8182,13.52%,6787,11.21%,4407,7.28%,3040,5.02%,1393,2.3%,92,0.15%,12
Papum Pare (04),70170,19584,27.91%,8387,11.95%,12080,17.22%,10430,14.86%,8569,12.21%,6518,9.29%,4133,5.89%,469,0.67%,12
Upper Subansiri (05),81221,26296,32.38%,9025,11.11%,14203,17.49%,13235,16.3%,8406,10.35%,6379,7.85%,3260,4.01%,417,0.51%,12
West Siang (06),86029,25708,29.88%,12624,14.67%,14856,17.27%,13164,15.3%,8962,10.42%,6245,7.26%,4266,4.96%,203,0.24%,12
East Siang (07),64927,17514,26.97%,7296,11.24%,10760,16.57%,10606,16.34%,7781,11.98%,6442,9.92%,4189,6.45%,336,0.52%,12
Upper Siang (08),26623,10032,37.68%,3435,12.9%,4764,17.89%,3916,14.71%,2077,7.8%,1466,5.51%,898,3.37%,35,0.13%,12
Changlang (09),122446,54303,44.35%,18795,15.35%,20014,16.35%,14518,11.86%,7661,6.26%,4062,3.32%,2379,1.94%,710,0.58%,12
Tirap (10),92290,47223,51.17%,11425,12.38%,14741,15.97%,9536,10.33%,5631,6.1%,2500,2.71%,1106,1.2%,128,0.14%,12
Lower Subansiri (11),61250,15950,26.04%,7235,11.81%,9622,15.71%,9936,16.22%,8007,13.07%,6181,10.09%,4087,6.67%,232,0.38%,12
Kurung Kumey (12),94323,41908,44.43%,12616,13.38%,14685,15.57%,11871,12.59%,6786,7.19%,4219,4.47%,1933,2.05%,294,0.31%,12
Dibang Valley (13),4395,1703,38.75%,505,11.49%,696,15.84%,599,13.63%,390,8.87%,302,6.87%,188,4.28%,12,0.27%,12
Lower Dibang Valley (14),37559,12655,33.69%,4796,12.77%,6191,16.48%,5696,15.17%,3951,10.52%,2393,6.37%,1817,4.84%,60,0.16%,12
Lohit (15),112822,45027,39.91%,16025,14.2%,20268,17.96%,15553,13.79%,8626,7.65%,4413,3.91%,2655,2.35%,255,0.23%,12
Anjaw (16),18801,8651,46.01%,2823,15.02%,2804,14.91%,2091,11.12%,1118,5.95%,763,4.06%,472,2.51%,79,0.42%,12
All India,886692406,316795697,35.73%,123835207,13.97%,157572788,17.77%,119909955,13.52%,85021861,9.59%,48018733,5.42%,30589123,3.45%,4744685,0.54%,13
North Eastern Zone Total,39794232,12306406,30.93%,5172458,13%,8214516,20.64%,7733990,19.43%,3314439,8.33%,1906983,4.79%,1003785,2.52%,140202,0.35%,13
State Total,1459531,433922,29.73%,189554,12.99%,311633,21.35%,290190,19.88%,121443,8.32%,61240,4.2%,47226,3.24%,4323,0.3%,13
Mon (01),227046,124671,54.91%,34222,15.07%,38742,17.06%,22066,9.72%,4627,2.04%,1670,0.74%,972,0.43%,76,0.03%,13
Mokokchung (02),144160,18321,12.71%,17153,11.9%,35201,24.42%,40595,28.16%,18605,12.91%,8157,5.66%,5594,3.88%,534,0.37%,13
Zunheboto (03),122339,24124,19.72%,15150,12.38%,27262,22.28%,29018,23.72%,14505,11.86%,7086,5.79%,4290,3.51%,904,0.74%,13
Wokha (04),127518,22612,17.73%,13813,10.83%,32570,25.54%,32788,25.71%,13464,10.56%,7151,5.61%,4865,3.82%,255,0.2%,13
Dimapur (05),199163,39245,19.7%,22813,11.45%,39658,19.91%,45723,22.96%,23511,11.8%,13475,6.77%,13292,6.67%,1446,0.73%,13
Phek (06),135625,40592,29.93%,20605,15.19%,28641,21.12%,25796,19.02%,9560,7.05%,5557,4.1%,4567,3.37%,307,0.23%,13
Tuensang (07),162750,62710,38.53%,26497,16.28%,33582,20.63%,25279,15.53%,9616,5.91%,3507,2.15%,1504,0.92%,55,0.03%,13
Longleng (08),44471,16920,38.05%,7376,16.59%,10493,23.6%,6253,14.06%,2242,5.04%,894,2.01%,284,0.64%,9,0.02%,13
Kiphire (09),64891,29552,45.54%,9461,14.58%,12071,18.6%,9628,14.84%,2690,4.15%,950,1.46%,506,0.78%,33,0.05%,13
Kohima (10),150290,33011,21.96%,14448,9.61%,31240,20.79%,35139,23.38%,15990,10.64%,9859,6.56%,9952,6.62%,651,0.43%,13
Peren (11),81278,22164,27.27%,8016,9.86%,22173,27.28%,17905,22.03%,6633,8.16%,2934,3.61%,1400,1.72%,53,0.07%,13
All India,886692406,316795697,35.73%,123835207,13.97%,157572788,17.77%,119909955,13.52%,85021861,9.59%,48018733,5.42%,30589123,3.45%,4744685,0.54%,14
North Eastern Zone Total,39794232,12306406,30.93%,5172458,13%,8214516,20.64%,7733990,19.43%,3314439,8.33%,1906983,4.79%,1003785,2.52%,140202,0.35%,14
State Total,2361129,622281,26.36%,208140,8.82%,395451,16.75%,468945,19.86%,304982,12.92%,199447,8.45%,152817,6.47%,9057,0.38%,14
Senapati (01),538899,191001,35.44%,46757,8.68%,81735,15.17%,91395,16.96%,62033,11.51%,40438,7.5%,24940,4.63%,598,0.11%,14
Tamenglong (02),148612,45317,30.49%,11155,7.51%,28461,19.15%,26794,18.03%,17867,12.02%,11645,7.84%,7102,4.78%,270,0.18%,14
Churachandpur (03),300686,57561,19.14%,32860,10.93%,67907,22.58%,65475,21.78%,38567,12.83%,23284,7.74%,14523,4.83%,509,0.17%,14
Bishnupur (04),154011,45726,29.69%,11912,7.73%,24088,15.64%,31282,20.31%,18681,12.13%,11103,7.21%,10454,6.79%,765,0.5%,14
Thoubal (05),280285,82756,29.53%,22037,7.86%,47941,17.1%,56834,20.28%,34887,12.45%,20076,7.16%,13713,4.89%,2041,0.73%,14
ImphalWest (06),243297,47780,19.64%,16899,6.95%,34393,14.14%,52807,21.7%,37605,15.46%,24812,10.2%,26866,11.04%,2134,0.88%,14
ImphalEast (07),357112,75699,21.2%,31411,8.8%,56767,15.9%,78680,22.03%,46323,12.97%,34105,9.55%,32004,8.96%,2123,0.59%,14
Ukhrul (08),201066,42156,20.97%,20670,10.28%,29382,14.61%,38350,19.07%,31734,15.78%,22729,11.3%,15636,7.78%,405,0.2%,14
Chandel (09),137161,34285,25%,14439,10.53%,24777,18.06%,27328,19.92%,17285,12.6%,11255,8.21%,7579,5.53%,212,0.15%,14
All India,886692406,316795697,35.73%,123835207,13.97%,157572788,17.77%,119909955,13.52%,85021861,9.59%,48018733,5.42%,30589123,3.45%,4744685,0.54%,15
North Eastern Zone Total,39794232,12306406,30.93%,5172458,13%,8214516,20.64%,7733990,19.43%,3314439,8.33%,1906983,4.79%,1003785,2.52%,140202,0.35%,15
State Total,528466,133704,25.3%,81850,15.49%,124961,23.65%,110930,20.99%,51574,9.76%,15598,2.95%,9577,1.81%,272,0.05%,15
Mamit (01),69370,18065,26.04%,8418,12.13%,16604,23.94%,15689,22.62%,7428,10.71%,2024,2.92%,1130,1.63%,12,0.02%,15
Kolasib (02),35641,7918,22.22%,7357,20.64%,7814,21.92%,7896,22.15%,3153,8.85%,982,2.76%,513,1.44%,8,0.02%,15
Aizawl (03),85615,9326,10.89%,8738,10.21%,22793,26.62%,25199,29.43%,13624,15.91%,3549,4.15%,2274,2.66%,112,0.13%,15
Champhai (04),71450,10471,14.66%,10742,15.03%,21658,30.31%,17917,25.08%,7323,10.25%,1815,2.54%,1496,2.09%,28,0.04%,15
Serchhip (05),30918,3570,11.55%,5975,19.33%,8717,28.19%,7793,25.21%,3066,9.92%,1005,3.25%,774,2.5%,18,0.06%,15
Lunglei (06),93575,25867,27.64%,16377,17.5%,21196,22.65%,18561,19.84%,7525,8.04%,2630,2.81%,1410,1.51%,9,0.01%,15
Lawngtlai (07),110139,53371,48.46%,18610,16.9%,16732,15.19%,11453,10.4%,6277,5.7%,2218,2.01%,1412,1.28%,66,0.06%,15
Saiha (08),31758,5116,16.11%,5633,17.74%,9447,29.75%,6422,20.22%,3178,10.01%,1375,4.33%,568,1.79%,19,0.06%,15
All India,886692406,316795697,35.73%,123835207,13.97%,157572788,17.77%,119909955,13.52%,85021861,9.59%,48018733,5.42%,30589123,3.45%,4744685,0.54%,16
North Eastern Zone Total,39794232,12306406,30.93%,5172458,13%,8214516,20.64%,7733990,19.43%,3314439,8.33%,1906983,4.79%,1003785,2.52%,140202,0.35%,16
State Total,2994168,660339,22.05%,491888,16.43%,776350,25.93%,700773,23.4%,206171,6.89%,88286,2.95%,58854,1.97%,10662,0.36%,16
West Tripura (01),1226578,226351,18.45%,192011,15.65%,323620,26.38%,319291,26.03%,92416,7.53%,41643,3.4%,27325,2.23%,3663,0.3%,16
South Tripura (02),795572,180370,22.67%,121863,15.32%,207697,26.11%,181140,22.77%,59699,7.5%,23822,2.99%,16686,2.1%,4159,0.52%,16
Dhalai (03),343945,105248,30.6%,59868,17.41%,80364,23.37%,66845,19.43%,18779,5.46%,7510,2.18%,4749,1.38%,561,0.16%,16
North Tripura (04),628073,148370,23.62%,118146,18.81%,164669,26.22%,133497,21.26%,35277,5.62%,15311,2.44%,10094,1.61%,2279,0.36%,16
All India,886692406,316795697,35.73%,123835207,13.97%,157572788,17.77%,119909955,13.52%,85021861,9.59%,48018733,5.42%,30589123,3.45%,4744685,0.54%,17
North Eastern Zone Total,39794232,12306406,30.93%,5172458,13%,8214516,20.64%,7733990,19.43%,3314439,8.33%,1906983,4.79%,1003785,2.52%,140202,0.35%,17
State Total,2564624,856566,33.4%,455696,17.77%,533265,20.79%,335842,13.1%,221907,8.65%,93682,3.65%,54133,2.11%,13533,0.53%,17
West Garo Hills (01),561780,202764,36.09%,81280,14.47%,117662,20.94%,79403,14.13%,54892,9.77%,18794,3.35%,4145,0.74%,2840,0.51%,17
East Garo Hills (02),277135,93471,33.73%,47091,16.99%,62135,22.42%,42215,15.23%,24620,8.88%,6255,2.26%,1162,0.42%,186,0.07%,17
South Garo Hills (03),127580,41718,32.7%,23953,18.77%,26852,21.05%,18679,14.64%,11920,9.34%,3216,2.52%,466,0.37%,776,0.61%,17
West Khasi Hills (04),342377,124453,36.35%,74020,21.62%,68490,20%,38201,11.16%,23337,6.82%,9234,2.7%,4337,1.27%,305,0.09%,17
Ribhoi (05),241181,75869,31.46%,54182,22.47%,54798,22.72%,28134,11.67%,17786,7.37%,6450,2.67%,3346,1.39%,616,0.26%,17
East Khasi Hills (06),659939,156737,23.75%,109215,16.55%,145413,22.03%,98498,14.93%,67906,10.29%,40088,6.07%,35703,5.41%,6379,0.97%,17
Jaintia Hills (07),354632,161554,45.56%,65955,18.6%,57915,16.33%,30712,8.66%,21446,6.05%,9645,2.72%,4974,1.4%,2431,0.69%,17
All India,886692406,316795697,35.73%,123835207,13.97%,157572788,17.77%,119909955,13.52%,85021861,9.59%,48018733,5.42%,30589123,3.45%,4744685,0.54%,18
North Eastern Zone Total,39794232,12306406,30.93%,5172458,13%,8214516,20.64%,7733990,19.43%,3314439,8.33%,1906983,4.79%,1003785,2.52%,140202,0.35%,18
State Total,28451916,9121669,32.06%,3526778,12.4%,5806186,20.41%,5619213,19.75%,2284315,8.03%,1368341,4.81%,629040,2.21%,95800,0.34%,18
Kokrajhar (01),876748,335840,38.31%,113355,12.93%,160620,18.32%,145366,16.58%,72065,8.22%,34784,3.97%,12744,1.45%,1974,0.23%,18
Dhubri (02),1842600,963795,52.31%,239290,12.99%,271424,14.73%,211102,11.46%,81530,4.42%,50004,2.71%,22869,1.24%,2586,0.14%,18
Goalpara (03),964963,360993,37.41%,119087,12.34%,202251,20.96%,166457,17.25%,66069,6.85%,33468,3.47%,13508,1.4%,2567,0.27%,18
Barpeta (04),1626957,648450,39.86%,201107,12.36%,287724,17.68%,268298,16.49%,106974,6.58%,73179,4.5%,35012,2.15%,6211,0.38%,18
Morigaon (05),958634,347274,36.23%,128501,13.4%,191549,19.98%,172343,17.98%,63916,6.67%,37074,3.87%,15838,1.65%,2138,0.22%,18
Nagaon (06),2613848,838379,32.07%,372025,14.23%,591473,22.63%,504133,19.29%,166812,6.38%,89789,3.44%,43513,1.66%,7723,0.3%,18
Sonitpur (07),1803346,613750,34.03%,209712,11.63%,395781,21.95%,345089,19.14%,123954,6.87%,74641,4.14%,35550,1.97%,4869,0.27%,18
Lakhimpur (08),982909,262355,26.69%,119793,12.19%,195643,19.9%,198643,20.21%,96386,9.81%,72359,7.36%,34406,3.5%,3324,0.34%,18
Dhemaji (09),681291,189573,27.83%,76489,11.23%,132612,19.46%,128643,18.88%,76023,11.16%,51346,7.54%,24295,3.57%,2310,0.34%,18
Tinsukia (10),1146428,390229,34.04%,139157,12.14%,235300,20.52%,226655,19.77%,84757,7.39%,43253,3.77%,21759,1.9%,5318,0.46%,18
Dibrugarh (11),1166781,320651,27.48%,131291,11.25%,221027,18.94%,263149,22.55%,116408,9.98%,71098,6.09%,39075,3.35%,4082,0.35%,18
Sivasagar (12),1063934,235195,22.11%,109237,10.27%,194660,18.3%,257395,24.19%,141472,13.3%,82405,7.75%,39517,3.71%,4053,0.38%,18
Jorhat (13),989520,197364,19.95%,92656,9.36%,185044,18.7%,266313,26.91%,112605,11.38%,82955,8.38%,46616,4.71%,5967,0.6%,18
Golaghat (14),992972,250545,25.23%,110684,11.15%,209983,21.15%,237376,23.91%,99836,10.05%,55493,5.59%,26418,2.66%,2637,0.27%,18
KarbiAnglong (15),875913,293996,33.56%,100656,11.49%,192528,21.98%,170151,19.43%,75901,8.67%,28914,3.3%,11038,1.26%,2729,0.31%,18
DimaHasao (16),161091,50613,31.42%,17575,10.91%,33087,20.54%,36945,22.93%,16276,10.1%,4864,3.02%,1493,0.93%,238,0.15%,18
Cachar (17),1556300,337124,21.66%,242175,15.56%,419332,26.94%,336002,21.59%,130265,8.37%,58474,3.76%,23306,1.5%,9622,0.62%,18
Karimganj (18),1173109,299506,25.53%,193763,16.52%,322199,27.47%,242295,20.65%,65107,5.55%,30334,2.59%,13571,1.16%,6334,0.54%,18
Hailakandi (19),628228,168525,26.83%,85356,13.59%,170029,27.06%,126595,20.15%,43122,6.86%,23056,3.67%,7809,1.24%,3736,0.59%,18
Bongaigaon (20),663803,250774,37.78%,87776,13.22%,124999,18.83%,115121,17.34%,44880,6.76%,26667,4.02%,12231,1.84%,1355,0.2%,18
Chirang (21),452621,169607,37.47%,60321,13.33%,88974,19.66%,77908,17.21%,34592,7.64%,15386,3.4%,5105,1.13%,728,0.16%,18
Kamrup (22),1504763,389131,25.86%,161639,10.74%,285625,18.98%,344398,22.89%,150451,10%,114994,7.64%,52311,3.48%,6214,0.41%,18
KamrupMetropolitan (23),265192,56530,21.32%,33473,12.62%,54530,20.56%,63958,24.12%,25545,9.63%,18769,7.08%,11134,4.2%,1246,0.47%,18
Nalbari (24),764428,185305,24.24%,73150,9.57%,136805,17.9%,185603,24.28%,78157,10.22%,67702,8.86%,35023,4.58%,2683,0.35%,18
Baksa (25),978995,294784,30.11%,95444,9.75%,195643,19.98%,225635,23.05%,96782,9.89%,53446,5.46%,15422,1.58%,1839,0.19%,18
Darrang (26),909054,370381,40.74%,115160,12.67%,156368,17.2%,149356,16.43%,54681,6.02%,43016,4.73%,18055,1.99%,2037,0.22%,18
Udalguri (27),807488,301000,37.28%,97906,12.12%,150976,18.7%,154284,19.11%,59749,7.4%,30871,3.82%,11422,1.41%,1280,0.16%,18
All India,886692406,316795697,35.73%,123835207,13.97%,157572788,17.77%,119909955,13.52%,85021861,9.59%,48018733,5.42%,30589123,3.45%,4744685,0.54%,19
East Zone Total,233233971,90559817,38.83%,38103502,16.34%,41374578,17.74%,31825480,13.65%,16348595,7.01%,8403367,3.6%,5734233,2.46%,755619,0.32%,19
State Total,70768255,23760612,33.58%,9350688,13.21%,14347935,20.27%,13872724,19.6%,4847199,6.85%,2448743,3.46%,1892823,2.67%,245697,0.35%,19
Darjiling (01),1309512,355977,27.18%,152452,11.64%,278179,21.24%,298466,22.79%,111046,8.48%,63524,4.85%,44640,3.41%,4965,0.38%,19
Jalpaiguri (02),3400984,1137818,33.46%,422527,12.42%,696085,20.47%,706717,20.78%,235994,6.94%,112482,3.31%,76859,2.26%,12500,0.37%,19
KochBihar (03),2670225,848510,31.78%,379629,14.22%,570602,21.37%,551194,20.64%,185319,6.94%,75142,2.81%,54531,2.04%,5128,0.19%,19
UttarDinajpur (04),2724766,1355670,49.75%,366112,13.44%,433378,15.91%,352283,12.93%,127717,4.69%,50933,1.87%,30606,1.12%,7988,0.29%,19
DakshinDinajpur (05),1482142,511257,34.49%,230643,15.56%,290762,19.62%,278345,18.78%,100180,6.76%,38678,2.61%,28999,1.96%,3278,0.22%,19
Maldah (06),3820114,1910757,50.02%,459050,12.02%,580942,15.21%,526852,13.79%,196817,5.15%,79862,2.09%,54984,1.44%,10850,0.28%,19
Murshidabad (07),6801254,2905036,42.71%,790770,11.63%,1320435,19.41%,1090683,16.04%,381768,5.61%,181005,2.66%,114945,1.69%,16612,0.24%,19
Birbhum (08),3221127,1275950,39.61%,392383,12.18%,604552,18.77%,555305,17.24%,208792,6.48%,97350,3.02%,77479,2.41%,9316,0.29%,19
Barddhaman (09),5503907,1752888,31.85%,615297,11.18%,1078442,19.59%,1158333,21.05%,437454,7.95%,235237,4.27%,203924,3.71%,22332,0.41%,19
Nadia (10),4387294,1457302,33.22%,531520,12.11%,922154,21.02%,854159,19.47%,314707,7.17%,168159,3.83%,127514,2.91%,11779,0.27%,19
NorthTwentyFourParganas (11),5026419,1376513,27.39%,763208,15.18%,1127176,22.43%,1051045,20.91%,356926,7.1%,178064,3.54%,153561,3.06%,19922,0.4%,19
Hugli (12),3996736,980102,24.52%,557496,13.95%,912985,22.84%,839933,21.02%,321946,8.06%,191629,4.79%,174238,4.36%,18343,0.46%,19
Bankura (13),3423296,1372597,40.1%,431353,12.6%,508676,14.86%,634156,18.52%,233613,6.82%,124675,3.64%,104885,3.06%,12568,0.37%,19
Puruliya (14),2780989,1236708,44.47%,288105,10.36%,455636,16.38%,494844,17.79%,159661,5.74%,79522,2.86%,59528,2.14%,6985,0.25%,19
Haora (15),3243000,722577,22.28%,416756,12.85%,808197,24.92%,762404,23.51%,252582,7.79%,147101,4.54%,121230,3.74%,12153,0.37%,19
SouthTwentyFourParganas (17),6877633,2023723,29.42%,1036880,15.08%,1588355,23.09%,1371541,19.94%,425779,6.19%,221857,3.23%,185348,2.69%,24116,0.35%,19
PaschimMedinipur (18),5335598,1584505,29.7%,784251,14.7%,1034380,19.39%,1160277,21.75%,401424,7.52%,205847,3.86%,139985,2.62%,24487,0.46%,19
PurbaMedinipur (19),4763259,952722,20%,732256,15.37%,1136999,23.87%,1186187,24.9%,395474,8.3%,197676,4.15%,139567,2.93%,22375,0.47%,19
All India,886692406,316795697,35.73%,123835207,13.97%,157572788,17.77%,119909955,13.52%,85021861,9.59%,48018733,5.42%,30589123,3.45%,4744685,0.54%,20
East Zone Total,233233971,90559817,38.83%,38103502,16.34%,41374578,17.74%,31825480,13.65%,16348595,7.01%,8403367,3.6%,5734233,2.46%,755619,0.32%,20
State Total,27397111,10764670,39.29%,4269951,15.59%,5053533,18.45%,3565212,13.01%,1998765,7.3%,1062210,3.88%,583523,2.13%,64336,0.23%,20
Garhwa (01),1213170,538779,44.41%,198694,16.38%,188695,15.55%,139416,11.49%,80768,6.66%,41816,3.45%,22715,1.87%,2272,0.19%,20
Chatra (02),1008273,456205,45.25%,194634,19.3%,152981,15.17%,94139,9.34%,58579,5.81%,31954,3.17%,18102,1.8%,1679,0.17%,20
Kodarma (03),628340,268747,42.77%,115843,18.44%,112777,17.95%,63581,10.12%,38860,6.18%,17535,2.79%,9765,1.55%,1231,0.2%,20
Giridih (04),2428364,1021706,42.07%,489035,20.14%,426095,17.55%,245725,10.12%,132421,5.45%,66683,2.75%,39928,1.64%,6765,0.28%,20
Deoghar (05),1266562,586685,46.32%,193402,15.27%,224175,17.7%,149800,11.83%,63434,5.01%,30725,2.43%,16144,1.27%,2196,0.17%,20
Godda (06),1302084,646153,49.62%,212762,16.34%,182924,14.05%,119417,9.17%,72516,5.57%,41386,3.18%,24150,1.85%,2771,0.21%,20
Sahibganj (07),1092746,605868,55.44%,133717,12.24%,153412,14.04%,92357,8.45%,39816,3.64%,20691,1.89%,11701,1.07%,1091,0.1%,20
Pakur (08),874527,534954,61.17%,95058,10.87%,127398,14.57%,72328,8.27%,25203,2.88%,12257,1.4%,6476,0.74%,853,0.1%,20
Dhanbad (09),1422259,449412,31.6%,188546,13.26%,267081,18.78%,229996,16.17%,143857,10.11%,86307,6.07%,50707,3.57%,6343,0.45%,20
Bokaro (10),1482500,506604,34.17%,188902,12.74%,250269,16.88%,243145,16.4%,150721,10.17%,87826,5.92%,47814,3.23%,7213,0.49%,20
Lohardaga (11),439362,177559,40.41%,73015,16.62%,76800,17.48%,57352,13.05%,31284,7.12%,15766,3.59%,7169,1.63%,417,0.09%,20
Purbi Singhbhum (12),1274198,392618,30.81%,141342,11.09%,236947,18.6%,231390,18.16%,152462,11.97%,71963,5.65%,42486,3.33%,4436,0.35%,20
Palamu (13),1824645,772843,42.36%,280649,15.38%,273978,15.02%,211695,11.6%,144252,7.91%,87987,4.82%,48457,2.66%,4765,0.26%,20
Latehar (14),728402,340500,46.75%,107107,14.7%,117884,16.18%,85260,11.71%,43310,5.95%,21992,3.02%,11483,1.58%,864,0.12%,20
Hazaribagh (15),1663488,591441,35.55%,242274,14.56%,303820,18.26%,234394,14.09%,152922,9.19%,83575,5.02%,51198,3.08%,3863,0.23%,20
Ramgarh (16),827788,272878,32.96%,108282,13.08%,128472,15.52%,121692,14.7%,90714,10.96%,62615,7.56%,38928,4.7%,4200,0.51%,20
Dumka (17),1281700,586852,45.79%,223148,17.41%,219549,17.13%,139242,10.86%,61571,4.8%,31951,2.49%,17454,1.36%,1933,0.15%,20
Jamtara (18),731070,352940,48.28%,124428,17.02%,121522,16.62%,74036,10.13%,32351,4.43%,16518,2.26%,8200,1.12%,1060,0.14%,20
Ranchi (19),1815499,502562,27.68%,296959,16.36%,401023,22.09%,288659,15.9%,178609,9.84%,91050,5.02%,50909,2.8%,5725,0.32%,20
Khunti (20),469505,170434,36.3%,61422,13.08%,85541,18.22%,84064,17.9%,43661,9.3%,17166,3.66%,6903,1.47%,314,0.07%,20
Gumla (21),996273,314676,31.59%,133000,13.35%,236929,23.78%,175319,17.6%,75936,7.62%,40411,4.06%,17932,1.8%,2051,0.21%,20
Simdega (22),548744,181584,33.09%,77348,14.1%,123581,22.52%,92588,16.87%,42479,7.74%,20951,3.82%,9417,1.72%,795,0.14%,20
Pashchimi Singhbhum (23),1260392,270031,21.42%,270543,21.46%,423303,33.59%,184194,14.61%,71181,5.65%,31609,2.51%,9061,0.72%,438,0.03%,20
Saraikela-Kharsawan (24),817220,222639,27.24%,119841,14.66%,218377,26.72%,135423,16.57%,71858,8.79%,31476,3.85%,16424,2.01%,1061,0.13%,20
All India,886692406,316795697,35.73%,123835207,13.97%,157572788,17.77%,119909955,13.52%,85021861,9.59%,48018733,5.42%,30589123,3.45%,4744685,0.54%,21
East Zone Total,233233971,90559817,38.83%,38103502,16.34%,41374578,17.74%,31825480,13.65%,16348595,7.01%,8403367,3.6%,5734233,2.46%,755619,0.32%,21
State Total,36516127,12746144,34.91%,5022564,13.75%,7156846,19.6%,5728251,15.69%,3294733,9.02%,1326003,3.63%,1018363,2.79%,222471,0.61%,21
Bargarh (01),1360971,420552,30.9%,196346,14.43%,290551,21.35%,228152,16.76%,132278,9.72%,50278,3.69%,37160,2.73%,5627,0.41%,21
Jharsuguda (02),358289,101211,28.25%,53323,14.88%,66805,18.65%,66964,18.69%,40864,11.41%,16706,4.66%,9395,2.62%,3021,0.84%,21
Sambalpur (03),733848,230545,31.42%,109625,14.94%,144719,19.72%,126389,17.22%,71892,9.8%,29551,4.03%,17396,2.37%,3731,0.51%,21
Debagarh (04),300516,104510,34.78%,46030,15.32%,54817,18.24%,49699,16.54%,25533,8.5%,11916,3.97%,6896,2.29%,1112,0.37%,21
Sundargarh (05),1470311,543388,36.96%,163019,11.09%,265277,18.04%,239673,16.3%,151800,10.32%,64012,4.35%,32516,2.21%,10544,0.72%,21
Kendujhar (06),1603065,648587,40.46%,197593,12.33%,260357,16.24%,258351,16.12%,132907,8.29%,56212,3.51%,41362,2.58%,7695,0.48%,21
Mayurbhanj (07),2396711,1066876,44.51%,270694,11.29%,369331,15.41%,357943,14.93%,192246,8.02%,77205,3.22%,50549,2.11%,11824,0.49%,21
Baleshwar (08),2152221,585723,27.21%,321134,14.92%,432924,20.12%,379708,17.64%,236896,11.01%,93980,4.37%,83178,3.86%,18678,0.87%,21
Bhadrak (09),1390825,287778,20.69%,191248,13.75%,354731,25.51%,270311,19.44%,159077,11.44%,61207,4.4%,54942,3.95%,11515,0.83%,21
Kendrapara (10),1456682,280567,19.26%,210184,14.43%,341342,23.43%,283014,19.43%,191819,13.17%,70513,4.84%,67447,4.63%,11607,0.8%,21
Jagatsinghapur (11),1102956,192507,17.45%,142095,12.88%,232470,21.08%,231107,20.95%,169568,15.37%,63931,5.8%,60482,5.48%,10782,0.98%,21
Cuttack (12),1958333,413164,21.1%,249249,12.73%,450463,23%,400719,20.46%,230305,11.76%,98659,5.04%,96855,4.95%,18900,0.97%,21
Jajapur (13),1829881,446962,24.43%,252986,13.83%,418563,22.87%,316195,17.28%,213286,11.66%,89749,4.9%,76505,4.18%,15634,0.85%,21
Dhenkanal (14),1103471,323706,29.34%,179298,16.25%,222222,20.14%,177225,16.06%,118908,10.78%,44404,4.02%,30290,2.74%,7386,0.67%,21
Anugul (15),1163561,333250,28.64%,172834,14.85%,249595,21.45%,188984,16.24%,118329,10.17%,50936,4.38%,35747,3.07%,13885,1.19%,21
Nayagarh (16),954794,230437,24.13%,172567,18.07%,223110,23.37%,172067,18.02%,86829,9.09%,35030,3.67%,29835,3.12%,4916,0.51%,21
Khordha (17),1318794,273764,20.76%,195539,14.83%,296710,22.5%,272053,20.63%,143647,10.89%,62494,4.74%,61821,4.69%,12691,0.96%,21
Puri (18),1460650,269997,18.48%,226769,15.53%,364068,24.93%,318798,21.83%,146445,10.03%,66542,4.56%,58962,4.04%,9069,0.62%,21
Ganjam (19),2899341,976332,33.67%,473181,16.32%,674079,23.25%,410872,14.17%,218480,7.54%,77290,2.67%,52705,1.82%,16228,0.56%,21
Gajapati (20),551644,318635,57.76%,61955,11.23%,69666,12.63%,47442,8.6%,31591,5.73%,13689,2.48%,7461,1.35%,1201,0.22%,21
Kandhamal (21),695403,281057,40.42%,104664,15.05%,137348,19.75%,100100,14.39%,43109,6.2%,17518,2.52%,9819,1.41%,1788,0.26%,21
Baudh (22),420960,142855,33.94%,72295,17.17%,94850,22.53%,64013,15.21%,28521,6.78%,10900,2.59%,6216,1.48%,1310,0.31%,21
Subarnapur (23),569438,158550,27.84%,81417,14.3%,131954,23.17%,97910,17.19%,60348,10.6%,22772,4%,13440,2.36%,3033,0.53%,21
Balangir (24),1544922,683504,44.24%,224780,14.55%,272260,17.62%,199699,12.93%,97126,6.29%,40867,2.65%,23125,1.5%,3540,0.23%,21
Nuapada (25),622890,308243,49.49%,62381,10.01%,108295,17.39%,67076,10.77%,47603,7.64%,17461,2.8%,8119,1.3%,3712,0.6%,21
Kalahandi (26),1445616,738539,51.09%,202237,13.99%,210013,14.53%,156034,10.79%,82568,5.71%,33062,2.29%,18461,1.28%,4697,0.32%,21
Rayagada (27),837260,554197,66.19%,77754,9.29%,85401,10.2%,58624,7%,34296,4.1%,14826,1.77%,8998,1.07%,3164,0.38%,21
Nabarangapur (28),1126429,724939,64.36%,112191,9.96%,145824,12.95%,85087,7.55%,38139,3.39%,12585,1.12%,6414,0.57%,1250,0.11%,21
Koraput (29),1127825,726985,64.46%,143471,12.72%,129930,11.52%,65165,5.78%,34735,3.08%,15302,1.36%,9046,0.8%,3191,0.28%,21
Malkangiri (30),558520,378784,67.82%,55705,9.97%,59171,10.59%,38877,6.96%,15588,2.79%,6406,1.15%,3221,0.58%,740,0.13%,21
All India,886692406,316795697,35.73%,123835207,13.97%,157572788,17.77%,119909955,13.52%,85021861,9.59%,48018733,5.42%,30589123,3.45%,4744685,0.54%,22
Central Zone Total,241269206,94529073,39.18%,37449064,15.52%,39677576,16.45%,30025356,12.44%,18657451,7.73%,12330887,5.11%,7793219,3.23%,742811,0.31%,22
State Total,19583938,7745604,39.55%,3225293,16.47%,3249041,16.59%,2675423,13.66%,1260458,6.44%,952508,4.86%,415410,2.12%,60105,0.31%,22
Koriya (01),436856,132850,30.41%,118000,27.01%,80705,18.47%,58438,13.38%,22898,5.24%,15633,3.58%,6757,1.55%,1575,0.36%,22
Surguja (02),2080071,948645,45.61%,340844,16.39%,309449,14.88%,252626,12.15%,109885,5.28%,79619,3.83%,33457,1.61%,5531,0.27%,22
Jashpur (03),802755,313647,39.07%,113981,14.2%,130077,16.2%,119510,14.89%,58463,7.28%,44548,5.55%,20058,2.5%,2471,0.31%,22
Raigarh (04),1237368,408252,32.99%,212155,17.15%,224881,18.17%,178870,14.46%,103021,8.33%,67295,5.44%,37105,3%,5770,0.47%,22
Korba (05),774606,311825,40.26%,128439,16.58%,130368,16.83%,109795,14.17%,43171,5.57%,33236,4.29%,16295,2.1%,1477,0.19%,22
Janjgir - Champa (06),1453043,528966,36.4%,225993,15.55%,209202,14.4%,211145,14.53%,130628,8.99%,104549,7.2%,38217,2.63%,4341,0.3%,22
Bilaspur (07),2035228,822117,40.39%,317403,15.6%,330287,16.23%,266514,13.1%,134508,6.61%,97187,4.78%,57672,2.83%,9506,0.47%,22
Kabeerdham (08),712244,350372,49.19%,114392,16.06%,110566,15.52%,73896,10.38%,31650,4.44%,20800,2.92%,9373,1.32%,1192,0.17%,22
Rajnandgaon (09),1268333,408039,32.17%,231029,18.22%,246655,19.45%,226671,17.87%,78558,6.19%,53939,4.25%,21192,1.67%,2249,0.18%,22
Durg (10),1983534,578247,29.15%,323773,16.32%,394435,19.89%,332771,16.78%,163032,8.22%,134399,6.78%,50123,2.53%,6753,0.34%,22
Raipur (11),2582390,951719,36.85%,451587,17.49%,452158,17.51%,368252,14.26%,167420,6.48%,126603,4.9%,55762,2.16%,8888,0.34%,22
Mahasamund (12),971723,354860,36.52%,165554,17.04%,177267,18.24%,135907,13.99%,66508,6.84%,46200,4.75%,20849,2.15%,4578,0.47%,22
Dhamtari (13),655561,183805,28.04%,123730,18.87%,125847,19.2%,101601,15.5%,53406,8.15%,45411,6.93%,18557,2.83%,3190,0.49%,22
Uttar Bastar Kanker (14),653162,230572,35.3%,127221,19.48%,114939,17.6%,91187,13.96%,39779,6.09%,34956,5.35%,13389,2.05%,1114,0.17%,22
Bastar (15),1201576,683114,56.85%,163048,13.57%,152072,12.66%,114290,9.51%,41616,3.46%,34973,2.91%,11344,0.94%,1119,0.09%,22
Narayanpur (16),112541,72756,64.65%,14965,13.3%,12915,11.48%,6493,5.77%,2518,2.24%,2203,1.96%,666,0.59%,25,0.02%,22
Dakshin Bastar Dantewada (17),404401,311457,77.02%,30328,7.5%,27904,6.9%,16573,4.1%,8228,2.03%,6726,1.66%,2903,0.72%,282,0.07%,22
Bijapur (18),218546,154361,70.63%,22851,10.46%,19314,8.84%,10884,4.98%,5169,2.37%,4231,1.94%,1691,0.77%,44,0.02%,22
All India,886692406,316795697,35.73%,123835207,13.97%,157572788,17.77%,119909955,13.52%,85021861,9.59%,48018733,5.42%,30589123,3.45%,4744685,0.54%,23
Central Zone Total,241269206,94529073,39.18%,37449064,15.52%,39677576,16.45%,30025356,12.44%,18657451,7.73%,12330887,5.11%,7793219,3.23%,742811,0.31%,23
State Total,51674829,22853273,44.23%,8374921,16.21%,7851387,15.19%,5293774,10.24%,3678965,7.12%,2333938,4.52%,1157731,2.24%,128518,0.25%,23
Sheopur (01),573389,355162,61.94%,74804,13.05%,58333,10.17%,32537,5.67%,27677,4.83%,16022,2.79%,8013,1.4%,841,0.15%,23
Morena (02),1458985,588716,40.35%,233171,15.98%,228248,15.64%,176666,12.11%,123318,8.45%,73401,5.03%,31868,2.18%,3597,0.25%,23
Bhind (03),996522,294773,29.58%,159938,16.05%,211889,21.26%,153488,15.4%,95738,9.61%,56657,5.69%,21499,2.16%,2533,0.25%,23
Gwalior (04),741087,327183,44.15%,120674,16.28%,107678,14.53%,78187,10.55%,56436,7.62%,32145,4.34%,15707,2.12%,3056,0.41%,23
Datia (05),602476,213490,35.44%,110983,18.42%,107951,17.92%,70249,11.66%,52699,8.75%,30035,4.99%,15238,2.53%,1831,0.3%,23
Shivpuri (06),1244166,641993,51.6%,223891,18%,175826,14.13%,95871,7.71%,56951,4.58%,32706,2.63%,15297,1.23%,1631,0.13%,23
Tikamgarh (07),1134483,578452,50.99%,175952,15.51%,156463,13.79%,113694,10.02%,56559,4.99%,37119,3.27%,14552,1.28%,1692,0.15%,23
Chhatarpur (08),1336551,669609,50.1%,225728,16.89%,184032,13.77%,117782,8.81%,73904,5.53%,42711,3.2%,20866,1.56%,1919,0.14%,23
Panna (09),866420,396789,45.8%,155602,17.96%,118625,13.69%,83880,9.68%,58173,6.71%,35316,4.08%,16698,1.93%,1324,0.15%,23
Sagar (10),1711280,595538,34.8%,280060,16.37%,341019,19.93%,220718,12.9%,143274,8.37%,78138,4.57%,46330,2.71%,5640,0.33%,23
Damoh (11),1034042,424878,41.09%,172809,16.71%,185034,17.89%,119444,11.55%,69475,6.72%,40717,3.94%,18447,1.78%,2298,0.22%,23
Satna (12),1736518,622052,35.82%,286848,16.52%,274193,15.79%,248896,14.33%,146562,8.44%,99188,5.71%,51484,2.96%,7295,0.42%,23
Rewa (13),1926589,689438,35.79%,299908,15.57%,282494,14.66%,265866,13.8%,169253,8.79%,139871,7.26%,72302,3.75%,7221,0.37%,23
Umaria (14),501500,209632,41.8%,80877,16.13%,82733,16.5%,63737,12.71%,34089,6.8%,18567,3.7%,9590,1.91%,2262,0.45%,23
Neemuch (15),567028,229847,40.54%,106143,18.72%,90962,16.04%,56743,10.01%,39749,7.01%,27320,4.82%,13971,2.46%,2293,0.4%,23
Mandsaur (16),1063509,410058,38.56%,207933,19.55%,178417,16.78%,116536,10.96%,78699,7.4%,47590,4.47%,22067,2.07%,2209,0.21%,23
Ratlam (17),1035089,525906,50.81%,172965,16.71%,135528,13.09%,82823,8%,62869,6.07%,37702,3.64%,16048,1.55%,1248,0.12%,23
Ujjain (18),1120193,499631,44.6%,209947,18.74%,178551,15.94%,93486,8.35%,75183,6.71%,43814,3.91%,16968,1.51%,2613,0.23%,23
Shajapur (19),1170866,473989,40.48%,233582,19.95%,196916,16.82%,109232,9.33%,82755,7.07%,49328,4.21%,23574,2.01%,1490,0.13%,23
Dewas (20),1068520,466989,43.7%,187515,17.55%,167912,15.71%,103604,9.7%,79086,7.4%,46424,4.34%,15936,1.49%,1054,0.1%,23
Dhar (21),1629081,917895,56.34%,215444,13.22%,186553,11.45%,119129,7.31%,90952,5.58%,62905,3.86%,33014,2.03%,3188,0.2%,23
Indore (22),934363,341176,36.51%,147863,15.83%,142092,15.21%,107748,11.53%,89939,9.63%,60960,6.52%,40130,4.29%,4402,0.47%,23
West Nimar (23),1657744,866337,52.26%,256034,15.44%,218373,13.17%,124094,7.49%,89769,5.42%,65021,3.92%,35246,2.13%,2864,0.17%,23
Barwani (24),1146812,770889,67.22%,133970,11.68%,106324,9.27%,54275,4.73%,40940,3.57%,25048,2.18%,14064,1.23%,1290,0.11%,23
Rajgarh (25),1186419,630717,53.16%,200899,16.93%,138100,11.64%,74997,6.32%,70062,5.91%,46021,3.88%,23122,1.95%,2501,0.21%,23
Vidisha (26),1025428,435164,42.44%,199888,19.49%,171165,16.69%,90370,8.81%,70932,6.92%,36024,3.51%,19922,1.94%,1963,0.19%,23
Bhopal (27),413057,166796,40.38%,62975,15.25%,73802,17.87%,53024,12.84%,29850,7.23%,15548,3.76%,9483,2.3%,1578,0.38%,23
Sehore (28),1045995,450113,43.03%,166656,15.93%,149444,14.29%,104537,9.99%,91814,8.78%,54820,5.24%,26286,2.51%,2325,0.22%,23
Raisen (29),1006266,371630,36.93%,199113,19.79%,169542,16.85%,110033,10.93%,86789,8.62%,43856,4.36%,22810,2.27%,2493,0.25%,23
Betul (30),1300417,548069,42.15%,209428,16.1%,195278,15.02%,140977,10.84%,101467,7.8%,66132,5.09%,36800,2.83%,2266,0.17%,23
Harda (31),416236,156394,37.57%,74819,17.98%,70296,16.89%,46485,11.17%,33882,8.14%,20299,4.88%,12576,3.02%,1485,0.36%,23
Hoshangabad (32),819444,286472,34.96%,127423,15.55%,136129,16.61%,101651,12.4%,79133,9.66%,51292,6.26%,33804,4.13%,3540,0.43%,23
Katni (33),1033463,412782,39.94%,167821,16.24%,171529,16.6%,129918,12.57%,79447,7.69%,49751,4.81%,20043,1.94%,2165,0.21%,23
Jabalpur (34),1093392,347389,31.77%,153022,14%,193802,17.72%,160807,14.71%,117694,10.76%,74661,6.83%,41070,3.76%,4933,0.45%,23
Narsimhapur (35),882456,317154,35.94%,139109,15.76%,150475,17.05%,103107,11.68%,85444,9.68%,58092,6.58%,25508,2.89%,3567,0.4%,23
Dindori (36),666048,289781,43.51%,99562,14.95%,109999,16.52%,80372,12.07%,45868,6.89%,27739,4.16%,11331,1.7%,1390,0.21%,23
Mandla (37),902538,358881,39.76%,145973,16.17%,157244,17.42%,103726,11.49%,69439,7.69%,44099,4.89%,20804,2.31%,2369,0.26%,23
Chhindwara (38),1622158,591644,36.47%,241263,14.87%,278089,17.14%,175931,10.85%,158826,9.79%,112840,6.96%,57131,3.52%,6434,0.4%,23
Seoni (39),1213201,437272,36.04%,209829,17.3%,223035,18.38%,135089,11.13%,100383,8.27%,68448,5.64%,34655,2.86%,4285,0.35%,23
Balaghat (40),1522083,457418,30.05%,268834,17.66%,286487,18.82%,214057,14.06%,145407,9.55%,101161,6.65%,45345,2.98%,3374,0.22%,23
Guna (41),912784,497320,54.48%,153540,16.82%,113986,12.49%,58245,6.38%,49329,5.4%,25478,2.79%,12775,1.4%,2109,0.23%,23
Ashoknagar (42),647813,315324,48.68%,126559,19.54%,94965,14.66%,47030,7.26%,36399,5.62%,17328,2.67%,8998,1.39%,1210,0.19%,23
Shahdol (43),875709,382963,43.73%,141891,16.2%,129531,14.79%,104096,11.89%,58246,6.65%,38420,4.39%,18256,2.08%,2303,0.26%,23
Anuppur (44),612029,242699,39.65%,99806,16.31%,98766,16.14%,77126,12.6%,44282,7.24%,29459,4.81%,17754,2.9%,2132,0.35%,23
Sidhi (45),1047217,451798,43.14%,173820,16.6%,156747,14.97%,118435,11.31%,70959,6.78%,50520,4.82%,22602,2.16%,2223,0.21%,23
Singrauli (46),906506,459396,50.68%,164665,18.16%,127021,14.01%,80627,8.89%,38900,4.29%,22204,2.45%,11965,1.32%,1722,0.19%,23
Jhabua (47),999064,753576,75.43%,88779,8.89%,67677,6.77%,32826,3.29%,27439,2.75%,18799,1.88%,8885,0.89%,1000,0.1%,23
Alirajpur (48),765557,645279,84.29%,38369,5.01%,37022,4.84%,17267,2.26%,12708,1.66%,9658,1.26%,4971,0.65%,283,0.04%,23
East Nimar (49),1009446,488971,48.44%,174109,17.25%,160961,15.95%,86907,8.61%,50521,5%,32416,3.21%,14077,1.39%,1475,0.15%,23
Burhanpur (50),492890,247849,50.28%,74128,15.04%,74149,15.04%,37449,7.6%,29696,6.02%,20168,4.09%,7849,1.59%,1602,0.33%,23
All India,886692406,316795697,35.73%,123835207,13.97%,157572788,17.77%,119909955,13.52%,85021861,9.59%,48018733,5.42%,30589123,3.45%,4744685,0.54%,24
West Zone Total,153880989,54036317,35.12%,19947937,12.96%,29365665,19.08%,18048064,11.73%,16899356,10.98%,9299378,6.04%,5388712,3.5%,893395,0.58%,24
State Total,34538246,10712386,31.02%,4490111,13%,9667824,27.99%,3146982,9.11%,3684358,10.67%,1646435,4.77%,938083,2.72%,251898,0.73%,24
Kachchh (01),1269047,484621,38.19%,195726,15.42%,347352,27.37%,93878,7.4%,88461,6.97%,30383,2.39%,20930,1.65%,7696,0.61%,24
Banas Kantha (02),2686589,1127544,41.97%,334485,12.45%,776828,28.92%,134229,5%,181996,6.77%,81410,3.03%,40248,1.5%,9849,0.37%,24
Patan (03),1058791,398799,37.67%,141567,13.37%,304847,28.79%,58702,5.54%,90854,8.58%,37275,3.52%,20346,1.92%,6401,0.6%,24
Mahesana (04),1504281,371288,24.68%,220357,14.65%,383274,25.48%,144717,9.62%,195046,12.97%,98394,6.54%,72395,4.81%,18810,1.25%,24
Sabar Kantha (05),2091063,616743,29.49%,191397,9.15%,536689,25.67%,184878,8.84%,292335,13.98%,171962,8.22%,78149,3.74%,18910,0.9%,24
Gandhinagar (06),905825,183503,20.26%,98303,10.85%,291991,32.23%,95548,10.55%,133857,14.78%,56346,6.22%,40385,4.46%,5892,0.65%,24
Ahmadabad (07),1307282,347120,26.55%,207915,15.9%,434115,33.21%,112221,8.58%,124263,9.51%,42898,3.28%,31882,2.44%,6856,0.52%,24
Surendranagar (08),1220431,400447,32.81%,185235,15.18%,370703,30.37%,106696,8.74%,102003,8.36%,29566,2.42%,18325,1.5%,7456,0.61%,24
Rajkot (09),1682607,442351,26.29%,216516,12.87%,502074,29.84%,188880,11.23%,206932,12.3%,64017,3.8%,50137,2.98%,11700,0.7%,24
Jamnagar (10),1027303,316293,30.79%,163976,15.96%,310426,30.22%,95070,9.25%,92036,8.96%,25341,2.47%,19841,1.93%,4316,0.42%,24
Porbandar (11),292753,91688,31.32%,31096,10.62%,89261,30.49%,30482,10.41%,31429,10.74%,10353,3.54%,6907,2.36%,1537,0.53%,24
Junagadh (12),1707678,487351,28.54%,184079,10.78%,497858,29.15%,183503,10.75%,196589,11.51%,81311,4.76%,63046,3.69%,13935,0.82%,24
Amreli (13),1073080,306190,28.53%,182824,17.04%,326945,30.47%,82052,7.65%,101870,9.49%,42609,3.97%,25626,2.39%,4964,0.46%,24
Bhavnagar (14),1573139,323709,20.58%,283648,18.03%,643648,40.91%,147050,9.35%,119011,7.57%,33026,2.1%,17541,1.12%,5506,0.35%,24
Anand (15),1391831,278150,19.98%,197782,14.21%,437550,31.44%,156077,11.21%,186173,13.38%,78129,5.61%,46044,3.31%,11926,0.86%,24
Kheda (16),1755332,409931,23.35%,238074,13.56%,533625,30.4%,190807,10.87%,230907,13.15%,98834,5.63%,40228,2.29%,12926,0.74%,24
Panch Mahals (17),2060439,725311,35.2%,226747,11%,530139,25.73%,172939,8.39%,234859,11.4%,114900,5.58%,42861,2.08%,12683,0.62%,24
Dohad (18),1913347,1009332,52.75%,199079,10.4%,357195,18.67%,98631,5.15%,133517,6.98%,81344,4.25%,26714,1.4%,7535,0.39%,24
Vadodara (19),2081762,706119,33.92%,254186,12.21%,556062,26.71%,236926,11.38%,198621,9.54%,82626,3.97%,36230,1.74%,10904,0.52%,24
Narmada (20),541435,188275,34.77%,73444,13.56%,139549,25.77%,54164,10%,47537,8.78%,24910,4.6%,10688,1.97%,2868,0.53%,24
Bharuch (21),1038599,234411,22.57%,136521,13.14%,301993,29.08%,123676,11.91%,133878,12.89%,55117,5.31%,42817,4.12%,10153,0.98%,24
The Dangs (22),239074,90739,37.95%,43183,18.06%,59831,25.03%,17564,7.35%,14716,6.16%,7449,3.12%,3430,1.43%,2162,0.9%,24
Navsari (23),959078,221008,23.04%,118259,12.33%,210602,21.96%,107699,11.23%,140445,14.64%,85473,8.91%,55582,5.8%,20010,2.09%,24
Valsad (24),1179202,364652,30.92%,137224,11.64%,246011,20.86%,126038,10.69%,154201,13.08%,88614,7.51%,48002,4.07%,14460,1.23%,24
Surat (25),1234393,306888,24.86%,151187,12.25%,317237,25.7%,136760,11.08%,173927,14.09%,79910,6.47%,53812,4.36%,14671,1.19%,24
Tapi (26),743885,279923,37.63%,77301,10.39%,162019,21.78%,67795,9.11%,78895,10.61%,44238,5.95%,25917,3.48%,7772,1.04%,24
All India,886692406,316795697,35.73%,123835207,13.97%,157572788,17.77%,119909955,13.52%,85021861,9.59%,48018733,5.42%,30589123,3.45%,4744685,0.54%,25
UT Zone Total,6328664,967689,15.29%,552573,8.73%,1170601,18.5%,1203752,19.02%,1079605,17.06%,740566,11.7%,571111,9.02%,42474,0.67%,25
State Total,127453,22281,17.48%,7647,6%,26258,20.6%,30095,23.61%,23651,18.56%,11183,8.77%,5090,3.99%,1248,0.98%,25
DIU (01),22658,7133,31.48%,699,3.09%,4185,18.47%,4369,19.28%,3737,16.49%,1559,6.88%,641,2.83%,335,1.48%,25
DAMAN (02),104795,15148,14.45%,6948,6.63%,22073,21.06%,25726,24.55%,19914,19%,9624,9.18%,4449,4.25%,913,0.87%,25
All India,886692406,316795697,35.73%,123835207,13.97%,157572788,17.77%,119909955,13.52%,85021861,9.59%,48018733,5.42%,30589123,3.45%,4744685,0.54%,26
UT Zone Total,6328664,967689,15.29%,552573,8.73%,1170601,18.5%,1203752,19.02%,1079605,17.06%,740566,11.7%,571111,9.02%,42474,0.67%,26
State Total,214842,77965,36.29%,19340,9%,52239,24.32%,21898,10.19%,23441,10.91%,11741,5.46%,6507,3.03%,1711,0.8%,26
DADRA & NAGAR HAVELI (01),214842,77965,36.29%,19340,9%,52239,24.32%,21898,10.19%,23441,10.91%,11741,5.46%,6507,3.03%,1711,0.8%,26
All India,886692406,316795697,35.73%,123835207,13.97%,157572788,17.77%,119909955,13.52%,85021861,9.59%,48018733,5.42%,30589123,3.45%,4744685,0.54%,27
West Zone Total,153880989,54036317,35.12%,19947937,12.96%,29365665,19.08%,18048064,11.73%,16899356,10.98%,9299378,6.04%,5388712,3.5%,893395,0.58%,27
State Total,63985959,17288613,27.02%,7412721,11.58%,12049862,18.83%,8896333,13.9%,9709849,15.17%,5471767,8.55%,2755853,4.31%,398986,0.62%,27
Nandurbar (01),1429154,743824,52.05%,149909,10.49%,184909,12.94%,98271,6.88%,124376,8.7%,86228,6.03%,34684,2.43%,6915,0.48%,27
Dhule (02),1544808,578086,37.42%,164228,10.63%,246621,15.96%,141452,9.16%,214649,13.89%,128683,8.33%,62425,4.04%,8632,0.56%,27
Jalgaon (03),2906225,821448,28.27%,369945,12.73%,553066,19.03%,376727,12.96%,423383,14.57%,244587,8.42%,101893,3.51%,15040,0.52%,27
Buldana (04),2057164,519934,25.27%,270081,13.13%,369847,17.98%,324057,15.75%,319195,15.52%,174245,8.47%,65098,3.16%,14527,0.71%,27
Akola (05),1208685,260287,21.53%,168196,13.92%,220441,18.24%,181621,15.03%,193026,15.97%,134685,11.14%,43962,3.64%,6393,0.53%,27
Washim (06),991185,255758,25.8%,143252,14.45%,200544,20.23%,130597,13.18%,131428,13.26%,94156,9.5%,30418,3.07%,4995,0.5%,27
Amravati (07),1894550,371886,19.63%,245352,12.95%,327949,17.31%,310639,16.4%,338537,17.87%,216444,11.42%,75454,3.98%,8145,0.43%,27
Wardha (08),933287,171994,18.43%,113756,12.19%,148937,15.96%,154524,16.56%,171613,18.39%,114131,12.23%,54288,5.82%,4042,0.43%,27
Nagpur (09),1824347,352108,19.3%,173727,9.52%,318432,17.45%,365275,20.02%,311195,17.06%,197812,10.84%,90752,4.97%,15046,0.82%,27
Bhandara (10),1031342,216787,21.02%,106604,10.34%,168727,16.36%,180873,17.54%,177911,17.25%,126920,12.31%,46932,4.55%,6584,0.64%,27
Gondiya (11),1166705,238321,20.43%,129005,11.06%,217551,18.65%,208548,17.87%,197330,16.91%,132941,11.39%,36412,3.12%,6572,0.56%,27
Gadchiroli (12),952976,348201,36.54%,102433,10.75%,136581,14.33%,127473,13.38%,126418,13.27%,83008,8.71%,25289,2.65%,3559,0.37%,27
Chandrapur (13),1571187,429579,27.34%,194545,12.38%,244875,15.59%,248540,15.82%,242645,15.44%,149275,9.5%,54079,3.44%,7647,0.49%,27
Yavatmal (14),2375459,643353,27.08%,343748,14.47%,483782,20.37%,314135,13.22%,310952,13.09%,191008,8.04%,74506,3.14%,13519,0.57%,27
Nanded (15),2379996,715177,30.05%,344954,14.49%,518280,21.78%,262380,11.02%,291621,12.25%,168878,7.1%,66550,2.8%,12128,0.51%,27
Hingoli (16),991151,294933,29.76%,157825,15.92%,232268,23.43%,107604,10.86%,111939,11.29%,58595,5.91%,23735,2.39%,4028,0.41%,27
Parbhani (17),1287927,426259,33.1%,181111,14.06%,292402,22.7%,137836,10.7%,146138,11.35%,69689,5.41%,29935,2.32%,4540,0.35%,27
Jalna (18),1547352,478810,30.94%,233318,15.08%,356892,23.06%,174238,11.26%,173994,11.24%,89965,5.81%,35597,2.3%,4535,0.29%,27
Aurangabad (19),2220599,614708,27.68%,282045,12.7%,481951,21.7%,260942,11.75%,326946,14.72%,171582,7.73%,74136,3.34%,8241,0.37%,27
Nashik (20),3643236,1165718,32%,396350,10.88%,697132,19.13%,492501,13.52%,475624,13.05%,261919,7.19%,124511,3.42%,29452,0.81%,27
Thane (21),2927224,975960,33.34%,328510,11.22%,541884,18.51%,367772,12.56%,396056,13.53%,185239,6.33%,115245,3.94%,16311,0.56%,27
Raigarh (24),1983020,444050,22.39%,207406,10.46%,357551,18.03%,291070,14.68%,360869,18.2%,172372,8.69%,136072,6.86%,13629,0.69%,27
Pune (25),3606157,791215,21.94%,310901,8.62%,642484,17.82%,666827,18.49%,608418,16.87%,333965,9.26%,214987,5.96%,37338,1.04%,27
Ahmadnagar (26),3740254,944200,25.24%,423728,11.33%,717956,19.2%,484649,12.96%,610923,16.33%,326262,8.72%,208750,5.58%,23687,0.63%,27
Bid (27),2111335,741379,35.11%,262576,12.44%,363099,17.2%,232102,10.99%,255223,12.09%,165880,7.86%,83769,3.97%,7271,0.34%,27
Latur (28),1823941,490657,26.9%,216539,11.87%,332295,18.22%,233891,12.82%,289623,15.88%,166576,9.13%,82001,4.5%,12347,0.68%,27
Osmanabad (29),1369210,389027,28.41%,159490,11.65%,253480,18.51%,169541,12.38%,214778,15.69%,111874,8.17%,64479,4.71%,6519,0.48%,27
Solapur (30),2910881,804802,27.65%,307129,10.55%,610587,20.98%,375776,12.91%,455630,15.65%,217624,7.48%,121210,4.16%,18103,0.62%,27
Satara (31),2536536,504812,19.9%,261576,10.31%,447743,17.65%,367128,14.47%,492116,19.4%,262040,10.33%,187596,7.4%,13515,0.53%,27
Ratnagiri (32),1419489,304194,21.43%,153662,10.83%,352708,24.85%,245735,17.31%,214864,15.14%,92248,6.5%,44278,3.12%,11790,0.83%,27
Sindhudurg (33),760734,116426,15.3%,81481,10.71%,154519,20.31%,127197,16.72%,160286,21.07%,79820,10.49%,38048,5%,2956,0.39%,27
Kolhapur (34),2766612,652923,23.6%,257365,9.3%,478594,17.3%,380727,13.76%,505948,18.29%,282482,10.21%,180004,6.51%,28568,1.03%,27
Sangli (35),2073231,481797,23.24%,171974,8.29%,395775,19.09%,355685,17.16%,336195,16.22%,180634,8.71%,128758,6.21%,22412,1.08%,27
All India,886692406,316795697,35.73%,123835207,13.97%,157572788,17.77%,119909955,13.52%,85021861,9.59%,48018733,5.42%,30589123,3.45%,4744685,0.54%,28
South Zone Total,164522575,48732413,29.62%,17632797,10.72%,30129243,18.31%,24403832,14.83%,22089112,13.43%,11353019,6.9%,8330064,5.06%,1844813,1.12%,28
State Total,36065455,13668748,37.9%,5308273,14.72%,6169888,17.11%,4774506,13.24%,3075664,8.53%,1607883,4.46%,1235540,3.43%,224233,0.62%,28
Srikakulam (11),2230676,941309,42.2%,265275,11.89%,309661,13.88%,278057,12.47%,211420,9.48%,120961,5.42%,87245,3.91%,16726,0.75%,28
Vizianagaram (12),1921614,942148,49.03%,217587,11.32%,249367,12.98%,207675,10.81%,139811,7.28%,85959,4.47%,63084,3.28%,15965,0.83%,28
Visakhapatnam (13),2379806,1136908,47.77%,266826,11.21%,313657,13.18%,267815,11.25%,207146,8.7%,100949,4.24%,69437,2.92%,17068,0.72%,28
EastGodavari (14),4140064,1343816,32.46%,591288,14.28%,785178,18.97%,640702,15.48%,391814,9.46%,197054,4.76%,159558,3.85%,30640,0.74%,28
WestGodavari (15),3140184,911693,29.03%,527722,16.81%,602717,19.19%,473344,15.07%,316060,10.07%,158275,5.04%,128758,4.1%,21582,0.69%,28
Krishna (16),3050229,1052415,34.5%,474201,15.55%,468447,15.36%,398266,13.06%,307273,10.07%,175428,5.75%,144736,4.75%,29382,0.96%,28
Guntur (17),3224227,1184910,36.75%,560552,17.39%,589588,18.29%,409017,12.69%,239577,7.43%,124791,3.87%,100304,3.11%,15487,0.48%,28
Prakasam (18),2759464,1142863,41.42%,452970,16.42%,435619,15.79%,309250,11.21%,200448,7.26%,109657,3.97%,92537,3.35%,16108,0.58%,28
SriPottiSriramuluNellore (19),2197217,835172,38.01%,367359,16.72%,350989,15.97%,261347,11.89%,179347,8.16%,100922,4.59%,85204,3.88%,16876,0.77%,28
YSR (20),2011408,720885,35.84%,327041,16.26%,380527,18.92%,285640,14.2%,158372,7.87%,81310,4.04%,50384,2.5%,7243,0.36%,28
Kurnool (21),2870526,1311834,45.7%,432577,15.07%,506584,17.65%,301147,10.49%,164305,5.72%,83762,2.92%,60673,2.11%,9195,0.32%,28
Anantapur (22),2927491,1137018,38.84%,383784,13.11%,572096,19.54%,453669,15.5%,218551,7.47%,93515,3.19%,59063,2.02%,9772,0.33%,28
Chittoor (23),3212549,1007777,31.37%,441091,13.73%,605458,18.85%,488577,15.21%,341540,10.63%,175300,5.46%,134557,4.19%,18189,0.57%,28
All India,886692406,316795697,35.73%,123835207,13.97%,157572788,17.77%,119909955,13.52%,85021861,9.59%,48018733,5.42%,30589123,3.45%,4744685,0.54%,29
South Zone Total,164522575,48732413,29.62%,17632797,10.72%,30129243,18.31%,24403832,14.83%,22089112,13.43%,11353019,6.9%,8330064,5.06%,1844813,1.12%,29
State Total,38183242,12041709,31.54%,4336902,11.36%,8460215,22.16%,4556956,11.93%,4688189,12.28%,2384924,6.25%,1377125,3.61%,337205,0.88%,29
Belgaum (01),3617463,1171918,32.4%,446845,12.35%,852278,23.56%,454585,12.57%,372825,10.31%,190923,5.28%,98393,2.72%,29696,0.82%,29
Bagalkot (02),1248313,475577,38.1%,179570,14.39%,272627,21.84%,100496,8.05%,104588,8.38%,68306,5.47%,34412,2.76%,12737,1.02%,29
Bijapur (03),1577546,647137,41.02%,199385,12.64%,341757,21.66%,109621,6.95%,127890,8.11%,86490,5.48%,49881,3.16%,15385,0.98%,29
Bidar (04),1297140,419789,32.36%,153160,11.81%,362252,27.93%,140757,10.85%,123892,9.55%,62960,4.85%,28168,2.17%,6151,0.47%,29
Raichur (05),1342752,653873,48.7%,117325,8.74%,291765,21.73%,103902,7.74%,95915,7.14%,47397,3.53%,24451,1.82%,8124,0.61%,29
Koppal (06),1203817,416148,34.57%,198515,16.49%,301078,25.01%,105837,8.79%,89556,7.44%,55701,4.63%,29724,2.47%,7258,0.6%,29
Gadag (07),673929,221456,32.86%,88450,13.12%,171168,25.4%,70949,10.53%,61782,9.17%,36278,5.38%,16926,2.51%,6920,1.03%,29
Dharwad (08),801988,245837,30.65%,137074,17.09%,185539,23.13%,68199,8.5%,85947,10.72%,48659,6.07%,22420,2.8%,8313,1.04%,29
Uttara Kannada (09),1092469,228281,20.9%,164827,15.09%,267983,24.53%,139515,12.77%,151192,13.84%,73782,6.75%,54728,5.01%,12161,1.11%,29
Haveri (10),1250738,316424,25.3%,202078,16.16%,353973,28.3%,161796,12.94%,116619,9.32%,58338,4.66%,30850,2.47%,10660,0.85%,29
Bellary (11),1491709,582728,39.06%,202978,13.61%,354831,23.79%,119557,8.01%,115789,7.76%,64976,4.36%,35644,2.39%,15206,1.02%,29
Chitradurga (12),1344863,406136,30.2%,163864,12.18%,278212,20.69%,158597,11.79%,173959,12.94%,100846,7.5%,46792,3.48%,16457,1.22%,29
Davanagere (13),1340078,360623,26.91%,173567,12.95%,319381,23.83%,138401,10.33%,177106,13.22%,96188,7.18%,55170,4.12%,19642,1.47%,29
Shimoga (14),1141106,265712,23.29%,142850,12.52%,265371,23.26%,188432,16.51%,154600,13.55%,71815,6.29%,45850,4.02%,6476,0.57%,29
Udupi (15),1040189,183170,17.61%,124191,11.94%,252260,24.25%,151706,14.58%,148522,14.28%,90011,8.65%,77683,7.47%,12646,1.22%,29
CHIKMAGALUR (16),879498,175178,19.92%,96329,10.95%,215538,24.51%,126521,14.39%,139371,15.85%,72486,8.24%,45343,5.16%,8732,0.99%,29
Tumkur (17),2104985,601566,28.58%,221853,10.54%,397573,18.89%,306277,14.55%,329702,15.66%,152302,7.24%,77362,3.68%,18350,0.87%,29
Bangalore (18),1107019,207591,18.75%,76654,6.92%,204059,18.43%,205033,18.52%,227869,20.58%,104024,9.4%,69607,6.29%,12182,1.1%,29
Mandya (19),1500341,455807,30.38%,125488,8.36%,262543,17.5%,189503,12.63%,256243,17.08%,126048,8.4%,69933,4.66%,14776,0.98%,29
Hassan (20),1429639,359364,25.14%,155769,10.9%,296418,20.73%,190847,13.35%,232678,16.28%,113038,7.91%,62410,4.37%,19115,1.34%,29
Dakshina Kannada (21),1376139,226427,16.45%,145438,10.57%,389377,28.29%,206749,15.02%,199666,14.51%,107039,7.78%,85017,6.18%,16426,1.19%,29
Kodagu (22),456475,84187,18.44%,47086,10.32%,100357,21.99%,66106,14.48%,73564,16.12%,45664,10%,32633,7.15%,6878,1.51%,29
Mysore (23),1823931,611846,33.55%,145029,7.95%,357882,19.62%,248309,13.61%,269328,14.77%,113611,6.23%,67309,3.69%,10617,0.58%,29
Chamarajanagar (24),862383,360910,41.85%,68266,7.92%,170531,19.77%,105795,12.27%,86860,10.07%,41991,4.87%,21361,2.48%,6669,0.77%,29
Gulbarga(Kalaburagi) (25),1712128,735331,42.95%,131729,7.69%,387461,22.63%,148978,8.7%,174044,10.17%,83023,4.85%,44234,2.58%,7323,0.43%,29
Yadgir (26),910097,512587,56.32%,79884,8.78%,163083,17.92%,57568,6.33%,53249,5.85%,25301,2.78%,16025,1.76%,2399,0.26%,29
Kolar (27),1075920,332097,30.87%,112803,10.48%,210046,19.52%,155438,14.45%,147172,13.68%,69323,6.44%,40491,3.76%,8550,0.79%,29
Chikkaballapura (28),982208,336281,34.24%,80987,8.25%,166557,16.96%,150711,15.34%,148533,15.12%,60491,6.16%,34070,3.47%,4578,0.47%,29
Bangalore Rural (29),698513,169549,24.27%,78852,11.29%,128112,18.34%,97973,14.03%,127004,18.18%,59798,8.56%,30503,4.37%,6722,0.96%,29
Ramanagara (30),799866,278179,34.78%,76056,9.51%,140203,17.53%,88798,11.1%,122724,15.34%,58115,7.27%,29735,3.72%,6056,0.76%,29
All India,886692406,316795697,35.73%,123835207,13.97%,157572788,17.77%,119909955,13.52%,85021861,9.59%,48018733,5.42%,30589123,3.45%,4744685,0.54%,30
West Zone Total,153880989,54036317,35.12%,19947937,12.96%,29365665,19.08%,18048064,11.73%,16899356,10.98%,9299378,6.04%,5388712,3.5%,893395,0.58%,30
State Total,944365,145629,15.42%,54680,5.79%,130759,13.85%,203850,21.59%,194475,20.59%,109895,11.64%,89519,9.48%,15558,1.65%,30
NorthGoa (01),603169,86261,14.3%,35003,5.8%,85046,14.1%,125493,20.81%,128264,21.27%,70620,11.71%,61467,10.19%,11015,1.83%,30
SouthGoa (02),341196,59368,17.4%,19677,5.77%,45713,13.4%,78357,22.97%,66211,19.41%,39275,11.51%,28052,8.22%,4543,1.33%,30
All India,886692406,316795697,35.73%,123835207,13.97%,157572788,17.77%,119909955,13.52%,85021861,9.59%,48018733,5.42%,30589123,3.45%,4744685,0.54%,31
UT Zone Total,6328664,967689,15.29%,552573,8.73%,1170601,18.5%,1203752,19.02%,1079605,17.06%,740566,11.7%,571111,9.02%,42474,0.67%,31
State Total,64010,5953,9.3%,5641,8.81%,13391,20.92%,13836,21.62%,13997,21.87%,6642,10.38%,3491,5.45%,1059,1.65%,31
Lakshadweep (01),64010,5953,9.3%,5641,8.81%,13391,20.92%,13836,21.62%,13997,21.87%,6642,10.38%,3491,5.45%,1059,1.65%,31
All India,886692406,316795697,35.73%,123835207,13.97%,157572788,17.77%,119909955,13.52%,85021861,9.59%,48018733,5.42%,30589123,3.45%,4744685,0.54%,32
South Zone Total,164522575,48732413,29.62%,17632797,10.72%,30129243,18.31%,24403832,14.83%,22089112,13.43%,11353019,6.9%,8330064,5.06%,1844813,1.12%,32
State Total,27232419,3099591,11.38%,2150300,7.9%,4601845,16.9%,5373133,19.73%,6269183,23.02%,3099132,11.38%,2114172,7.76%,524867,1.93%,32
Kasaragod (01),1121976,190155,16.95%,102421,9.13%,239047,21.31%,200630,17.88%,207093,18.46%,106134,9.46%,62152,5.54%,14344,1.28%,32
Kannur (02),2205405,239326,10.85%,180838,8.2%,423106,19.18%,425673,19.3%,462533,20.97%,264348,11.99%,176090,7.98%,33487,1.52%,32
Wayanad (03),778980,126931,16.29%,62884,8.07%,140223,18%,131750,16.91%,177508,22.79%,83761,10.75%,47885,6.15%,8038,1.03%,32
Kozhikode (04),2357455,266738,11.31%,200344,8.5%,450421,19.11%,495980,21.04%,476879,20.23%,267483,11.35%,161996,6.87%,37514,1.59%,32
Malappuram (05),3738678,558852,14.95%,372503,9.96%,690852,18.48%,731072,19.55%,830505,22.21%,347964,9.31%,171614,4.59%,35293,0.94%,32
Palakkad (06),2558064,412790,16.14%,231059,9.03%,456954,17.86%,556594,21.76%,515029,20.13%,207685,8.12%,147350,5.76%,30603,1.2%,32
Thrissur (07),2451703,251821,10.27%,184551,7.53%,364826,14.88%,422576,17.24%,656605,26.78%,282668,11.53%,234324,9.56%,54331,2.22%,32
Ernakulam (08),2142966,194007,9.05%,157590,7.35%,329571,15.38%,398419,18.59%,488495,22.8%,266923,12.46%,230296,10.75%,77665,3.62%,32
Idukki (09),1035037,121710,11.76%,76857,7.43%,159322,15.39%,201094,19.43%,251592,24.31%,129532,12.51%,76853,7.43%,18054,1.74%,32
Kottayam (10),1711733,119380,6.97%,106731,6.24%,246507,14.4%,335330,19.59%,427010,24.95%,249635,14.58%,183913,10.74%,43217,2.52%,32
Alappuzha (11),1830813,138790,7.58%,116178,6.35%,290500,15.87%,356535,19.47%,489605,26.74%,232758,12.71%,157770,8.62%,48669,2.66%,32
Pathanamthitta (12),1066345,62624,5.87%,58412,5.48%,134077,12.57%,182748,17.14%,339641,31.85%,155633,14.59%,104649,9.81%,28556,2.68%,32
Kollam (13),2117451,189978,8.97%,144946,6.85%,337621,15.94%,467636,22.08%,493882,23.32%,254946,12.04%,177316,8.37%,51122,2.41%,32
Thiruvananthapuram (14),2115813,226489,10.7%,154986,7.33%,338818,16.01%,467096,22.08%,452806,21.4%,249662,11.8%,181964,8.6%,43974,2.08%,32
All India,886692406,316795697,35.73%,123835207,13.97%,157572788,17.77%,119909955,13.52%,85021861,9.59%,48018733,5.42%,30589123,3.45%,4744685,0.54%,33
South Zone Total,164522575,48732413,29.62%,17632797,10.72%,30129243,18.31%,24403832,14.83%,22089112,13.43%,11353019,6.9%,8330064,5.06%,1844813,1.12%,33
State Total,39644183,10461562,26.39%,3330208,8.4%,7470404,18.84%,6693655,16.88%,5586909,14.09%,2848172,7.18%,2618641,6.61%,631390,1.59%,33
Thiruvallur (01),1444175,380148,26.32%,93748,6.49%,220131,15.24%,261115,18.08%,250659,17.36%,108998,7.55%,104127,7.21%,25191,1.74%,33
Kancheepuram (03),1712393,432369,25.25%,95063,5.55%,287250,16.77%,303377,17.72%,294601,17.2%,132207,7.72%,139183,8.13%,28329,1.65%,33
Vellore (04),2488406,665324,26.74%,124625,5.01%,471472,18.95%,457366,18.38%,403727,16.22%,187356,7.53%,138410,5.56%,39988,1.61%,33
Tiruvannamalai (05),2060295,595621,28.91%,175509,8.52%,377369,18.32%,353407,17.15%,284207,13.79%,138184,6.71%,108092,5.25%,27377,1.33%,33
Viluppuram (06),2948961,910772,30.88%,176981,6%,566537,19.21%,466146,15.81%,427234,14.49%,202244,6.86%,167104,5.67%,31840,1.08%,33
Salem (07),1916373,654759,34.17%,118466,6.18%,340443,17.76%,288836,15.07%,241808,12.62%,121796,6.36%,118677,6.19%,31588,1.65%,33
Namakkal (08),1000223,287702,28.76%,72093,7.21%,184812,18.48%,150479,15.04%,126745,12.67%,75733,7.57%,90974,9.1%,11680,1.17%,33
Erode (09),1085336,380102,35.02%,89645,8.26%,184157,16.97%,151751,13.98%,118914,10.96%,67984,6.26%,78780,7.26%,14003,1.29%,33
The Nilgiris (10),306278,62657,20.46%,20588,6.72%,55594,18.15%,54305,17.73%,53101,17.34%,32005,10.45%,24024,7.84%,3999,1.31%,33
Dindigul (11),1420560,355521,25.03%,160989,11.33%,274058,19.29%,251421,17.7%,180731,12.72%,94894,6.68%,84901,5.98%,18045,1.27%,33
Karur (12),667374,211803,31.74%,48715,7.3%,125738,18.84%,104427,15.65%,85576,12.82%,44102,6.61%,40232,6.03%,6781,1.02%,33
Tiruchirappalli (13),1447644,315617,21.8%,128216,8.86%,270650,18.7%,254935,17.61%,222537,15.37%,115119,7.95%,107355,7.42%,33215,2.29%,33
Perambalur (14),458888,96451,21.02%,73900,16.1%,90836,19.79%,71015,15.48%,56964,12.41%,32100,7%,30839,6.72%,6782,1.48%,33
Ariyalur (15),685431,216257,31.55%,55623,8.12%,120810,17.63%,100835,14.71%,85444,12.47%,47146,6.88%,45105,6.58%,14210,2.07%,33
Cuddalore (16),1789884,513406,28.68%,132018,7.38%,301793,16.86%,292964,16.37%,261763,14.62%,121040,6.76%,123313,6.89%,43575,2.43%,33
Nagapattinam (17),1235375,212815,17.23%,109573,8.87%,261239,21.15%,251627,20.37%,196922,15.94%,94300,7.63%,82759,6.7%,26140,2.12%,33
Thiruvarur (18),998920,151764,15.19%,115715,11.58%,204421,20.46%,196661,19.69%,161366,16.15%,80679,8.08%,66870,6.69%,21444,2.15%,33
Thanjavur (19),1619860,366062,22.6%,104737,6.47%,316111,19.51%,296765,18.32%,256871,15.86%,120203,7.42%,124504,7.69%,34597,2.14%,33
Pudukkottai (20),1349836,403911,29.92%,85197,6.31%,239539,17.75%,224370,16.62%,202459,15%,96346,7.14%,76746,5.69%,18918,1.4%,33
Sivaganga (21),955798,254319,26.61%,81744,8.55%,166327,17.4%,166302,17.4%,137339,14.37%,70474,7.37%,61566,6.44%,17722,1.85%,33
Madurai (22),1264203,265349,20.99%,145773,11.53%,275549,21.8%,228310,18.06%,167802,13.27%,89269,7.06%,79717,6.31%,12430,0.98%,33
Theni (23),549787,152386,27.72%,51968,9.45%,106502,19.37%,94753,17.23%,64980,11.82%,40459,7.36%,32464,5.9%,6275,1.14%,33
Virudhunagar (24),1225450,295969,24.15%,116244,9.49%,275428,22.48%,205103,16.74%,141444,11.54%,83078,6.78%,85050,6.94%,23132,1.89%,33
Ramanathapuram (25),980804,91998,9.38%,202468,20.64%,226894,23.13%,176116,17.96%,137536,14.02%,75456,7.69%,59007,6.02%,11329,1.16%,33
Thoothukkudi (26),968336,182447,18.84%,105027,10.85%,232768,24.04%,180067,18.6%,120419,12.44%,68866,7.11%,62589,6.46%,16153,1.67%,33
Tirunelveli (27),1601210,385086,24.05%,169382,10.58%,347553,21.71%,273365,17.07%,184903,11.55%,109240,6.82%,99526,6.22%,32155,2.01%,33
Kanniyakumari (28),649355,73264,11.28%,45407,6.99%,125219,19.28%,117457,18.09%,115068,17.72%,81233,12.51%,76602,11.8%,15105,2.33%,33
Dharmapuri (29),1314931,462470,35.17%,114951,8.74%,207342,15.77%,188809,14.36%,148741,11.31%,85855,6.53%,85810,6.53%,20953,1.59%,33
Krishnagiri (30),1479598,509513,34.44%,115561,7.81%,235024,15.88%,224714,15.19%,204755,13.84%,95966,6.49%,79264,5.36%,14801,1%,33
Coimbatore (31),935242,248734,26.6%,85184,9.11%,161490,17.27%,150850,16.13%,131646,14.08%,64811,6.93%,78858,8.43%,13664,1.46%,33
Tiruppur (32),1083257,326966,30.18%,115098,10.63%,217348,20.06%,156007,14.4%,120647,11.14%,71029,6.56%,66193,6.11%,9969,0.92%,33
All India,886692406,316795697,35.73%,123835207,13.97%,157572788,17.77%,119909955,13.52%,85021861,9.59%,48018733,5.42%,30589123,3.45%,4744685,0.54%,34
UT Zone Total,6328664,967689,15.29%,552573,8.73%,1170601,18.5%,1203752,19.02%,1079605,17.06%,740566,11.7%,571111,9.02%,42474,0.67%,34
State Total,475551,94678,19.91%,38545,8.11%,77549,16.31%,86143,18.11%,83764,17.61%,40808,8.58%,44608,9.38%,9456,1.99%,34
Puducherry (02),369503,75200,20.35%,27346,7.4%,57381,15.53%,67289,18.21%,67295,18.21%,31943,8.64%,36469,9.87%,6580,1.78%,34
Karaikal (04),106048,19478,18.37%,11199,10.56%,20168,19.02%,18854,17.78%,16469,15.53%,8865,8.36%,8139,7.67%,2876,2.71%,34
All India,886692406,316795697,35.73%,123835207,13.97%,157572788,17.77%,119909955,13.52%,85021861,9.59%,48018733,5.42%,30589123,3.45%,4744685,0.54%,35
UT Zone Total,6328664,967689,15.29%,552573,8.73%,1170601,18.5%,1203752,19.02%,1079605,17.06%,740566,11.7%,571111,9.02%,42474,0.67%,35
State Total,276860,54892,19.83%,28260,10.21%,47345,17.1%,54618,19.73%,43231,15.61%,30206,10.91%,15800,5.71%,2478,0.9%,35
Nicobars (01),37530,9781,26.06%,2406,6.41%,5984,15.94%,7699,20.51%,6325,16.85%,3668,9.77%,1300,3.46%,364,0.97%,35
North  & Middle Andaman (02),109761,22422,20.43%,16126,14.69%,21215,19.33%,21293,19.4%,12707,11.58%,10042,9.15%,5133,4.68%,809,0.74%,35
South Andaman (03),129569,22689,17.51%,9728,7.51%,20146,15.55%,25626,19.78%,24199,18.68%,16496,12.73%,9367,7.23%,1305,1.01%,35
All India,886692406,316795697,35.73%,123835207,13.97%,157572788,17.77%,119909955,13.52%,85021861,9.59%,48018733,5.42%,30589123,3.45%,4744685,0.54%,36
South Zone Total,164522575,48732413,29.62%,17632797,10.72%,30129243,18.31%,24403832,14.83%,22089112,13.43%,11353019,6.9%,8330064,5.06%,1844813,1.12%,36
State Total,23397276,9460803,40.44%,2507114,10.72%,3426891,14.65%,3005582,12.85%,2469167,10.55%,1412908,6.04%,984586,4.21%,127118,0.54%,36
Adilabad (01),1956305,929520,47.51%,197873,10.11%,278816,14.25%,217781,11.13%,162022,8.28%,100007,5.11%,60347,3.08%,9927,0.51%,36
Nizamabad (02),2263312,918804,40.6%,225115,9.95%,324739,14.35%,270005,11.93%,291421,12.88%,133361,5.89%,91814,4.06%,6959,0.31%,36
Karimnagar (03),2870716,1116675,38.9%,283448,9.87%,356086,12.4%,375424,13.08%,350001,12.19%,212966,7.42%,156161,5.44%,19946,0.69%,36
Medak (04),2849662,1125477,39.5%,296905,10.42%,439268,15.41%,409669,14.38%,305608,10.72%,160994,5.65%,98803,3.47%,12677,0.44%,36
Rangareddy (06),2227687,732966,32.9%,236231,10.6%,347801,15.61%,314013,14.1%,290824,13.05%,163472,7.34%,127601,5.73%,14778,0.66%,36
Mahbubnagar (07),3376309,1548826,45.87%,399887,11.84%,552704,16.37%,389874,11.55%,262523,7.78%,135433,4.01%,74848,2.22%,12214,0.36%,36
Nalgonda (08),3067537,1207831,39.37%,335061,10.92%,460370,15.01%,406098,13.24%,306659,10%,193136,6.3%,138459,4.51%,18243,0.59%,36
Warangal (09),2760569,1079364,39.1%,276843,10.03%,374640,13.57%,361274,13.09%,320159,11.6%,199480,7.23%,132379,4.8%,16384,0.59%,36
Khammam (10),2025179,801340,39.57%,255751,12.63%,292467,14.44%,261444,12.91%,179950,8.89%,114059,5.63%,104174,5.14%,15990,0.79%,36
