District Name,Total Households,Number of Households with Salaried Job,% of Households with Salaried Job,Households Salaried Jobs Government  Sector,Households Salaried Jobs % Government  Sector,Households Salaried Jobs Public Sector,Households Salaried Jobs % Public Sector,Households Salaried Jobs Private Sector,Households Salaried Jobs % Private Sector,Number of Households Pay Income Tax or Professional Tax,Number of Households Own/Operate an Enterprise registered with the Government,"Households highest earning Less than Rs. 5,000","Households highest earning % Less than Rs. 5,000","Households highest earning Between Rs. 5,000 and Rs 10,000","Households highest earning % Between Rs. 5,000 and Rs 10,000","Households highest earning Rs. 10,000 or more","Households highest earning % Rs. 10,000 or more",State_Code
All India Total,179787454,17340999,9.65%,8994054,5%,2016399,1.12%,6415270,3.57%,8220522,4896989,133985215,74.52%,30894589,17.18%,14828438,8.25%,01
North Zone Total,9104338,1659408,18.23%,1120618,12.31%,79047,0.87%,460257,5.06%,703763,581861,5389291,59.19%,2059464,22.62%,1651345,18.14%,01
State Total,1601606,358232,22.37%,319429,19.94%,8271,0.52%,30581,1.91%,139408,65904,1080174,67.44%,232753,14.53%,288670,18.02%,01
Kupwara (01),107636,21551,20.02%,20616,19.15%,308,0.29%,635,0.59%,9107,2391,78545,72.97%,11960,11.11%,17122,15.91%,01
Badgam (02),97773,19710,20.16%,17772,18.18%,382,0.39%,1556,1.59%,5873,1779,67264,68.8%,14251,14.58%,16258,16.63%,01
Leh(Ladakh) (03),17723,7667,43.26%,7051,39.78%,200,1.13%,420,2.37%,363,686,7584,42.79%,3879,21.89%,6260,35.32%,01
Kargil (04),15923,5157,32.39%,4939,31.02%,116,0.73%,102,0.64%,236,444,8054,50.58%,4161,26.13%,3708,23.29%,01
Punch (05),81685,12777,15.64%,11905,14.57%,168,0.21%,704,0.86%,7389,5650,60811,74.45%,10146,12.42%,10728,13.13%,01
Rajouri (06),127822,26088,20.41%,25048,19.6%,353,0.28%,698,0.55%,13492,8545,94087,73.61%,11901,9.31%,21834,17.08%,01
Kathua (07),99768,24898,24.96%,21601,21.65%,465,0.47%,2833,2.84%,10426,5260,63374,63.52%,16296,16.33%,20098,20.14%,01
Baramula (08),123540,25902,20.97%,23962,19.4%,539,0.44%,1401,1.13%,10133,2296,81531,66%,20222,16.37%,21787,17.64%,01
Bandipore (09),47848,9456,19.76%,8885,18.57%,168,0.35%,403,0.84%,4263,1099,32443,67.8%,7241,15.13%,8164,17.06%,01
Srinagar (10),4304,1024,23.79%,620,14.41%,99,2.3%,305,7.09%,834,515,2017,46.86%,1537,35.71%,750,17.43%,01
Ganderbal (11),40450,8369,20.69%,7994,19.76%,73,0.18%,302,0.75%,2314,546,27497,67.98%,6553,16.2%,6400,15.82%,01
Pulwama (12),79308,18706,23.59%,17299,21.81%,394,0.5%,1017,1.28%,6738,2397,50610,63.81%,13247,16.7%,15451,19.48%,01
Shupiyan (13),42691,5340,12.51%,5052,11.83%,66,0.15%,222,0.52%,1797,522,26457,61.97%,10017,23.46%,6217,14.56%,01
Anantnag (14),123476,24135,19.55%,22666,18.36%,390,0.32%,1079,0.87%,8797,3005,87253,70.66%,16403,13.28%,19820,16.05%,01
Kulgam (15),61426,9927,16.16%,9509,15.48%,102,0.17%,316,0.51%,3502,1220,46958,76.45%,6219,10.12%,8249,13.43%,01
Doda (16),74110,15921,21.48%,15057,20.32%,210,0.28%,654,0.88%,4424,2984,56271,75.93%,5959,8.04%,11880,16.03%,01
Ramban (17),55171,8165,14.8%,7206,13.06%,447,0.81%,512,0.93%,3412,2123,45242,82%,4262,7.73%,5667,10.27%,01
Kishtwar (18),42273,8322,19.69%,7354,17.4%,254,0.6%,718,1.7%,2242,2399,33327,78.84%,3784,8.95%,5162,12.21%,01
Udhampur (19),79845,16357,20.49%,14680,18.39%,293,0.37%,1384,1.73%,6943,4580,54672,68.47%,11850,14.84%,13323,16.69%,01
Reasi (20),52339,9078,17.34%,6732,12.86%,753,1.44%,1593,3.04%,3606,1636,42055,80.35%,4163,7.95%,6121,11.69%,01
Jammu (21),170917,56394,32.99%,45192,26.44%,1581,0.93%,9628,5.63%,24627,12549,88588,51.83%,35967,21.04%,46362,27.13%,01
Samba (22),55578,23288,41.9%,18289,32.91%,910,1.64%,4099,7.38%,8890,3278,25534,45.94%,12735,22.91%,17309,31.14%,01
All India Total,179787454,17340999,9.65%,8994054,5%,2016399,1.12%,6415270,3.57%,8220522,4896989,133985215,74.52%,30894589,17.18%,14828438,8.25%,02
North Zone Total,9104338,1659408,18.23%,1120618,12.31%,79047,0.87%,460257,5.06%,703763,581861,5389291,59.19%,2059464,22.62%,1651345,18.14%,02
State Total,1263756,428094,33.87%,291238,23.05%,17887,1.42%,118977,9.41%,132523,108187,676512,53.53%,279896,22.15%,307347,24.32%,02
Chamba (01),92274,26164,28.35%,21897,23.73%,1088,1.18%,3180,3.45%,15653,11012,62480,67.71%,12162,13.18%,17632,19.11%,02
Kangra (02),309461,113518,36.68%,74777,24.16%,5060,1.64%,33683,10.88%,35438,31884,150686,48.69%,77931,25.18%,80844,26.12%,02
LahulSpiti (03),6177,2409,39%,2313,37.45%,25,0.4%,71,1.15%,564,375,3089,50.01%,1344,21.76%,1744,28.23%,02
Kullu (04),79798,14264,17.88%,11769,14.75%,411,0.52%,2084,2.61%,4984,3340,51776,64.88%,14522,18.2%,13500,16.92%,02
Mandi (05),198952,64591,32.47%,50148,25.21%,1730,0.87%,12715,6.39%,17299,13156,112600,56.6%,37008,18.6%,49344,24.8%,02
Hamirpur (06),96745,49610,51.28%,27611,28.54%,2584,2.67%,19417,20.07%,12064,10176,36531,37.76%,26906,27.81%,33308,34.43%,02
Una (07),97451,34841,35.75%,19120,19.62%,1647,1.69%,14074,14.44%,11460,13888,49348,50.64%,24638,25.28%,23465,24.08%,02
Bilaspur (08),70768,25756,36.39%,17486,24.71%,740,1.05%,7530,10.64%,7852,4662,34320,48.5%,15904,22.47%,20544,29.03%,02
Solan (09),90043,35758,39.71%,18393,20.43%,2223,2.47%,15142,16.82%,10734,8668,48117,53.44%,23569,26.18%,18357,20.39%,02
Sirmaur (10),82214,21758,26.47%,14973,18.21%,1060,1.29%,5725,6.96%,4482,4384,53007,64.47%,14169,17.23%,15037,18.29%,02
Shimla (11),121586,33449,27.51%,28036,23.06%,1117,0.92%,4297,3.53%,10126,5420,64974,53.44%,27499,22.62%,29113,23.94%,02
Kinnaur (12),18287,5976,32.68%,4715,25.78%,202,1.1%,1059,5.79%,1867,1222,9584,52.41%,4244,23.21%,4459,24.38%,02
All India Total,179787454,17340999,9.65%,8994054,5%,2016399,1.12%,6415270,3.57%,8220522,4896989,133985215,74.52%,30894589,17.18%,14828438,8.25%,03
North Zone Total,9104338,1659408,18.23%,1120618,12.31%,79047,0.87%,460257,5.06%,703763,581861,5389291,59.19%,2059464,22.62%,1651345,18.14%,03
State Total,3269467,419124,12.82%,244581,7.48%,27954,0.86%,146598,4.48%,228547,182830,1881889,57.56%,813841,24.89%,571951,17.49%,03
Gurdaspur (01),297035,55127,18.56%,40588,13.66%,2336,0.79%,12203,4.11%,32478,19847,171729,57.81%,67166,22.61%,58029,19.54%,03
Kapurthala (02),104862,16970,16.18%,8956,8.54%,2773,2.64%,5241,5%,8194,4872,57033,54.39%,28420,27.1%,19334,18.44%,03
Jalandhar (03),214994,24858,11.56%,11514,5.36%,1441,0.67%,11903,5.54%,11870,5971,114013,53.03%,67894,31.58%,33020,15.36%,03
Hoshiarpur (04),263563,49252,18.69%,32201,12.22%,1887,0.72%,15164,5.75%,28781,20359,135008,51.22%,71378,27.08%,57021,21.63%,03
Shahid Bhagat Singh Nagar (05),103553,11939,11.53%,7105,6.86%,442,0.43%,4393,4.24%,6959,10927,53574,51.74%,30003,28.97%,19789,19.11%,03
Fatehgarh Sahib (06),76287,10176,13.34%,5719,7.5%,333,0.44%,4125,5.41%,5514,3502,41687,54.64%,17469,22.9%,17104,22.42%,03
Ludhiana (07),269447,51756,19.21%,19304,7.16%,3826,1.42%,28631,10.63%,21489,15949,153043,56.8%,68355,25.37%,47992,17.81%,03
Moga (08),143743,11068,7.7%,7118,4.95%,591,0.41%,3359,2.34%,6813,4701,84914,59.07%,32815,22.83%,25673,17.86%,03
Firozpur (09),270011,16605,6.15%,12312,4.56%,702,0.26%,3591,1.33%,10621,7327,170010,62.96%,55417,20.52%,44529,16.49%,03
Muktsar (10),123773,7206,5.82%,5571,4.5%,234,0.19%,1401,1.13%,5370,2803,74275,60.01%,25798,20.84%,23648,19.11%,03
Faridkot (11),74717,5737,7.68%,3626,4.85%,603,0.81%,1508,2.02%,3577,5613,43143,57.74%,17867,23.91%,13706,18.34%,03
Bathinda (12),159138,12010,7.55%,8380,5.27%,820,0.52%,2810,1.77%,7431,4164,93389,58.68%,39441,24.78%,26289,16.52%,03
Mansa (13),114443,7004,6.12%,5187,4.53%,258,0.23%,1559,1.36%,4547,4783,75553,66.02%,25845,22.58%,12760,11.15%,03
Patiala (14),213729,25037,11.71%,13792,6.45%,1752,0.82%,9493,4.44%,14461,12798,125680,58.8%,50589,23.67%,37415,17.51%,03
Amritsar (15),206172,26969,13.08%,15230,7.39%,2987,1.45%,8754,4.25%,16988,16838,117117,56.81%,62161,30.15%,26874,13.03%,03
Tarn Taran (16),165688,15149,9.14%,10711,6.46%,566,0.34%,3872,2.34%,9150,8370,102296,61.74%,39891,24.08%,23451,14.15%,03
Rupnagar (17),94482,19743,20.9%,12537,13.27%,695,0.74%,6511,6.89%,11866,7275,52198,55.25%,23622,25%,18653,19.74%,03
Sahibzada Ajit Singh Nagar (18),85222,22582,26.5%,8616,10.11%,1329,1.56%,12637,14.83%,7459,6973,49758,58.39%,22981,26.97%,12342,14.48%,03
Sangrur (19),214234,24862,11.61%,12893,6.02%,3983,1.86%,7986,3.73%,12273,17662,125827,58.73%,48821,22.79%,39514,18.44%,03
Barnala (20),74374,5074,6.82%,3221,4.33%,396,0.53%,1457,1.96%,2706,2096,41642,55.99%,17908,24.08%,14808,19.91%,03
All India Total,179787454,17340999,9.65%,8994054,5%,2016399,1.12%,6415270,3.57%,8220522,4896989,133985215,74.52%,30894589,17.18%,14828438,8.25%,04
UT Zone Total,1338560,791604,59.14%,137225,10.25%,93946,7.02%,560573,41.88%,216570,223027,480016,35.86%,507298,37.9%,351244,26.24%,04
State Total,15657,9445,60.32%,1994,12.74%,312,1.99%,7139,45.6%,1779,1182,7046,45%,5119,32.69%,3492,22.3%,04
CHANDIGARH DISTRICT (01),15657,9445,60.32%,1994,12.74%,312,1.99%,7139,45.6%,1779,1182,7046,45%,5119,32.69%,3492,22.3%,04
All India Total,179787454,17340999,9.65%,8994054,5%,2016399,1.12%,6415270,3.57%,8220522,4896989,133985215,74.52%,30894589,17.18%,14828438,8.25%,05
Central Zone Total,43325279,3403785,7.86%,1830255,4.22%,504151,1.16%,1075598,2.48%,1172431,873318,33120450,76.45%,7091140,16.37%,3088903,7.13%,05
State Total,1479742,350309,23.67%,184079,12.44%,29635,2%,136596,9.23%,110323,75829,938356,63.41%,323538,21.86%,217848,14.72%,05
Uttarkashi (01),64836,9465,14.6%,7592,11.71%,407,0.63%,1466,2.26%,3359,2179,51936,80.1%,5870,9.05%,7030,10.84%,05
Chamoli (02),70323,18926,26.91%,14630,20.8%,1102,1.57%,3194,4.54%,4508,2171,42243,60.07%,17022,24.21%,11058,15.72%,05
Rudraprayag (03),48830,11037,22.6%,6291,12.88%,1114,2.28%,3632,7.44%,4082,1103,26240,53.74%,15294,31.32%,7296,14.94%,05
TehriGarhwal (04),119766,31554,26.35%,10682,8.92%,2832,2.36%,18040,15.06%,5598,4568,84962,70.94%,23324,19.47%,11480,9.59%,05
Dehradun (05),165649,65216,39.37%,34317,20.72%,4303,2.6%,26596,16.06%,27766,13656,81092,48.95%,39671,23.95%,44886,27.1%,05
Garhwal (06),140122,35025,25%,23017,16.43%,2812,2.01%,9196,6.56%,12929,3936,82910,59.17%,33446,23.87%,23766,16.96%,05
Pithoragarh (07),91906,26197,28.5%,18798,20.45%,1042,1.13%,6357,6.92%,5596,4738,57746,62.83%,18181,19.78%,15979,17.39%,05
Bageshwar (08),53420,15998,29.95%,8362,15.65%,1122,2.1%,6515,12.2%,3211,2089,35456,66.37%,11211,20.99%,6753,12.64%,05
Almora (09),125275,26974,21.53%,14772,11.79%,1935,1.54%,10267,8.2%,7087,5104,91822,73.3%,20342,16.24%,13111,10.47%,05
Champawat (10),44150,7310,16.56%,4972,11.26%,323,0.73%,2015,4.56%,2978,2342,32282,73.12%,6194,14.03%,5674,12.85%,05
Nainital (11),117469,28223,24.03%,13526,11.51%,3819,3.25%,10878,9.26%,10706,10720,72576,61.78%,24555,20.9%,20338,17.31%,05
UdhamSinghNagar (12),206204,37708,18.29%,15426,7.48%,4022,1.95%,18260,8.86%,11393,12624,134083,65.02%,45854,22.24%,26267,12.74%,05
Hardwar (13),231792,36676,15.82%,11694,5.05%,4802,2.07%,20180,8.71%,11110,10599,145008,62.56%,62574,27%,24210,10.44%,05
All India Total,179787454,17340999,9.65%,8994054,5%,2016399,1.12%,6415270,3.57%,8220522,4896989,133985215,74.52%,30894589,17.18%,14828438,8.25%,06
North Zone Total,9104338,1659408,18.23%,1120618,12.31%,79047,0.87%,460257,5.06%,703763,581861,5389291,59.19%,2059464,22.62%,1651345,18.14%,06
State Total,2969509,453958,15.29%,265370,8.94%,24935,0.84%,164101,5.53%,203285,224940,1750716,58.96%,732974,24.68%,483377,16.28%,06
Panchkula (01),47620,11532,24.22%,4627,9.72%,411,0.86%,6495,13.64%,3577,2963,28942,60.78%,11349,23.83%,7322,15.38%,06
Ambala (02),114196,14134,12.38%,8083,7.08%,531,0.46%,5520,4.83%,5903,6862,68564,60.04%,28396,24.87%,17213,15.07%,06
Yamunanagar (03),132327,13099,9.9%,8205,6.2%,509,0.38%,4385,3.31%,7045,7588,87220,65.91%,26698,20.18%,18379,13.89%,06
Kurukshetra (04),129992,13493,10.38%,8066,6.2%,763,0.59%,4666,3.59%,6354,6869,76061,58.51%,30545,23.5%,23335,17.95%,06
Kaithal (05),152125,10498,6.9%,7552,4.96%,435,0.29%,2514,1.65%,5538,3547,96385,63.36%,34116,22.43%,21429,14.09%,06
Karnal (06),183992,18943,10.3%,9930,5.4%,993,0.54%,8021,4.36%,8368,6561,116935,63.55%,42309,23%,24727,13.44%,06
Panipat (07),115331,19603,17%,9119,7.91%,1674,1.45%,8811,7.64%,8194,23150,69494,60.26%,28972,25.12%,16562,14.36%,06
Sonipat (08),178864,40435,22.61%,21694,12.13%,2178,1.22%,16567,9.26%,19046,24477,99781,55.79%,47732,26.69%,31324,17.51%,06
Jind (09),185184,18236,9.85%,13827,7.47%,752,0.41%,3658,1.98%,12725,11248,114349,61.75%,43063,23.25%,27762,14.99%,06
Fatehabad (10),138546,10548,7.61%,6750,4.87%,1005,0.73%,2793,2.02%,6122,7811,83537,60.3%,32519,23.47%,22237,16.05%,06
Sirsa (11),175850,9831,5.59%,6583,3.74%,800,0.45%,2846,1.62%,6527,12113,98824,56.2%,48169,27.39%,28565,16.24%,06
Hisar (12),224387,24745,11.03%,18734,8.35%,822,0.37%,5189,2.31%,13665,14584,129567,57.74%,58506,26.07%,35427,15.79%,06
Bhiwani (13),244308,37423,15.32%,27965,11.45%,1558,0.64%,7901,3.23%,15626,13079,143106,58.58%,59290,24.27%,41896,17.15%,06
Rohtak (14),109762,22852,20.82%,15773,14.37%,1074,0.98%,6006,5.47%,11961,12652,61050,55.62%,29323,26.72%,19329,17.61%,06
Jhajjar (15),126621,31033,24.51%,21279,16.81%,996,0.79%,8770,6.93%,18961,21194,68615,54.19%,31658,25%,26347,20.81%,06
Mahendragarh (16),144210,32228,22.35%,24280,16.84%,995,0.69%,6954,4.82%,13074,11631,80806,56.03%,32520,22.55%,30807,21.36%,06
Rewari (17),133065,35439,26.63%,22829,17.16%,1684,1.27%,10926,8.21%,13901,8247,71276,53.56%,31075,23.35%,30688,23.06%,06
Gurgaon (18),95792,36353,37.95%,11085,11.57%,3670,3.83%,21612,22.56%,10890,11992,40960,42.76%,34128,35.63%,20655,21.56%,06
Mewat (19),140478,9401,6.69%,4092,2.91%,924,0.66%,4388,3.12%,3682,7461,97731,69.57%,31179,22.19%,11544,8.22%,06
Faridabad (20),66824,20204,30.23%,4935,7.39%,1616,2.42%,13653,20.43%,5180,5613,35134,52.58%,20730,31.02%,10903,16.32%,06
Palwal (21),130035,23928,18.4%,9962,7.66%,1545,1.19%,12426,9.56%,6946,5298,82379,63.35%,30697,23.61%,16926,13.02%,06
All India Total,179787454,17340999,9.65%,8994054,5%,2016399,1.12%,6415270,3.57%,8220522,4896989,133985215,74.52%,30894589,17.18%,14828438,8.25%,07
UT Zone Total,1338560,791604,59.14%,137225,10.25%,93946,7.02%,560573,41.88%,216570,223027,480016,35.86%,507298,37.9%,351244,26.24%,07
State Total,1051097,663600,63.13%,98213,9.34%,86466,8.23%,478921,45.56%,186173,205428,307524,29.26%,443975,42.24%,299598,28.5%,07
North West (01),299316,193870,64.77%,26090,8.72%,32068,10.71%,135712,45.34%,44112,52672,93370,31.19%,126032,42.11%,79914,26.7%,07
North (02),51632,38566,74.69%,6457,12.51%,3418,6.62%,28691,55.57%,9257,8246,14243,27.59%,22689,43.94%,14700,28.47%,07
North East (03),194939,76468,39.23%,15718,8.06%,11488,5.89%,49262,25.27%,37596,60636,81538,41.83%,64081,32.87%,49320,25.3%,07
East (04),93117,54183,58.19%,6769,7.27%,10063,10.81%,37351,40.11%,18698,22412,15740,16.9%,39110,42%,38267,41.1%,07
West (07),124338,84195,67.71%,12332,9.92%,13246,10.65%,58617,47.14%,24417,24633,34196,27.5%,54678,43.98%,35464,28.52%,07
South West (08),112653,77325,68.64%,20773,18.44%,6091,5.41%,50461,44.79%,25361,15290,20229,17.96%,53084,47.12%,39340,34.92%,07
South (09),175102,138993,79.38%,10074,5.75%,10092,5.76%,118827,67.86%,26732,21539,48208,27.53%,84301,48.14%,42593,24.32%,07
All India Total,179787454,17340999,9.65%,8994054,5%,2016399,1.12%,6415270,3.57%,8220522,4896989,133985215,74.52%,30894589,17.18%,14828438,8.25%,08
West Zone Total,31206237,3352606,10.74%,1600362,5.13%,356772,1.14%,1398615,4.48%,1458445,1126170,22135192,70.93%,5855964,18.77%,3204134,10.27%,08
State Total,10223073,925475,9.05%,570156,5.58%,62625,0.61%,292750,2.86%,336911,185669,7474932,73.12%,1759192,17.21%,981788,9.6%,08
Ganganagar (01),287488,17186,5.98%,11204,3.9%,1337,0.47%,4644,1.62%,7430,8920,194636,67.7%,55975,19.47%,36837,12.81%,08
Hanumangarh (02),275589,15566,5.65%,10423,3.78%,1131,0.41%,4012,1.46%,6472,5872,181546,65.88%,56741,20.59%,37299,13.53%,08
Bikaner (03),261329,12150,4.65%,8338,3.19%,756,0.29%,3056,1.17%,4897,1903,188339,72.07%,51044,19.53%,21740,8.32%,08
Churu (04),276699,23877,8.63%,17234,6.23%,1130,0.41%,5514,1.99%,8419,3530,200759,72.56%,47650,17.22%,28252,10.21%,08
Jhunjhunun (05),317727,70833,22.29%,50424,15.87%,4623,1.46%,15786,4.97%,25958,8205,160342,50.47%,86004,27.07%,71363,22.46%,08
Alwar (06),529224,63541,12.01%,48149,9.1%,2929,0.55%,12463,2.35%,28037,9660,325639,61.53%,125471,23.71%,77895,14.72%,08
Bharatpur (07),343978,34133,9.92%,26251,7.63%,2354,0.68%,5532,1.61%,14723,3193,229738,66.79%,72134,20.97%,42098,12.24%,08
Dhaulpur (08),173796,7775,4.47%,5680,3.27%,427,0.25%,1668,0.96%,3548,1634,130975,75.36%,30118,17.33%,12703,7.31%,08
Karauli (09),250656,24950,9.95%,20645,8.24%,1169,0.47%,3140,1.25%,12108,2657,184371,73.56%,39059,15.58%,27182,10.84%,08
Sawai Madhopur (10),221430,16828,7.6%,13815,6.24%,776,0.35%,2237,1.01%,9031,3371,170901,77.18%,31595,14.27%,18871,8.52%,08
Dausa (11),273196,29122,10.66%,20151,7.38%,1832,0.67%,7139,2.61%,11355,7537,197149,72.16%,47723,17.47%,28273,10.35%,08
Jaipur (12),530477,61384,11.57%,39068,7.36%,3765,0.71%,18551,3.5%,22827,6268,345541,65.14%,121348,22.88%,63314,11.94%,08
Sikar (13),369270,59987,16.24%,40126,10.87%,2353,0.64%,17508,4.74%,21026,7151,195168,52.85%,105421,28.55%,68580,18.57%,08
Nagaur (14),523798,52783,10.08%,35999,6.87%,1929,0.37%,14856,2.84%,19320,6183,347633,66.37%,117504,22.43%,58447,11.16%,08
Jodhpur (15),460672,56239,12.21%,33318,7.23%,2937,0.64%,19984,4.34%,17711,19910,294068,63.83%,109447,23.76%,56973,12.37%,08
Jaisalmer (16),110525,7266,6.57%,6000,5.43%,336,0.3%,967,0.87%,2848,1096,77019,69.68%,23231,21.02%,10217,9.24%,08
Barmer (17),481147,46471,9.66%,19504,4.05%,3498,0.73%,23472,4.88%,12305,8903,365623,75.99%,75693,15.73%,39558,8.22%,08
Jalor (18),324662,33876,10.43%,8917,2.75%,3249,1%,21716,6.69%,8218,14044,220758,68%,72661,22.38%,31117,9.58%,08
Sirohi (19),170212,26209,15.4%,6027,3.54%,2563,1.51%,17619,10.35%,4711,4059,122073,71.72%,33911,19.92%,14108,8.29%,08
Pali (20),352690,41252,11.7%,15856,4.5%,4088,1.16%,21308,6.04%,11516,10913,242532,68.77%,76364,21.65%,33677,9.55%,08
Ajmer (21),315014,28663,9.1%,17800,5.65%,1998,0.63%,8865,2.81%,9110,5721,236533,75.09%,53767,17.07%,24258,7.7%,08
Tonk (22),233901,13885,5.94%,10496,4.49%,602,0.26%,2787,1.19%,5851,2632,181231,77.48%,34850,14.9%,17505,7.48%,08
Bundi (23),197992,9917,5.01%,5790,2.92%,1507,0.76%,2620,1.32%,3590,3271,170051,85.89%,18126,9.15%,9401,4.75%,08
Bhilwara (24),419347,29084,6.94%,15151,3.61%,3042,0.73%,10891,2.6%,9872,3090,345936,82.49%,49612,11.83%,23083,5.5%,08
Rajsamand (25),220162,21717,9.86%,8808,4%,2371,1.08%,10538,4.79%,6442,4845,174429,79.23%,31271,14.2%,14236,6.47%,08
Dungarpur (26),298430,17383,5.82%,11863,3.98%,1438,0.48%,4082,1.37%,7210,6430,266756,89.39%,16080,5.39%,14192,4.76%,08
Banswara (27),357369,17505,4.9%,12252,3.43%,847,0.24%,4406,1.23%,7956,8354,326316,91.31%,15526,4.34%,15245,4.27%,08
Chittaurgarh (28),277402,15007,5.41%,9188,3.31%,1136,0.41%,4683,1.69%,6201,1135,232955,83.98%,29045,10.47%,15108,5.45%,08
Kota (29),170991,12975,7.59%,5152,3.01%,2768,1.62%,5055,2.96%,3819,2034,132222,77.33%,25588,14.96%,13049,7.63%,08
Baran (30),212554,9337,4.39%,6750,3.18%,592,0.28%,1996,0.94%,4092,2222,169776,79.87%,28455,13.39%,14227,6.69%,08
Jhalawar (31),260405,9851,3.78%,7083,2.72%,501,0.19%,2267,0.87%,3843,2807,227404,87.33%,22156,8.51%,10622,4.08%,08
Udaipur (32),546877,34461,6.3%,19483,3.56%,2443,0.45%,12535,2.29%,14562,7378,474739,86.81%,44497,8.14%,27238,4.98%,08
Pratapgarh (33),178064,4262,2.39%,3211,1.8%,198,0.11%,853,0.48%,1903,741,161774,90.85%,11125,6.25%,5120,2.88%,08
All India Total,179787454,17340999,9.65%,8994054,5%,2016399,1.12%,6415270,3.57%,8220522,4896989,133985215,74.52%,30894589,17.18%,14828438,8.25%,09
Central Zone Total,43325279,3403785,7.86%,1830255,4.22%,504151,1.16%,1075598,2.48%,1172431,873318,33120450,76.45%,7091140,16.37%,3088903,7.13%,09
State Total,26015592,2241335,8.62%,1043961,4.01%,399196,1.53%,804289,3.09%,756362,678941,18635376,71.63%,5223264,20.08%,2136161,8.21%,09
Saharanpur (01),418340,26559,6.35%,5987,1.43%,3830,0.92%,16748,4%,8605,17973,263679,63.03%,122052,29.18%,32609,7.79%,09
Muzaffarnagar (02),502344,29259,5.82%,6410,1.28%,5409,1.08%,17500,3.48%,10453,29890,253276,50.42%,178459,35.53%,70498,14.03%,09
Bijnor (03),495304,29921,6.04%,10016,2.02%,7444,1.5%,12627,2.55%,7224,12347,345605,69.78%,112343,22.68%,37355,7.54%,09
Moradabad (04),521305,42986,8.25%,12998,2.49%,14660,2.81%,15328,2.94%,10534,11895,356127,68.31%,124792,23.94%,40386,7.75%,09
Rampur (05),299340,10635,3.55%,1213,0.41%,1605,0.54%,7817,2.61%,1525,11175,229682,76.73%,61088,20.41%,8497,2.84%,09
Jyotiba Phule Nagar (06),228537,41868,18.32%,4053,1.77%,6832,2.99%,32129,14.06%,7140,11529,143248,62.68%,64818,28.36%,20383,8.92%,09
Meerut (07),261180,25959,9.94%,13010,4.98%,5477,2.1%,7473,2.86%,8903,4058,157402,60.27%,74438,28.5%,29340,11.23%,09
Baghpat (08),161232,19480,12.08%,4956,3.07%,5256,3.26%,9268,5.75%,10717,17239,66013,40.94%,80579,49.98%,14640,9.08%,09
Ghaziabad (09),295081,91280,30.93%,22089,7.49%,10157,3.44%,61410,20.81%,20601,29515,140940,47.76%,103331,35.02%,44556,15.1%,09
Gautam Buddha Nagar (10),289590,115712,39.96%,15399,5.32%,15390,5.31%,84923,29.33%,23385,46665,121578,41.98%,94037,32.47%,73528,25.39%,09
Bulandshahr (11),427475,41577,9.73%,23736,5.55%,7502,1.75%,10376,2.43%,13285,8246,283071,66.22%,102467,23.97%,41937,9.81%,09
Aligarh (12),418563,34277,8.19%,19920,4.76%,8569,2.05%,5788,1.38%,13319,5767,296277,70.78%,88573,21.16%,33713,8.05%,09
Mahamaya Nagar (13),199901,17592,8.8%,11077,5.54%,2352,1.18%,4185,2.09%,7495,12527,131569,65.82%,43415,21.72%,24917,12.46%,09
Mathura (14),294772,32787,11.12%,16751,5.68%,8269,2.81%,7767,2.63%,11059,6049,173603,58.89%,83067,28.18%,38102,12.93%,09
Agra (15),375187,51613,13.76%,11554,3.08%,14958,3.99%,26348,7.02%,48202,26580,229625,61.2%,105550,28.13%,39483,10.52%,09
Firozabad (16),265386,21523,8.11%,12180,4.59%,5827,2.2%,3568,1.34%,8693,4062,188442,71.01%,54209,20.43%,22735,8.57%,09
Mainpuri (17),258844,20269,7.83%,12068,4.66%,1118,0.43%,7083,2.74%,7248,9575,208039,80.37%,35127,13.57%,15678,6.06%,09
Budaun (18),480817,14845,3.09%,8001,1.66%,2222,0.46%,4936,1.03%,6273,6066,377172,78.44%,78750,16.38%,24895,5.18%,09
Bareilly (19),475247,19535,4.11%,10437,2.2%,3599,0.76%,5770,1.21%,9373,6123,368998,77.64%,80468,16.93%,25781,5.42%,09
Pilibhit (20),303726,13852,4.56%,6760,2.23%,3432,1.13%,3660,1.21%,3091,6844,242527,79.85%,46289,15.24%,14910,4.91%,09
Shahjahanpur (21),405601,12008,2.96%,7279,1.79%,2122,0.52%,2607,0.64%,3751,7200,328796,81.06%,57961,14.29%,18844,4.65%,09
Kheri (22),640850,15420,2.41%,12252,1.91%,1543,0.24%,1625,0.25%,8088,5900,526854,82.21%,83244,12.99%,30752,4.8%,09
Sitapur (23),714977,19719,2.76%,15757,2.2%,1953,0.27%,2014,0.28%,10598,7821,601595,84.14%,83940,11.74%,29442,4.12%,09
Hardoi (24),617677,18679,3.02%,13781,2.23%,1924,0.31%,2974,0.48%,10435,5982,513604,83.15%,76845,12.44%,27228,4.41%,09
Unnao (25),481545,21908,4.55%,12722,2.64%,5892,1.22%,3303,0.69%,9752,6134,396338,82.31%,64082,13.31%,21124,4.39%,09
Lucknow (26),278203,25022,8.99%,15221,5.47%,2487,0.89%,7315,2.63%,9979,5498,219704,78.97%,37992,13.66%,20507,7.37%,09
Rae Bareli (27),569800,36319,6.37%,23283,4.09%,7917,1.39%,5121,0.9%,16739,8511,435045,76.35%,96253,16.89%,38502,6.76%,09
Farrukhabad (28),249331,17326,6.95%,10317,4.14%,1246,0.5%,5763,2.31%,5275,3193,189488,76%,42252,16.95%,17591,7.06%,09
Kannauj (29),237103,12676,5.35%,9666,4.08%,1082,0.46%,1932,0.81%,5730,2964,184107,77.65%,38266,16.14%,14730,6.21%,09
Etawah (30),213944,24130,11.28%,11640,5.44%,3889,1.82%,8609,4.02%,6695,19414,170556,79.72%,28894,13.51%,14489,6.77%,09
Auraiya (31),209864,17584,8.38%,8086,3.85%,2079,0.99%,7487,3.57%,6324,10494,165257,78.74%,32545,15.51%,12062,5.75%,09
Kanpur Dehat (32),310765,21844,7.03%,13383,4.31%,2801,0.9%,5669,1.82%,8165,4457,244504,78.68%,46858,15.08%,19403,6.24%,09
Kanpur Nagar (33),289213,32639,11.29%,9362,3.24%,4361,1.51%,18920,6.54%,6986,7295,231471,80.03%,41712,14.42%,16030,5.54%,09
Jalaun (34),211977,12819,6.05%,7153,3.37%,2564,1.21%,3102,1.46%,5485,8436,162821,76.81%,34937,16.48%,14219,6.71%,09
Jhansi (35),212906,10953,5.14%,7373,3.46%,735,0.35%,2845,1.34%,6042,7689,171763,80.68%,28837,13.54%,12306,5.78%,09
Lalitpur (36),186311,5154,2.77%,3875,2.08%,275,0.15%,1004,0.54%,2610,4632,159849,85.8%,18750,10.06%,7712,4.14%,09
Hamirpur (37),174857,8094,4.63%,6570,3.76%,955,0.55%,570,0.33%,4319,1623,142235,81.34%,23604,13.5%,9018,5.16%,09
Mahoba (38),127389,4554,3.57%,3687,2.89%,291,0.23%,576,0.45%,2664,1957,104171,81.77%,17200,13.5%,6018,4.72%,09
Banda (39),269240,9366,3.48%,6864,2.55%,1129,0.42%,1376,0.51%,5213,4133,221846,82.4%,36386,13.51%,11008,4.09%,09
Chitrakoot (40),152132,7298,4.8%,6151,4.04%,575,0.38%,577,0.38%,3329,1091,122498,80.52%,18474,12.14%,11160,7.34%,09
Fatehpur (41),415053,23627,5.69%,14077,3.39%,4526,1.09%,5034,1.21%,7049,5363,317460,76.49%,72519,17.47%,25074,6.04%,09
Pratapgarh (42),494720,59289,11.98%,30410,6.15%,11331,2.29%,17548,3.55%,18710,7074,319902,64.66%,119568,24.17%,55250,11.17%,09
Kaushambi (43),255994,17756,6.94%,8988,3.51%,2165,0.85%,6615,2.58%,6026,6102,207267,80.97%,35072,13.7%,13655,5.33%,09
Allahabad (44),705588,72325,10.25%,41679,5.91%,11363,1.61%,19320,2.74%,27279,15077,454488,64.41%,170903,24.22%,80197,11.37%,09
Bara Banki (45),533550,23811,4.46%,16768,3.14%,2941,0.55%,4121,0.77%,10292,6559,416086,77.98%,84286,15.8%,33178,6.22%,09
Faizabad (46),377144,39391,10.44%,24604,6.52%,8119,2.15%,6668,1.77%,14737,6632,261161,69.25%,79784,21.15%,36199,9.6%,09
Ambedkar Nagar (47),322410,28392,8.81%,19830,6.15%,4434,1.38%,4129,1.28%,15316,7108,216522,67.16%,74270,23.04%,31618,9.81%,09
Sultanpur (48),563089,61445,10.91%,29607,5.26%,11293,2.01%,20549,3.65%,18373,12826,376978,66.95%,127209,22.59%,58902,10.46%,09
Bahraich (49),541484,19953,3.68%,7823,1.44%,6232,1.15%,5898,1.09%,4826,15903,469187,86.65%,52801,9.75%,19496,3.6%,09
Shrawasti (50),179481,4720,2.63%,3570,1.99%,516,0.29%,634,0.35%,2371,3723,138019,76.9%,30186,16.82%,11276,6.28%,09
Balrampur (51),293520,11782,4.01%,5793,1.97%,1698,0.58%,4291,1.46%,3696,6183,208424,71.01%,63450,21.62%,21646,7.37%,09
Gonda (52),523254,31460,6.01%,22171,4.24%,4252,0.81%,5038,0.96%,13070,7772,377481,72.14%,103110,19.71%,42662,8.15%,09
Siddharthnagar (53),382311,15514,4.06%,10920,2.86%,2274,0.59%,2321,0.61%,5607,3262,278908,72.95%,75175,19.66%,28226,7.38%,09
Basti (54),385828,33951,8.8%,20632,5.35%,6225,1.61%,7100,1.84%,14278,6873,272581,70.65%,77619,20.12%,35628,9.23%,09
Sant Kabir Nagar (55),243670,19733,8.1%,10331,4.24%,3544,1.45%,5858,2.4%,6360,9430,181573,74.52%,44952,18.45%,17145,7.04%,09
Mahrajganj (56),407828,17933,4.4%,13717,3.36%,1866,0.46%,2350,0.58%,8424,4145,304893,74.76%,75984,18.63%,26951,6.61%,09
Gorakhpur (57),599152,57813,9.65%,36368,6.07%,9393,1.57%,12104,2.02%,22533,15127,397810,66.4%,137130,22.89%,64212,10.72%,09
Kushinagar (58),574969,35879,6.24%,19801,3.44%,8839,1.54%,7239,1.26%,12330,7131,393493,68.44%,134685,23.42%,46791,8.14%,09
Deoria (59),450667,123452,27.39%,33440,7.42%,17007,3.77%,73005,16.2%,21589,25508,273135,60.61%,120094,26.65%,57438,12.75%,09
Azamgarh (60),615199,102796,16.71%,22167,3.6%,25341,4.12%,55332,8.99%,16812,20543,381358,61.99%,158634,25.79%,61955,10.07%,09
Mau (61),262251,31536,12.03%,17654,6.73%,6013,2.29%,7887,3.01%,11875,4094,172015,65.59%,57051,21.75%,33185,12.65%,09
Ballia (62),426709,62998,14.76%,42247,9.9%,13503,3.16%,7267,1.7%,22690,5941,287606,67.4%,85844,20.12%,53259,12.48%,09
Jaunpur (63),596098,93899,15.75%,30917,5.19%,16528,2.77%,46455,7.79%,22009,23766,370315,62.12%,157911,26.49%,67871,11.39%,09
Ghazipur (64),476147,58409,12.27%,35977,7.56%,10619,2.23%,11818,2.48%,18926,12058,322813,67.8%,98038,20.59%,55278,11.61%,09
Chandauli (65),265851,20453,7.69%,15352,5.77%,2500,0.94%,2610,0.98%,8427,3432,199623,75.09%,44591,16.77%,21637,8.14%,09
Varanasi (66),343657,48367,14.07%,26811,7.8%,7855,2.29%,13701,3.99%,17306,9506,221618,64.49%,80255,23.35%,41784,12.16%,09
Sant Ravidas Nagar (Bhadohi) (67),191630,23169,12.09%,6484,3.38%,7814,4.08%,8872,4.63%,4625,5141,128224,66.91%,44532,23.24%,18874,9.85%,09
Mirzapur (68),340748,25611,7.52%,17267,5.07%,3864,1.13%,4507,1.32%,11845,5897,257339,75.52%,56745,16.65%,26661,7.82%,09
Sonbhadra (69),288433,16096,5.58%,8855,3.07%,3883,1.35%,3380,1.17%,4877,2724,234074,81.15%,41520,14.4%,12834,4.45%,09
Etah (70),241868,16620,6.87%,11771,4.87%,2292,0.95%,2562,1.06%,5894,4076,181350,74.98%,40550,16.77%,19968,8.26%,09
Kanshiram Nagar (71),191433,8114,4.24%,4893,2.56%,1238,0.65%,1983,1.04%,2906,1416,144298,75.38%,35912,18.76%,11223,5.86%,09
All India Total,179787454,17340999,9.65%,8994054,5%,2016399,1.12%,6415270,3.57%,8220522,4896989,133985215,74.52%,30894589,17.18%,14828438,8.25%,10
East Zone Total,47307665,3399050,7.18%,2017899,4.27%,542073,1.15%,906037,1.92%,1888406,818294,37158907,78.55%,7188916,15.2%,2942121,6.22%,10
State Total,17829066,1059862,5.94%,714655,4.01%,152584,0.86%,243959,1.37%,482346,294134,12667269,71.05%,3959714,22.21%,1196190,6.71%,10
Pashchim Champaran (01),681326,20940,3.07%,16448,2.41%,3686,0.54%,1903,0.28%,12086,7173,492902,72.34%,147704,21.68%,39468,5.79%,10
Purba Champaran (02),917790,41733,4.55%,21143,2.3%,11143,1.21%,16627,1.81%,15118,12788,674056,73.44%,188750,20.57%,54912,5.98%,10
Sheohar (03),149211,4954,3.32%,3743,2.51%,480,0.32%,879,0.59%,2521,2184,113793,76.26%,28225,18.92%,7193,4.82%,10
Sitamarhi (04),725723,30019,4.14%,19888,2.74%,4426,0.61%,7030,0.97%,14814,9342,497002,68.48%,183979,25.35%,44680,6.16%,10
Madhubani (05),886810,67226,7.58%,28798,3.25%,10031,1.13%,30289,3.42%,18494,12397,628140,70.83%,204820,23.1%,53561,6.04%,10
Supaul (06),455280,14232,3.13%,12450,2.73%,1114,0.24%,1892,0.42%,6923,16509,352301,77.38%,83943,18.44%,18711,4.11%,10
Araria (07),595834,13805,2.32%,10916,1.83%,1604,0.27%,2970,0.5%,6878,8952,492839,82.71%,84681,14.21%,18310,3.07%,10
Kishanganj (08),308989,6889,2.23%,4871,1.58%,1286,0.42%,1009,0.33%,4395,6734,254423,82.34%,47198,15.27%,7368,2.38%,10
Purnia (09),591936,13085,2.21%,10253,1.73%,1355,0.23%,2050,0.35%,8805,8113,461903,78.03%,108784,18.38%,21236,3.59%,10
Katihar (10),582089,17046,2.93%,14244,2.45%,1010,0.17%,2105,0.36%,9874,9448,450473,77.39%,107214,18.42%,24392,4.19%,10
Madhepura (11),402414,17566,4.37%,15211,3.78%,992,0.25%,2276,0.57%,8748,4810,317094,78.8%,69023,17.15%,16139,4.01%,10
Saharsa (12),351154,15778,4.49%,13580,3.87%,1292,0.37%,2486,0.71%,8550,5439,273611,77.92%,60975,17.36%,16476,4.69%,10
Darbhanga (13),817164,49172,6.02%,29713,3.64%,7259,0.89%,14782,1.81%,18348,10085,610853,74.75%,164893,20.18%,41407,5.07%,10
Muzaffarpur (14),876341,53088,6.06%,35013,4%,6778,0.77%,14205,1.62%,24244,12901,624766,71.29%,192274,21.94%,57721,6.59%,10
Gopalganj (15),389899,37492,9.62%,16486,4.23%,6919,1.77%,16328,4.19%,10899,6448,243600,62.48%,107454,27.56%,38826,9.96%,10
Siwan (16),519048,57741,11.12%,26301,5.07%,18891,3.64%,15029,2.9%,17633,7697,295444,56.92%,158098,30.46%,65501,12.62%,10
Saran (17),577746,55942,9.68%,37675,6.52%,10343,1.79%,9989,1.73%,24186,11349,351364,60.82%,169284,29.3%,57057,9.88%,10
Vaishali (18),629950,39559,6.28%,29944,4.75%,4746,0.75%,6852,1.09%,19601,6677,453949,72.06%,128397,20.38%,47574,7.55%,10
Samastipur (19),831029,56870,6.84%,38303,4.61%,5122,0.62%,16434,1.98%,24523,13859,574273,69.1%,201997,24.31%,54653,6.58%,10
Begusarai (20),491437,25120,5.11%,19781,4.03%,2330,0.47%,4048,0.82%,12158,6296,349739,71.17%,110379,22.46%,31317,6.37%,10
Khagaria (21),347924,16270,4.68%,12742,3.66%,2244,0.64%,2155,0.62%,8649,4183,245558,70.58%,83382,23.97%,18955,5.45%,10
Bhagalpur (22),468355,28109,6%,23181,4.95%,2463,0.53%,3040,0.65%,14979,7020,317870,67.87%,114311,24.41%,35076,7.49%,10
Banka (23),384455,16400,4.27%,11115,2.89%,1592,0.41%,4628,1.2%,8729,13027,308133,80.15%,57080,14.85%,19242,5.01%,10
Munger (24),201233,18380,9.13%,16905,8.4%,810,0.4%,831,0.41%,13502,2499,146942,73.02%,34562,17.18%,19729,9.8%,10
Lakhisarai (25),141284,8469,5.99%,6219,4.4%,1147,0.81%,1294,0.92%,4414,3862,99427,70.37%,32582,23.06%,9275,6.56%,10
Sheikhpura (26),91847,5218,5.68%,4693,5.11%,316,0.34%,285,0.31%,3064,1717,63669,69.32%,20997,22.86%,7180,7.82%,10
Nalanda (27),462838,32137,6.94%,28774,6.22%,1668,0.36%,2074,0.45%,19505,8634,302009,65.25%,118449,25.59%,42379,9.16%,10
Patna (28),690850,65574,9.49%,34653,5.02%,9701,1.4%,22924,3.32%,29332,11388,445810,64.53%,194304,28.13%,50733,7.34%,10
Bhojpur (29),419641,43862,10.45%,32592,7.77%,6598,1.57%,7321,1.74%,17782,6706,276278,65.84%,102017,24.31%,41316,9.85%,10
Buxar (30),238210,26456,11.11%,15337,6.44%,7644,3.21%,3957,1.66%,9635,3805,141359,59.34%,71501,30.02%,25344,10.64%,10
Kaimur Bhabua (31),241516,14734,6.1%,11478,4.75%,1577,0.65%,1990,0.82%,7316,3303,160917,66.63%,58058,24.04%,22541,9.33%,10
Rohtas (32),409854,31322,7.64%,22641,5.52%,4289,1.05%,6038,1.47%,15323,8225,276155,67.38%,91840,22.41%,41602,10.15%,10
Aurangabad (33),366898,24122,6.57%,18440,5.03%,3113,0.85%,3781,1.03%,11686,5673,240335,65.5%,92795,25.29%,33764,9.2%,10
Gaya (34),659015,35288,5.35%,25265,3.83%,3663,0.56%,7289,1.11%,19291,15427,459480,69.72%,153137,23.24%,46355,7.03%,10
Nawada (35),349738,17911,5.12%,14261,4.08%,2116,0.61%,1945,0.56%,9578,6096,256105,73.23%,71510,20.45%,22093,6.32%,10
Jamui (36),292670,11440,3.91%,9479,3.24%,1204,0.41%,1924,0.66%,5882,5295,220006,75.17%,56272,19.23%,16247,5.55%,10
Jehanabad (37),164924,15685,9.51%,13422,8.14%,1111,0.67%,1615,0.98%,9217,4897,116618,70.71%,31370,19.02%,16924,10.26%,10
Arwal (38),116644,10228,8.77%,8697,7.46%,521,0.45%,1685,1.44%,5664,3176,78073,66.93%,27475,23.55%,10933,9.37%,10
All India Total,179787454,17340999,9.65%,8994054,5%,2016399,1.12%,6415270,3.57%,8220522,4896989,133985215,74.52%,30894589,17.18%,14828438,8.25%,11
North Eastern Zone Total,8061458,1081787,13.42%,741744,9.2%,68841,0.85%,273031,3.39%,604791,271708,6121734,75.94%,1183955,14.69%,754967,9.37%,11
State Total,88723,23833,26.86%,18261,20.58%,1060,1.19%,4512,5.09%,13531,4805,64762,72.99%,11432,12.89%,12400,13.98%,11
North  District (01),6550,2018,30.81%,1547,23.62%,51,0.78%,420,6.41%,662,293,4630,70.69%,970,14.81%,937,14.31%,11
West District (02),26267,5564,21.18%,4888,18.61%,99,0.38%,577,2.2%,2570,1079,20680,78.73%,2602,9.91%,2930,11.15%,11
South District (03),24429,5872,24.04%,4191,17.16%,527,2.16%,1154,4.72%,3120,1284,18644,76.32%,2797,11.45%,2970,12.16%,11
East District (04),31477,10379,32.97%,7635,24.26%,383,1.22%,2361,7.5%,7179,2149,20808,66.11%,5063,16.08%,5563,17.67%,11
All India Total,179787454,17340999,9.65%,8994054,5%,2016399,1.12%,6415270,3.57%,8220522,4896989,133985215,74.52%,30894589,17.18%,14828438,8.25%,12
North Eastern Zone Total,8061458,1081787,13.42%,741744,9.2%,68841,0.85%,273031,3.39%,604791,271708,6121734,75.94%,1183955,14.69%,754967,9.37%,12
State Total,201842,37810,18.73%,32014,15.86%,2075,1.03%,3907,1.94%,8888,5822,144833,71.76%,29117,14.43%,27889,13.82%,12
Tawang (01),8247,1611,19.53%,1486,18.02%,35,0.42%,133,1.61%,229,52,6324,76.68%,660,8%,1260,15.28%,12
West Kameng (02),12755,2688,21.07%,2361,18.51%,118,0.93%,220,1.72%,828,385,8623,67.6%,1885,14.78%,2247,17.62%,12
East Kameng (03),12256,2006,16.37%,1847,15.07%,78,0.64%,89,0.73%,318,227,9009,73.51%,1690,13.79%,1557,12.7%,12
Papum Pare (04),13493,4443,32.93%,3973,29.44%,183,1.36%,298,2.21%,777,400,6931,51.37%,3055,22.64%,3507,25.99%,12
Upper Subansiri (05),16628,2377,14.3%,2155,12.96%,199,1.2%,57,0.34%,1458,761,12839,77.21%,2134,12.83%,1655,9.95%,12
West Siang (06),16355,3290,20.12%,3001,18.35%,113,0.69%,182,1.11%,625,585,12037,73.6%,2007,12.27%,2311,14.13%,12
East Siang (07),12593,2537,20.15%,2273,18.05%,117,0.93%,171,1.36%,639,659,8662,68.78%,1791,14.22%,2140,16.99%,12
Upper Siang (08),5487,1388,25.3%,1313,23.93%,28,0.51%,50,0.91%,128,59,4042,73.67%,645,11.76%,800,14.58%,12
Changlang (09),23292,3147,13.51%,2205,9.47%,221,0.95%,742,3.19%,1274,515,17694,75.97%,2997,12.87%,2601,11.17%,12
Tirap (10),15931,2081,13.06%,1674,10.51%,209,1.31%,198,1.24%,450,345,12710,79.78%,1708,10.72%,1513,9.5%,12
Lower Subansiri (11),11726,3384,28.86%,3072,26.2%,192,1.64%,121,1.03%,495,467,6643,56.65%,2304,19.65%,2779,23.7%,12
Kurung Kumey (12),17068,1669,9.78%,1491,8.74%,117,0.69%,84,0.49%,552,414,12503,73.25%,3050,17.87%,1515,8.88%,12
Dibang Valley (13),1241,291,23.45%,264,21.27%,11,0.89%,16,1.29%,30,26,902,72.68%,201,16.2%,138,11.12%,12
Lower Dibang Valley (14),7905,1704,21.56%,1313,16.61%,105,1.33%,286,3.62%,214,198,5399,68.3%,1408,17.81%,1098,13.89%,12
Lohit (15),22686,4270,18.82%,2755,12.14%,303,1.34%,1213,5.35%,777,666,17715,78.09%,2853,12.58%,2118,9.34%,12
Anjaw (16),4179,924,22.11%,831,19.89%,46,1.1%,47,1.12%,94,63,2800,67%,729,17.44%,650,15.55%,12
All India Total,179787454,17340999,9.65%,8994054,5%,2016399,1.12%,6415270,3.57%,8220522,4896989,133985215,74.52%,30894589,17.18%,14828438,8.25%,13
North Eastern Zone Total,8061458,1081787,13.42%,741744,9.2%,68841,0.85%,273031,3.39%,604791,271708,6121734,75.94%,1183955,14.69%,754967,9.37%,13
State Total,284310,63505,22.34%,52448,18.45%,2527,0.89%,8544,3.01%,36550,5748,198496,69.82%,42314,14.88%,43495,15.3%,13
Mon (01),35445,3490,9.85%,3030,8.55%,84,0.24%,376,1.06%,3231,809,30604,86.34%,2924,8.25%,1917,5.41%,13
Mokokchung (02),30620,7720,25.21%,6478,21.16%,274,0.89%,973,3.18%,3384,244,18210,59.47%,6526,21.31%,5884,19.22%,13
Zunheboto (03),23617,7133,30.2%,6213,26.31%,295,1.25%,626,2.65%,5481,427,14753,62.47%,3889,16.47%,4970,21.04%,13
Wokha (04),24530,5523,22.52%,4593,18.72%,318,1.3%,612,2.49%,3813,667,17559,71.58%,3169,12.92%,3802,15.5%,13
Dimapur  (05),41147,14519,35.29%,10256,24.93%,877,2.13%,3386,8.23%,5837,829,21070,51.21%,9416,22.88%,10661,25.91%,13
Phek (06),30807,6647,21.58%,5803,18.84%,141,0.46%,703,2.28%,4263,644,22570,73.26%,3924,12.74%,4313,14%,13
Tuensang (07),29744,3721,12.51%,3396,11.42%,83,0.28%,248,0.83%,2569,303,25237,84.85%,2264,7.61%,2243,7.54%,13
Longleng (08),10934,794,7.26%,668,6.11%,30,0.27%,96,0.88%,370,655,9080,83.04%,1424,13.02%,430,3.93%,13
Kiphire (09),12983,1788,13.77%,1605,12.36%,85,0.65%,99,0.76%,1057,101,11459,88.26%,790,6.08%,734,5.65%,13
Kohima (10),29305,10317,35.21%,8854,30.21%,269,0.92%,1194,4.07%,5545,947,15965,54.48%,6198,21.15%,7142,24.37%,13
Peren (11),15178,1853,12.21%,1552,10.23%,71,0.47%,231,1.52%,1000,122,11989,78.99%,1790,11.79%,1399,9.22%,13
All India Total,179787454,17340999,9.65%,8994054,5%,2016399,1.12%,6415270,3.57%,8220522,4896989,133985215,74.52%,30894589,17.18%,14828438,8.25%,14
North Eastern Zone Total,8061458,1081787,13.42%,741744,9.2%,68841,0.85%,273031,3.39%,604791,271708,6121734,75.94%,1183955,14.69%,754967,9.37%,14
State Total,448163,85610,19.1%,68038,15.18%,3150,0.7%,14428,3.22%,35307,7907,290868,64.9%,90333,20.16%,66952,14.94%,14
Senapati (01),93129,13165,14.14%,9273,9.96%,753,0.81%,3139,3.37%,2735,1749,63052,67.7%,20213,21.7%,9864,10.59%,14
Tamenglong (02),25878,3509,13.56%,2914,11.26%,88,0.34%,507,1.96%,1962,363,16956,65.52%,5866,22.67%,3056,11.81%,14
Churachandpur (03),53252,9468,17.78%,7469,14.03%,292,0.55%,1707,3.21%,3384,556,30967,58.15%,14433,27.1%,7852,14.74%,14
Bishnupur (04),29107,5775,19.84%,4809,16.52%,187,0.64%,779,2.68%,4268,1071,20255,69.59%,4413,15.16%,4439,15.25%,14
Thoubal (05),56089,9825,17.52%,8515,15.18%,282,0.5%,1030,1.84%,3569,850,38766,69.12%,9563,17.05%,7760,13.84%,14
ImphalWest (06),52166,12988,24.9%,10420,19.97%,348,0.67%,2220,4.26%,6393,1283,33009,63.28%,8749,16.77%,10406,19.95%,14
ImphalEast (07),71558,18112,25.31%,13982,19.54%,750,1.05%,3384,4.73%,9568,1544,44208,61.78%,13727,19.18%,13615,19.03%,14
Ukhrul (08),39237,7656,19.51%,6035,15.38%,324,0.83%,1297,3.31%,2237,318,26389,67.26%,7182,18.3%,5666,14.44%,14
Chandel (09),27747,5112,18.42%,4621,16.65%,126,0.45%,365,1.32%,1191,173,17266,62.23%,6187,22.3%,4294,15.48%,14
All India Total,179787454,17340999,9.65%,8994054,5%,2016399,1.12%,6415270,3.57%,8220522,4896989,133985215,74.52%,30894589,17.18%,14828438,8.25%,15
North Eastern Zone Total,8061458,1081787,13.42%,741744,9.2%,68841,0.85%,273031,3.39%,604791,271708,6121734,75.94%,1183955,14.69%,754967,9.37%,15
State Total,111626,17770,15.92%,11057,9.91%,1106,0.99%,5646,5.06%,11062,3774,85974,77.02%,14777,13.24%,10875,9.74%,15
Mamit (01),15169,2012,13.26%,1619,10.67%,52,0.34%,345,2.27%,1554,580,11465,75.58%,2341,15.43%,1363,8.99%,15
Kolasib (02),7353,1055,14.35%,845,11.49%,56,0.76%,156,2.12%,781,323,5467,74.35%,1127,15.33%,759,10.32%,15
Aizawl (03),17557,4687,26.7%,2201,12.54%,204,1.16%,2293,13.06%,2224,564,12150,69.2%,3214,18.31%,2193,12.49%,15
Champhai (04),15250,2286,14.99%,1457,9.55%,76,0.5%,759,4.98%,1794,468,12196,79.97%,1656,10.86%,1398,9.17%,15
Serchhip (05),6359,1121,17.63%,664,10.44%,111,1.75%,348,5.47%,595,222,4629,72.79%,935,14.7%,795,12.5%,15
Lunglei (06),19733,2904,14.72%,2031,10.29%,134,0.68%,746,3.78%,1392,427,15905,80.6%,1872,9.49%,1956,9.91%,15
Lawngtlai (07),23173,2306,9.95%,1426,6.15%,394,1.7%,491,2.12%,1912,903,18992,81.96%,2533,10.93%,1648,7.11%,15
Saiha (08),7032,1399,19.89%,814,11.58%,79,1.12%,508,7.22%,810,287,5170,73.52%,1099,15.63%,763,10.85%,15
All India Total,179787454,17340999,9.65%,8994054,5%,2016399,1.12%,6415270,3.57%,8220522,4896989,133985215,74.52%,30894589,17.18%,14828438,8.25%,16
North Eastern Zone Total,8061458,1081787,13.42%,741744,9.2%,68841,0.85%,273031,3.39%,604791,271708,6121734,75.94%,1183955,14.69%,754967,9.37%,16
State Total,697062,86650,12.43%,79370,11.39%,3855,0.55%,3451,0.5%,59636,47948,556625,79.85%,83715,12.01%,56227,8.07%,16
West Tripura (01),291585,41254,14.15%,37901,13%,1769,0.61%,1596,0.55%,28643,22859,228074,78.22%,36046,12.36%,27201,9.33%,16
South Tripura (02),190414,22011,11.56%,20501,10.77%,741,0.39%,779,0.41%,15295,13240,148939,78.22%,25983,13.65%,15492,8.14%,16
Dhalai (03),78489,9892,12.6%,8719,11.11%,884,1.13%,289,0.37%,7133,4744,65947,84.02%,7147,9.11%,5164,6.58%,16
North Tripura (04),136574,13493,9.88%,12249,8.97%,461,0.34%,787,0.58%,8565,7105,113665,83.23%,14539,10.65%,8370,6.13%,16
All India Total,179787454,17340999,9.65%,8994054,5%,2016399,1.12%,6415270,3.57%,8220522,4896989,133985215,74.52%,30894589,17.18%,14828438,8.25%,17
North Eastern Zone Total,8061458,1081787,13.42%,741744,9.2%,68841,0.85%,273031,3.39%,604791,271708,6121734,75.94%,1183955,14.69%,754967,9.37%,17
State Total,485897,61870,12.73%,43677,8.99%,4583,0.94%,13832,2.85%,31071,10943,363652,74.84%,77847,16.02%,44393,9.14%,17
West Garo Hills (01),111580,10557,9.46%,8540,7.65%,784,0.7%,1233,1.11%,7593,4676,92727,83.1%,11902,10.67%,6951,6.23%,17
East Garo Hills (02),52635,3640,6.92%,3092,5.87%,325,0.62%,354,0.67%,2185,1191,45056,85.6%,5039,9.57%,2540,4.83%,17
South Garo Hills (03),22236,1933,8.69%,1477,6.64%,238,1.07%,218,0.98%,945,474,17060,76.72%,4115,18.51%,1061,4.77%,17
West Khasi Hills (04),59268,4579,7.73%,3008,5.08%,598,1.01%,980,1.65%,2412,706,45919,77.48%,9641,16.27%,3703,6.25%,17
Ribhoi (05),45228,4299,9.51%,3054,6.75%,442,0.98%,817,1.81%,1853,775,34190,75.59%,7882,17.43%,3156,6.98%,17
East Khasi Hills (06),128947,32002,24.82%,20942,16.24%,1841,1.43%,9263,7.18%,13523,1851,87780,68.07%,20170,15.64%,20997,16.28%,17
Jaintia Hills (07),66003,4860,7.36%,3564,5.4%,355,0.54%,967,1.47%,2560,1270,40920,62%,19098,28.94%,5985,9.07%,17
All India Total,179787454,17340999,9.65%,8994054,5%,2016399,1.12%,6415270,3.57%,8220522,4896989,133985215,74.52%,30894589,17.18%,14828438,8.25%,18
North Eastern Zone Total,8061458,1081787,13.42%,741744,9.2%,68841,0.85%,273031,3.39%,604791,271708,6121734,75.94%,1183955,14.69%,754967,9.37%,18
State Total,5743835,704739,12.27%,436879,7.61%,50485,0.88%,218711,3.81%,408746,184761,4416524,76.89%,834420,14.53%,492736,8.58%,18
Kokrajhar (01),176025,13565,7.71%,11674,6.63%,618,0.35%,1289,0.73%,9509,5039,137609,78.18%,26533,15.07%,11880,6.75%,18
Dhubri (02),387940,14820,3.82%,13062,3.37%,474,0.12%,1297,0.33%,10660,4353,331836,85.54%,40138,10.35%,15932,4.11%,18
Goalpara (03),189692,12334,6.5%,10712,5.65%,566,0.3%,1088,0.57%,7468,5479,151858,80.06%,25412,13.4%,12392,6.53%,18
Barpeta (04),322866,27013,8.37%,23135,7.17%,893,0.28%,3040,0.94%,16590,6228,258498,80.06%,39429,12.21%,24903,7.71%,18
Morigaon (05),183516,13725,7.48%,11382,6.2%,675,0.37%,1694,0.92%,10346,3616,148686,81.02%,22183,12.09%,12647,6.89%,18
Nagaon (06),503461,48910,9.71%,35611,7.07%,3994,0.79%,9396,1.87%,25563,14250,391972,77.86%,74048,14.71%,37423,7.43%,18
Sonitpur (07),357582,48202,13.48%,25000,6.99%,2955,0.83%,20368,5.7%,36361,14533,273589,76.51%,56299,15.74%,27685,7.74%,18
Lakhimpur (08),188714,21950,11.63%,16913,8.96%,785,0.42%,4278,2.27%,14163,6277,144851,76.76%,26856,14.23%,17007,9.01%,18
Dhemaji (09),130473,10824,8.3%,9026,6.92%,625,0.48%,1210,0.93%,8319,4805,104835,80.35%,16022,12.28%,9616,7.37%,18
Tinsukia (10),225888,62803,27.8%,14009,6.2%,6220,2.75%,42612,18.86%,17404,9895,168037,74.39%,36584,16.2%,21267,9.41%,18
Dibrugarh (11),244630,60935,24.91%,18552,7.58%,9864,4.03%,32656,13.35%,23964,8175,181150,74.05%,34093,13.94%,29387,12.01%,18
Sivasagar (12),226379,50861,22.47%,26168,11.56%,2318,1.02%,22447,9.92%,24112,7478,166568,73.58%,31228,13.79%,28583,12.63%,18
Jorhat (13),209863,45348,21.61%,27160,12.94%,3095,1.47%,15190,7.24%,21094,8299,147697,70.38%,33667,16.04%,28496,13.58%,18
Golaghat (14),210230,24479,11.64%,13744,6.54%,1645,0.78%,9124,4.34%,11648,5422,166872,79.38%,26971,12.83%,16387,7.79%,18
KarbiAnglong (15),154898,15915,10.27%,10785,6.96%,855,0.55%,4276,2.76%,8212,5151,124259,80.22%,21304,13.75%,9335,6.03%,18
DimaHasao (16),31408,5142,16.37%,4467,14.22%,183,0.58%,504,1.6%,4687,1181,24395,77.67%,3755,11.96%,3258,10.37%,18
Cachar (17),340309,39663,11.65%,24811,7.29%,3523,1.04%,11358,3.34%,29748,17347,247259,72.66%,61949,18.2%,31101,9.14%,18
Karimganj (18),229937,17864,7.77%,11915,5.18%,1226,0.53%,4726,2.06%,17337,8513,169660,73.79%,44695,19.44%,15582,6.78%,18
Hailakandi (19),136073,14380,10.57%,9150,6.72%,2855,2.1%,2377,1.75%,11848,6921,110053,80.88%,16581,12.19%,9439,6.94%,18
Bongaigaon (20),137285,14368,10.47%,12001,8.74%,1391,1.01%,1004,0.73%,11568,3098,107447,78.27%,15971,11.63%,13867,10.1%,18
Chirang (21),91718,7791,8.49%,5954,6.49%,480,0.52%,1364,1.49%,7917,1951,71330,77.77%,13565,14.79%,6814,7.43%,18
Kamrup (22),308249,44710,14.5%,36170,11.73%,1640,0.53%,6927,2.25%,26811,13867,220637,71.58%,49148,15.94%,38464,12.48%,18
KamrupMetropolitan (23),58277,13407,23.01%,8077,13.86%,547,0.94%,5105,8.76%,4724,2016,33542,57.56%,15718,26.97%,9008,15.46%,18
Nalbari (24),153630,26726,17.4%,22470,14.63%,602,0.39%,3679,2.39%,17683,6583,102375,66.64%,27271,17.75%,23984,15.61%,18
Baksa (25),196332,18972,9.66%,15148,7.72%,686,0.35%,3152,1.61%,14694,6581,148181,75.47%,31372,15.98%,16775,8.54%,18
Darrang (26),186731,14569,7.8%,11707,6.27%,911,0.49%,2010,1.08%,9580,4445,153681,82.3%,20921,11.2%,12129,6.5%,18
Udalguri (27),161729,15463,9.56%,8076,4.99%,859,0.53%,6540,4.04%,6736,3258,129647,80.16%,22707,14.04%,9375,5.8%,18
All India Total,179787454,17340999,9.65%,8994054,5%,2016399,1.12%,6415270,3.57%,8220522,4896989,133985215,74.52%,30894589,17.18%,14828438,8.25%,19
East Zone Total,47307665,3399050,7.18%,2017899,4.27%,542073,1.15%,906037,1.92%,1888406,818294,37158907,78.55%,7188916,15.2%,2942121,6.22%,19
State Total,15756750,1339042,8.5%,684862,4.35%,276356,1.75%,391286,2.48%,943787,252311,12994091,82.47%,1812566,11.5%,948770,6.02%,19
Darjiling (01),279770,59958,21.43%,32137,11.49%,5722,2.05%,22239,7.95%,36257,11348,218403,78.07%,33423,11.95%,27944,9.99%,19
Jalpaiguri (02),761422,104272,13.69%,31985,4.2%,13160,1.73%,59263,7.78%,54848,14509,631479,82.93%,85956,11.29%,43827,5.76%,19
KochBihar (03),635046,27037,4.26%,21046,3.31%,3128,0.49%,2888,0.45%,34485,9116,532138,83.8%,75467,11.88%,27420,4.32%,19
UttarDinajpur (04),543415,26934,4.96%,13287,2.45%,7711,1.42%,6176,1.14%,28762,5722,459323,84.53%,64851,11.93%,19240,3.54%,19
DakshinDinajpur (05),349140,17059,4.89%,10692,3.06%,4542,1.3%,1874,0.54%,12954,3831,312425,89.48%,25153,7.2%,11562,3.31%,19
Maldah (06),802673,41238,5.14%,23505,2.93%,11200,1.4%,6605,0.82%,33659,7305,681577,84.91%,88497,11.03%,32599,4.06%,19
Murshidabad (07),1490524,63587,4.27%,45847,3.08%,9317,0.63%,8566,0.57%,57159,22794,1256768,84.32%,170200,11.42%,63301,4.25%,19
Birbhum (08),758961,41013,5.4%,29109,3.84%,7415,0.98%,4668,0.62%,33258,7789,668877,88.13%,56479,7.44%,33602,4.43%,19
Barddhaman (09),1250095,142034,11.36%,82977,6.64%,34344,2.75%,26060,2.08%,114612,33690,984786,78.78%,141992,11.36%,123058,9.84%,19
Nadia (10),1036142,65223,6.29%,45130,4.36%,8910,0.86%,11190,1.08%,47590,25324,802920,77.49%,155791,15.04%,77431,7.47%,19
NorthTwentyFourParganas (11),1183056,89186,7.54%,41962,3.55%,21325,1.8%,26063,2.2%,89161,16388,983185,83.11%,135074,11.42%,64797,5.48%,19
Hugli (12),920643,121041,13.15%,47918,5.2%,36975,4.02%,42986,4.67%,71070,16157,677486,73.59%,157589,17.12%,85551,9.29%,19
Bankura (13),724878,74900,10.33%,45186,6.23%,12929,1.78%,17521,2.42%,40259,8375,617017,85.12%,61713,8.51%,45634,6.3%,19
Puruliya (14),536972,46264,8.62%,30755,5.73%,9098,1.69%,6460,1.2%,29289,8418,471934,87.89%,33593,6.26%,31421,5.85%,19
Haora (15),708849,105011,14.81%,31078,4.38%,20474,2.89%,53829,7.59%,42549,19419,525235,74.1%,123117,17.37%,60497,8.53%,19
SouthTwentyFourParganas (17),1523398,135693,8.91%,50389,3.31%,36933,2.42%,48767,3.2%,80334,13939,1276306,83.78%,174281,11.44%,72807,4.78%,19
PaschimMedinipur (18),1192518,89929,7.54%,52109,4.37%,20817,1.75%,17472,1.47%,67730,14586,1020402,85.57%,108245,9.08%,63868,5.36%,19
PurbaMedinipur (19),1059248,88663,8.37%,49750,4.7%,12356,1.17%,28659,2.71%,69811,13601,873830,82.5%,121145,11.44%,64211,6.06%,19
All India Total,179787454,17340999,9.65%,8994054,5%,2016399,1.12%,6415270,3.57%,8220522,4896989,133985215,74.52%,30894589,17.18%,14828438,8.25%,20
East Zone Total,47307665,3399050,7.18%,2017899,4.27%,542073,1.15%,906037,1.92%,1888406,818294,37158907,78.55%,7188916,15.2%,2942121,6.22%,20
State Total,5044234,413423,8.2%,238087,4.72%,69799,1.38%,106438,2.11%,241864,121849,3866210,76.65%,781824,15.5%,387727,7.69%,20
Garhwa (01),229414,15589,6.8%,7181,3.13%,2626,1.14%,5784,2.52%,5084,2712,186490,81.29%,32749,14.28%,10175,4.44%,20
Chatra (02),175409,9015,5.14%,5168,2.95%,2187,1.25%,1669,0.95%,5320,3066,145991,83.23%,20688,11.79%,8730,4.98%,20
Kodarma (03),96609,6777,7.01%,3942,4.08%,708,0.73%,2128,2.2%,2916,1667,72156,74.69%,18368,19.01%,6085,6.3%,20
Giridih (04),383640,26832,6.99%,18982,4.95%,2868,0.75%,5137,1.34%,13558,6812,297322,77.5%,61669,16.07%,24648,6.42%,20
Deoghar (05),216632,11028,5.09%,8303,3.83%,1006,0.46%,1748,0.81%,5913,4784,182248,84.13%,24927,11.51%,9457,4.37%,20
Godda (06),243676,13253,5.44%,10234,4.2%,1584,0.65%,1450,0.6%,8375,5859,195802,80.35%,32628,13.39%,15245,6.26%,20
Sahibganj (07),205762,5924,2.88%,4690,2.28%,556,0.27%,683,0.33%,3618,4723,175997,85.53%,22246,10.81%,7508,3.65%,20
Pakur (08),173746,4369,2.51%,3468,2%,282,0.16%,621,0.36%,2097,1991,158310,91.12%,11070,6.37%,4366,2.51%,20
Dhanbad (09),260908,50026,19.17%,31110,11.92%,9440,3.62%,9626,3.69%,35995,15137,191942,73.57%,29068,11.14%,39898,15.29%,20
Bokaro (10),276821,43216,15.61%,26469,9.56%,8806,3.18%,7972,2.88%,28808,8673,210718,76.12%,31913,11.53%,34190,12.35%,20
Lohardaga (11),79897,3832,4.8%,2954,3.7%,251,0.31%,632,0.79%,2712,1423,68239,85.41%,8506,10.65%,3152,3.95%,20
Purbi Singhbhum (12),273216,29571,10.82%,11308,4.14%,6506,2.38%,11801,4.32%,14802,5884,183125,67.03%,61947,22.67%,28144,10.3%,20
Palamu (13),325420,23899,7.34%,17424,5.35%,2902,0.89%,3599,1.11%,12789,5281,247609,76.09%,50789,15.61%,27022,8.3%,20
Latehar (14),128904,5482,4.25%,4211,3.27%,379,0.29%,902,0.7%,3127,2956,114647,88.94%,9233,7.16%,5024,3.9%,20
Hazaribagh (15),278302,23706,8.52%,13498,4.85%,4700,1.69%,5558,2%,14485,6204,201250,72.31%,53280,19.14%,23771,8.54%,20
Ramgarh (16),155863,34023,21.83%,16470,10.57%,9529,6.11%,8028,5.15%,27589,7481,108644,69.7%,17283,11.09%,29936,19.21%,20
Dumka (17),262618,13273,5.05%,11244,4.28%,915,0.35%,1136,0.43%,6569,3483,233743,89%,18699,7.12%,10176,3.87%,20
Jamtara (18),139849,7211,5.16%,5433,3.88%,1353,0.97%,467,0.33%,3772,1744,121632,86.97%,13779,9.85%,4438,3.17%,20
Ranchi (19),346242,31665,9.15%,15256,4.41%,4585,1.32%,11860,3.43%,17707,9112,232337,67.1%,74720,21.58%,30726,8.87%,20
Khunti (20),95140,3589,3.77%,2874,3.02%,202,0.21%,557,0.59%,1962,2343,86998,91.44%,5612,5.9%,2530,2.66%,20
Gumla (21),172479,8854,5.13%,6866,3.98%,575,0.33%,1484,0.86%,4920,3295,122083,70.78%,34346,19.91%,16050,9.31%,20
Simdega (22),108003,3378,3.13%,2755,2.55%,323,0.3%,374,0.35%,2508,971,85502,79.17%,15156,14.03%,7345,6.8%,20
Pashchimi Singhbhum (23),247857,19729,7.96%,3462,1.4%,5137,2.07%,11182,4.51%,8431,8853,133303,53.78%,92535,37.33%,22019,8.88%,20
Saraikela-Kharsawan (24),167827,19182,11.43%,4785,2.85%,2379,1.42%,12040,7.17%,8807,7395,110122,65.62%,40613,24.2%,17092,10.18%,20
All India Total,179787454,17340999,9.65%,8994054,5%,2016399,1.12%,6415270,3.57%,8220522,4896989,133985215,74.52%,30894589,17.18%,14828438,8.25%,21
East Zone Total,47307665,3399050,7.18%,2017899,4.27%,542073,1.15%,906037,1.92%,1888406,818294,37158907,78.55%,7188916,15.2%,2942121,6.22%,21
State Total,8677615,586723,6.76%,380295,4.38%,43334,0.5%,164354,1.89%,220409,150000,7631337,87.94%,634812,7.32%,409434,4.72%,21
Bargarh (01),363860,15209,4.18%,11278,3.1%,660,0.18%,3282,0.9%,4664,3551,332714,91.44%,19980,5.49%,10950,3.01%,21
Jharsuguda (02),87340,10137,11.61%,4812,5.51%,2509,2.87%,2857,3.27%,4895,1047,74756,85.59%,5571,6.38%,6886,7.88%,21
Sambalpur (03),186899,10756,5.75%,7915,4.23%,402,0.22%,2441,1.31%,3748,2240,166124,88.88%,12456,6.66%,8319,4.45%,21
Debagarh (04),74644,4687,6.28%,3991,5.35%,175,0.23%,523,0.7%,1601,1129,68821,92.2%,2939,3.94%,2884,3.86%,21
Sundargarh (05),348141,26541,7.62%,14866,4.27%,2301,0.66%,9376,2.69%,10964,5466,312668,89.81%,18597,5.34%,16679,4.79%,21
Kendujhar (06),371247,24996,6.73%,15810,4.26%,1885,0.51%,7311,1.97%,9054,5897,336152,90.55%,18955,5.11%,16140,4.35%,21
Mayurbhanj (07),571185,26651,4.67%,22085,3.87%,1059,0.19%,3518,0.62%,9153,7121,529017,92.62%,24480,4.29%,17688,3.1%,21
Baleshwar (08),501571,36736,7.32%,23194,4.62%,1806,0.36%,11741,2.34%,12915,10333,406511,81.05%,65162,12.99%,29898,5.96%,21
Bhadrak (09),298494,30471,10.21%,15407,5.16%,5198,1.74%,9944,3.33%,12644,5531,245038,82.09%,31611,10.59%,21845,7.32%,21
Kendrapara (10),324712,35327,10.88%,19241,5.93%,1599,0.49%,14528,4.47%,10625,7130,251943,77.59%,45403,13.98%,27366,8.43%,21
Jagatsinghapur (11),249423,36549,14.65%,19061,7.64%,1523,0.61%,16046,6.43%,10428,6548,191942,76.95%,34802,13.95%,22679,9.09%,21
Cuttack (12),450314,49357,10.96%,32656,7.25%,1627,0.36%,15807,3.51%,16744,9414,373021,82.84%,43992,9.77%,33301,7.4%,21
Jajapur (13),409438,45397,11.09%,22793,5.57%,5229,1.28%,17448,4.26%,16610,10564,336147,82.1%,42084,10.28%,31207,7.62%,21
Dhenkanal (14),272795,19530,7.16%,12764,4.68%,1198,0.44%,5587,2.05%,5981,3766,243571,89.29%,17553,6.43%,11671,4.28%,21
Anugul (15),280707,33113,11.8%,18571,6.62%,8188,2.92%,6356,2.26%,19748,11582,235145,83.77%,18374,6.55%,27188,9.69%,21
Nayagarh (16),231192,13994,6.05%,10982,4.75%,539,0.23%,2481,1.07%,4318,4067,206741,89.42%,14875,6.43%,9111,3.94%,21
Khordha (17),289703,24043,8.3%,16454,5.68%,967,0.33%,6676,2.3%,8469,8583,237719,82.06%,35383,12.21%,16601,5.73%,21
Puri (18),325826,24889,7.64%,16475,5.06%,989,0.3%,7425,2.28%,9513,9165,281899,86.52%,27663,8.49%,16264,4.99%,21
Ganjam (19),652975,31158,4.77%,22031,3.37%,1611,0.25%,7527,1.15%,13122,13084,564526,86.45%,62909,9.63%,25528,3.91%,21
Gajapati (20),125989,3885,3.08%,3209,2.55%,145,0.12%,533,0.42%,2332,1451,116978,92.85%,6448,5.12%,2396,1.9%,21
Kandhamal (21),163937,7735,4.72%,6634,4.05%,264,0.16%,837,0.51%,3216,1781,151983,92.71%,7245,4.42%,4674,2.85%,21
Baudh (22),108931,3473,3.19%,2998,2.75%,133,0.12%,342,0.31%,1363,1155,103079,94.63%,3481,3.2%,2371,2.18%,21
Subarnapur (23),147869,6153,4.16%,5103,3.45%,232,0.16%,834,0.56%,2012,1841,134798,91.16%,8476,5.73%,4472,3.02%,21
Balangir (24),405981,14747,3.63%,12277,3.02%,572,0.14%,1926,0.47%,5824,3519,381921,94.07%,13596,3.35%,10344,2.55%,21
Nuapada (25),159117,6266,3.94%,5362,3.37%,217,0.14%,687,0.43%,2363,1855,149003,93.64%,5609,3.53%,4505,2.83%,21
Kalahandi (26),383228,14278,3.73%,11750,3.07%,553,0.14%,1984,0.52%,5741,2863,361098,94.23%,12707,3.32%,9189,2.4%,21
Rayagada (27),207646,9284,4.47%,5542,2.67%,340,0.16%,3402,1.64%,2868,2018,194093,93.47%,8368,4.03%,4989,2.4%,21
Nabarangapur (28),262396,6821,2.6%,5622,2.14%,237,0.09%,963,0.37%,2480,3424,248353,94.65%,9227,3.52%,4815,1.84%,21
Koraput (29),287844,10861,3.77%,8183,2.84%,1039,0.36%,1639,0.57%,5315,2637,268683,93.34%,12186,4.23%,6877,2.39%,21
Malkangiri (30),134211,3679,2.74%,3229,2.41%,137,0.1%,333,0.25%,1699,1238,126893,94.55%,4680,3.49%,2597,1.94%,21
All India Total,179787454,17340999,9.65%,8994054,5%,2016399,1.12%,6415270,3.57%,8220522,4896989,133985215,74.52%,30894589,17.18%,14828438,8.25%,22
Central Zone Total,43325279,3403785,7.86%,1830255,4.22%,504151,1.16%,1075598,2.48%,1172431,873318,33120450,76.45%,7091140,16.37%,3088903,7.13%,22
State Total,4540999,242269,5.34%,198297,4.37%,13849,0.3%,30217,0.67%,81909,25984,4122115,90.78%,269673,5.94%,145294,3.2%,22
Koriya (01),110427,8006,7.25%,7451,6.75%,333,0.3%,222,0.2%,4074,1384,99565,90.16%,5096,4.61%,5381,4.87%,22
Surguja (02),489557,26025,5.32%,23094,4.72%,1966,0.4%,972,0.2%,10946,3525,451603,92.25%,21456,4.38%,15611,3.19%,22
Jashpur  (03),187698,11209,5.97%,10391,5.54%,334,0.18%,484,0.26%,4132,1927,171618,91.43%,10127,5.4%,5791,3.09%,22
Raigarh (04),315091,19423,6.16%,14783,4.69%,632,0.2%,4009,1.27%,6039,1006,285637,90.65%,18084,5.74%,10719,3.4%,22
Korba  (05),189855,13622,7.17%,9685,5.1%,1607,0.85%,2330,1.23%,6822,1020,173341,91.3%,8256,4.35%,8108,4.27%,22
Janjgir - Champa (06),341618,16671,4.88%,13903,4.07%,695,0.2%,2073,0.61%,4928,1445,311512,91.19%,19888,5.82%,9759,2.86%,22
Bilaspur (07),487718,23831,4.89%,19247,3.95%,1468,0.3%,3123,0.64%,9353,2865,445684,91.38%,27239,5.58%,14738,3.02%,22
Kabeerdham (08),162182,5048,3.11%,4635,2.86%,298,0.18%,115,0.07%,682,554,145044,89.43%,12893,7.95%,4094,2.52%,22
Rajnandgaon (09),265975,13625,5.12%,11018,4.14%,743,0.28%,1864,0.7%,3506,1404,238710,89.75%,19238,7.23%,7642,2.87%,22
Durg (10),424416,24555,5.79%,19502,4.6%,1712,0.4%,3342,0.79%,8171,2158,367503,86.59%,38217,9%,18500,4.36%,22
Raipur (11),584585,30555,5.23%,19506,3.34%,2358,0.4%,8692,1.49%,7583,2989,530024,90.67%,37632,6.44%,16929,2.9%,22
Mahasamund (12),244641,9483,3.88%,8245,3.37%,465,0.19%,773,0.32%,2565,973,225377,92.13%,13270,5.42%,5808,2.37%,22
Dhamtari  (13),144908,9103,6.28%,8093,5.58%,308,0.21%,706,0.49%,2331,1622,126802,87.51%,11796,8.14%,6309,4.35%,22
Uttar Bastar Kanker (14),145079,9768,6.73%,9299,6.41%,209,0.14%,273,0.19%,3929,935,131744,90.81%,7521,5.18%,5814,4.01%,22
Bastar (15),276389,14268,5.16%,12833,4.64%,546,0.2%,949,0.34%,5255,1479,256951,92.97%,13121,4.75%,6164,2.23%,22
Narayanpur (16),23114,1101,4.76%,973,4.21%,23,0.1%,105,0.45%,140,95,21791,94.28%,973,4.21%,350,1.51%,22
Dakshin Bastar Dantewada (17),98185,3690,3.76%,3538,3.6%,78,0.08%,74,0.08%,1034,440,93021,94.74%,2967,3.02%,2155,2.19%,22
Bijapur (18),49561,2286,4.61%,2101,4.24%,74,0.15%,111,0.22%,419,163,46188,93.19%,1899,3.83%,1422,2.87%,22
All India Total,179787454,17340999,9.65%,8994054,5%,2016399,1.12%,6415270,3.57%,8220522,4896989,133985215,74.52%,30894589,17.18%,14828438,8.25%,23
Central Zone Total,43325279,3403785,7.86%,1830255,4.22%,504151,1.16%,1075598,2.48%,1172431,873318,33120450,76.45%,7091140,16.37%,3088903,7.13%,23
State Total,11288946,569872,5.05%,403918,3.58%,61471,0.54%,104496,0.93%,223837,92564,9424603,83.49%,1274665,11.29%,589600,5.22%,23
Sheopur (01),128523,3302,2.57%,2668,2.08%,111,0.09%,523,0.41%,826,872,106325,82.73%,15757,12.26%,6441,5.01%,23
Morena (02),286442,17021,5.94%,12900,4.5%,1786,0.62%,2335,0.82%,7848,5407,201006,70.17%,61672,21.53%,23764,8.3%,23
Bhind (03),196355,14061,7.16%,9770,4.98%,1025,0.52%,3266,1.66%,7474,4999,121858,62.06%,46554,23.71%,27943,14.23%,23
Gwalior (04),150590,6970,4.63%,4999,3.32%,813,0.54%,1158,0.77%,3076,1599,106517,70.73%,31290,20.78%,12783,8.49%,23
Datia (05),128413,4847,3.77%,4351,3.39%,230,0.18%,266,0.21%,2102,790,95492,74.36%,22258,17.33%,10663,8.3%,23
Shivpuri (06),281595,6880,2.44%,5721,2.03%,323,0.11%,836,0.3%,2613,1701,235171,83.51%,33193,11.79%,13231,4.7%,23
Tikamgarh (07),261692,9032,3.45%,7628,2.91%,682,0.26%,722,0.28%,4021,2299,216146,82.6%,34647,13.24%,10899,4.16%,23
Chhatarpur (08),283889,8435,2.97%,6802,2.4%,534,0.19%,1099,0.39%,3387,2245,238833,84.13%,35051,12.35%,10005,3.52%,23
Panna (09),207410,7954,3.83%,7104,3.43%,317,0.15%,533,0.26%,3554,1534,186461,89.9%,14974,7.22%,5975,2.88%,23
Sagar (10),400201,18138,4.53%,13097,3.27%,2453,0.61%,2590,0.65%,7292,2244,350868,87.67%,33409,8.35%,15924,3.98%,23
Damoh (11),254708,7972,3.13%,6002,2.36%,515,0.2%,1455,0.57%,3030,1435,228564,89.74%,18569,7.29%,7575,2.97%,23
Satna (12),395489,28299,7.16%,19126,4.84%,3900,0.99%,5273,1.33%,10025,4198,325537,82.31%,46198,11.68%,23754,6.01%,23
Rewa (13),451926,53766,11.9%,38536,8.53%,7146,1.58%,8084,1.79%,18084,6318,319836,70.77%,82577,18.27%,49512,10.96%,23
Umaria (14),119054,7802,6.55%,5925,4.98%,1124,0.94%,753,0.63%,4390,1076,105108,88.29%,7627,6.41%,6319,5.31%,23
Neemuch (15),127034,5817,4.58%,3716,2.93%,250,0.2%,1851,1.46%,2422,512,108847,85.68%,13167,10.36%,5020,3.95%,23
Mandsaur (16),232520,8499,3.66%,6313,2.72%,653,0.28%,1533,0.66%,2697,990,203523,87.53%,21652,9.31%,7345,3.16%,23
Ratlam (17),219860,8657,3.94%,7490,3.41%,355,0.16%,812,0.37%,5335,1266,189680,86.27%,22422,10.2%,7758,3.53%,23
Ujjain (18),239575,9918,4.14%,4863,2.03%,2495,1.04%,2560,1.07%,3318,1211,187573,78.29%,36712,15.32%,15290,6.38%,23
Shajapur (19),238203,9166,3.85%,5131,2.15%,1541,0.65%,2494,1.05%,2680,1693,193179,81.1%,32068,13.46%,12956,5.44%,23
Dewas (20),212497,6878,3.24%,4212,1.98%,611,0.29%,2055,0.97%,2799,1574,174020,81.89%,27930,13.14%,10547,4.96%,23
Dhar (21),333540,15443,4.63%,8930,2.68%,1319,0.4%,5194,1.56%,4053,2092,274892,82.42%,42569,12.76%,16026,4.8%,23
Indore (22),181140,23213,12.81%,7829,4.32%,4360,2.41%,11024,6.09%,9054,2468,125534,69.3%,35126,19.39%,20476,11.3%,23
West Nimar (23),328941,17472,5.31%,10665,3.24%,1819,0.55%,4989,1.52%,5048,1507,276020,83.91%,36957,11.24%,15964,4.85%,23
Barwani (24),201818,7444,3.69%,4192,2.08%,286,0.14%,2966,1.47%,1839,1115,181897,90.13%,15338,7.6%,4583,2.27%,23
Rajgarh (25),315904,8334,2.64%,7002,2.22%,538,0.17%,794,0.25%,2745,1338,289610,91.68%,19301,6.11%,6993,2.21%,23
Vidisha (26),239132,6681,2.79%,5287,2.21%,604,0.25%,790,0.33%,2225,1355,196760,82.28%,28837,12.06%,13535,5.66%,23
Bhopal (27),87106,5724,6.57%,2381,2.73%,532,0.61%,2811,3.23%,1378,1428,71562,82.16%,11104,12.75%,4440,5.1%,23
Sehore (28),218742,8008,3.66%,5953,2.72%,615,0.28%,1440,0.66%,2296,1637,178047,81.4%,29388,13.44%,11307,5.17%,23
Raisen (29),213732,8649,4.05%,5555,2.6%,1335,0.62%,1759,0.82%,1771,1041,174458,81.62%,26740,12.51%,12534,5.86%,23
Betul (30),268522,14169,5.28%,11967,4.46%,686,0.26%,1516,0.56%,6099,1975,239887,89.34%,19227,7.16%,9408,3.5%,23
Harda (31),86479,3785,4.38%,2322,2.69%,261,0.3%,1202,1.39%,1765,330,64879,75.02%,12060,13.95%,9540,11.03%,23
Hoshangabad (32),179998,11760,6.53%,9467,5.26%,526,0.29%,1767,0.98%,5070,1000,135458,75.26%,26472,14.71%,18068,10.04%,23
Katni (33),235767,12971,5.5%,8792,3.73%,1411,0.6%,2768,1.17%,4376,1594,211040,89.51%,17174,7.28%,7553,3.2%,23
Jabalpur (34),257348,17801,6.92%,13063,5.08%,2028,0.79%,2710,1.05%,8143,2442,218671,84.97%,24806,9.64%,13871,5.39%,23
Narsimhapur (35),212280,7982,3.76%,6566,3.09%,536,0.25%,880,0.41%,2498,857,179498,84.56%,22678,10.68%,10104,4.76%,23
Dindori (36),161848,7142,4.41%,6317,3.9%,613,0.38%,212,0.13%,2880,926,147094,90.88%,10204,6.3%,4550,2.81%,23
Mandla (37),224141,11998,5.35%,10590,4.72%,970,0.43%,439,0.2%,4585,2065,205234,91.56%,11974,5.34%,6933,3.09%,23
Chhindwara (38),341102,24298,7.12%,16290,4.78%,3843,1.13%,4165,1.22%,11187,2893,285264,83.63%,35758,10.48%,20080,5.89%,23
Seoni (39),292969,12212,4.17%,11184,3.82%,506,0.17%,527,0.18%,4493,1114,259300,88.51%,22925,7.83%,10744,3.67%,23
Balaghat (40),357325,16583,4.64%,13823,3.87%,1570,0.44%,1190,0.33%,6938,2005,321935,90.1%,23703,6.63%,11687,3.27%,23
Guna (41),190722,5635,2.95%,4011,2.1%,453,0.24%,1171,0.61%,1753,2025,158965,83.35%,23297,12.22%,8460,4.44%,23
Ashoknagar (42),135299,4543,3.36%,2413,1.78%,308,0.23%,1822,1.35%,1820,1913,116106,85.81%,14192,10.49%,5001,3.7%,23
Shahdol (43),214706,13663,6.36%,10148,4.73%,1139,0.53%,2377,1.11%,6189,1749,190720,88.83%,15093,7.03%,8893,4.14%,23
Anuppur (44),143959,16906,11.74%,11113,7.72%,4439,3.08%,1354,0.94%,13553,3253,118815,82.53%,10352,7.19%,14792,10.28%,23
Sidhi (45),228964,15875,6.93%,12088,5.28%,1648,0.72%,2140,0.93%,5384,2641,184067,80.39%,30600,13.36%,14297,6.24%,23
Singrauli (46),199925,8271,4.14%,5173,2.59%,1030,0.52%,2068,1.03%,2609,2347,172917,86.49%,19793,9.9%,7215,3.61%,23
Jhabua (47),186957,5540,2.96%,4997,2.67%,249,0.13%,296,0.16%,2853,685,170150,91.01%,12675,6.78%,4112,2.2%,23
Alirajpur (48),126529,3323,2.63%,2903,2.29%,99,0.08%,321,0.25%,1030,612,118037,93.29%,5935,4.69%,2557,2.02%,23
East Nimar (49),211240,7649,3.62%,4465,2.11%,479,0.23%,2705,1.28%,2167,1267,183147,86.7%,20811,9.85%,7282,3.45%,23
Burhanpur (50),96835,3384,3.49%,2078,2.15%,405,0.42%,901,0.93%,1063,927,80095,82.71%,11849,12.24%,4891,5.05%,23
All India Total,179787454,17340999,9.65%,8994054,5%,2016399,1.12%,6415270,3.57%,8220522,4896989,133985215,74.52%,30894589,17.18%,14828438,8.25%,24
West Zone Total,31206237,3352606,10.74%,1600362,5.13%,356772,1.14%,1398615,4.48%,1458445,1126170,22135192,70.93%,5855964,18.77%,3204134,10.27%,24
State Total,6920473,661545,9.56%,239912,3.47%,74826,1.08%,347343,5.02%,303745,558580,4752481,68.67%,1505245,21.75%,662243,9.57%,24
Kachchh (01),270766,32847,12.13%,7984,2.95%,3773,1.39%,21097,7.79%,14622,18751,161762,59.74%,80389,29.69%,28615,10.57%,24
Banas Kantha (02),482360,27528,5.71%,16895,3.5%,3031,0.63%,7613,1.58%,15026,37599,329680,68.35%,105020,21.77%,47660,9.88%,24
Patan (03),211052,10393,4.92%,6213,2.94%,1006,0.48%,3199,1.52%,5894,12491,157860,74.8%,36885,17.48%,16307,7.73%,24
Mahesana (04),313605,36357,11.59%,15560,4.96%,3900,1.24%,16908,5.39%,14465,17723,225422,71.88%,59321,18.92%,28862,9.2%,24
Sabar Kantha (05),412808,39904,9.67%,27032,6.55%,3984,0.97%,8888,2.15%,22107,34772,295582,71.6%,73192,17.73%,44034,10.67%,24
Gandhinagar (06),187728,31993,17.04%,7574,4.03%,4614,2.46%,19810,10.55%,11038,14196,130112,69.31%,41318,22.01%,16298,8.68%,24
Ahmadabad (07),267896,25955,9.69%,5236,1.95%,3518,1.31%,17289,6.45%,11123,12718,191866,71.62%,56032,20.92%,19998,7.46%,24
Surendranagar (08),244710,10489,4.29%,6044,2.47%,862,0.35%,3589,1.47%,6239,13911,162219,66.29%,59964,24.5%,22527,9.21%,24
Rajkot (09),340320,24016,7.06%,7378,2.17%,3664,1.08%,13191,3.88%,16778,44987,172671,50.74%,120701,35.47%,46948,13.8%,24
Jamnagar (10),211460,11109,5.25%,5131,2.43%,1121,0.53%,4876,2.31%,9446,26951,125603,59.4%,64998,30.74%,20859,9.86%,24
Porbandar (11),62792,2712,4.32%,1771,2.82%,171,0.27%,772,1.23%,2585,7245,39100,62.27%,16813,26.78%,6879,10.96%,24
Junagadh (12),330673,14800,4.48%,9041,2.73%,1682,0.51%,4098,1.24%,14000,38809,198411,60%,88612,26.8%,43650,13.2%,24
Amreli (13),212437,7349,3.46%,4788,2.25%,545,0.26%,2053,0.97%,7110,12315,120699,56.82%,63544,29.91%,28194,13.27%,24
Bhavnagar (14),302091,12574,4.16%,6353,2.1%,2480,0.82%,3744,1.24%,16782,27797,162854,53.91%,95850,31.73%,43387,14.36%,24
Anand (15),289935,26585,9.17%,8009,2.76%,4380,1.51%,14198,4.9%,10489,23492,210687,72.67%,57018,19.67%,22230,7.67%,24
Kheda (16),360378,23079,6.4%,12668,3.52%,2434,0.68%,7984,2.22%,10139,12181,288431,80.04%,49676,13.78%,22271,6.18%,24
Panch Mahals (17),379391,30275,7.98%,20659,5.45%,1656,0.44%,7965,2.1%,16717,28149,306801,80.87%,49236,12.98%,23354,6.16%,24
Dohad (18),292221,15726,5.38%,13445,4.6%,595,0.2%,1687,0.58%,12067,20856,239473,81.95%,38019,13.01%,14729,5.04%,24
Vadodara (19),447170,48855,10.93%,10044,2.25%,7464,1.67%,31399,7.02%,15260,49084,307200,68.7%,96947,21.68%,42543,9.51%,24
Narmada (20),112382,6088,5.42%,4856,4.32%,215,0.19%,1017,0.9%,3722,5275,92472,82.28%,13497,12.01%,6413,5.71%,24
Bharuch (21),228889,38879,16.99%,6974,3.05%,4426,1.93%,27481,12.01%,16014,16872,146834,64.15%,54058,23.62%,27975,12.22%,24
The Dangs (22),44869,1901,4.24%,1613,3.59%,75,0.17%,214,0.48%,997,1699,37316,83.17%,4685,10.44%,2868,6.39%,24
Navsari (23),216236,39009,18.04%,10442,4.83%,5156,2.38%,23414,10.83%,13539,16050,161063,74.48%,34828,16.11%,20345,9.41%,24
Valsad (24),249281,68459,27.46%,8618,3.46%,7865,3.16%,51976,20.85%,13074,20638,178213,71.49%,51154,20.52%,19914,7.99%,24
Surat (25),283634,63658,22.44%,8542,3.01%,5717,2.02%,49408,17.42%,13704,23539,180298,63.57%,69783,24.6%,33551,11.83%,24
Tapi (26),165389,11005,6.65%,7042,4.26%,492,0.3%,3473,2.1%,10808,20480,129852,78.51%,23705,14.33%,11832,7.15%,24
All India Total,179787454,17340999,9.65%,8994054,5%,2016399,1.12%,6415270,3.57%,8220522,4896989,133985215,74.52%,30894589,17.18%,14828438,8.25%,25
UT Zone Total,1338560,791604,59.14%,137225,10.25%,93946,7.02%,560573,41.88%,216570,223027,480016,35.86%,507298,37.9%,351244,26.24%,25
State Total,31795,21987,69.15%,878,2.76%,1362,4.28%,19747,62.11%,1641,3292,14491,45.58%,11461,36.05%,5842,18.37%,25
DIU (01),4344,1084,24.95%,229,5.27%,16,0.37%,839,19.31%,115,90,1261,29.03%,2116,48.71%,967,22.26%,25
DAMAN (02),27451,20903,76.15%,649,2.36%,1346,4.9%,18908,68.88%,1526,3202,13230,48.19%,9345,34.04%,4875,17.76%,25
All India Total,179787454,17340999,9.65%,8994054,5%,2016399,1.12%,6415270,3.57%,8220522,4896989,133985215,74.52%,30894589,17.18%,14828438,8.25%,26
UT Zone Total,1338560,791604,59.14%,137225,10.25%,93946,7.02%,560573,41.88%,216570,223027,480016,35.86%,507298,37.9%,351244,26.24%,26
State Total,45352,21618,47.67%,1774,3.91%,1149,2.53%,18695,41.22%,2432,5093,31371,69.17%,9792,21.59%,4189,9.24%,26
DADRA & NAGAR HAVELI (01),45352,21618,47.67%,1774,3.91%,1149,2.53%,18695,41.22%,2432,5093,31371,69.17%,9792,21.59%,4189,9.24%,26
All India Total,179787454,17340999,9.65%,8994054,5%,2016399,1.12%,6415270,3.57%,8220522,4896989,133985215,74.52%,30894589,17.18%,14828438,8.25%,27
West Zone Total,31206237,3352606,10.74%,1600362,5.13%,356772,1.14%,1398615,4.48%,1458445,1126170,22135192,70.93%,5855964,18.77%,3204134,10.27%,27
State Total,13841960,1636182,11.82%,761494,5.5%,213126,1.54%,663984,4.8%,774408,362307,9819444,70.94%,2516959,18.18%,1502436,10.85%,27
Nandurbar (01),292828,12119,4.14%,9010,3.08%,1693,0.58%,1494,0.51%,7425,2845,244633,83.54%,31687,10.82%,16150,5.52%,27
Dhule (02),306860,24443,7.97%,18185,5.93%,2551,0.83%,3728,1.21%,15113,5173,227091,74%,49080,15.99%,29169,9.51%,27
Jalgaon (03),643191,41331,6.43%,29825,4.64%,5315,0.83%,6287,0.98%,21904,8579,499235,77.62%,96532,15.01%,47325,7.36%,27
Buldana (04),461842,26990,5.84%,21904,4.74%,1886,0.41%,3308,0.72%,15819,5824,347432,75.23%,71767,15.54%,42643,9.23%,27
Akola (05),281629,21894,7.77%,15676,5.57%,1974,0.7%,4356,1.55%,11759,4390,211812,75.21%,43225,15.35%,26592,9.44%,27
Washim (06),223258,11724,5.25%,9683,4.34%,1039,0.47%,1031,0.46%,8473,3152,167779,75.15%,34105,15.28%,21373,9.57%,27
Amravati (07),450098,23335,5.18%,17924,3.98%,2307,0.51%,3250,0.72%,12367,5432,363592,80.78%,55668,12.37%,30838,6.85%,27
Wardha (08),226126,22223,9.83%,13292,5.88%,2221,0.98%,6722,2.97%,11668,5178,161654,71.49%,38337,16.95%,26135,11.56%,27
Nagpur (09),414168,84100,20.31%,28241,6.82%,8334,2.01%,47536,11.48%,36249,21380,313263,75.64%,58465,14.12%,42404,10.24%,27
Bhandara (10),243526,22054,9.06%,15796,6.49%,1566,0.64%,4699,1.93%,15409,9418,193827,79.59%,27183,11.16%,22507,9.24%,27
Gondiya (11),265214,16190,6.1%,12454,4.7%,826,0.31%,2952,1.11%,10858,5349,220816,83.26%,26929,10.15%,17449,6.58%,27
Gadchiroli (12),231066,17825,7.71%,14723,6.37%,766,0.33%,2339,1.01%,12412,5219,186686,80.79%,24530,10.62%,19850,8.59%,27
Chandrapur (13),397430,37706,9.49%,23649,5.95%,5971,1.5%,8093,2.04%,26006,9466,316601,79.66%,42326,10.65%,38503,9.69%,27
Yavatmal (14),584064,37630,6.44%,28350,4.85%,2836,0.49%,6665,1.14%,28541,9752,437306,74.87%,93125,15.94%,53627,9.18%,27
Nanded (15),488582,28577,5.85%,22773,4.66%,2421,0.5%,3426,0.7%,18451,8871,350275,71.69%,87608,17.93%,50699,10.38%,27
Hingoli (16),202854,8715,4.3%,7142,3.52%,815,0.4%,774,0.38%,5221,2364,158423,78.1%,29119,14.35%,15308,7.55%,27
Parbhani (17),261070,9855,3.77%,7178,2.75%,1209,0.46%,1490,0.57%,4913,2281,196647,75.32%,46552,17.83%,17871,6.85%,27
Jalna (18),314270,11672,3.71%,8080,2.57%,1568,0.5%,2035,0.65%,5573,4997,217917,69.34%,65460,20.83%,30891,9.83%,27
Aurangabad (19),449363,26865,5.98%,12775,2.84%,5055,1.12%,9093,2.02%,14011,9170,311673,69.36%,95971,21.36%,41719,9.28%,27
Nashik (20),702961,57703,8.21%,33407,4.75%,6492,0.92%,17849,2.54%,37938,19434,545132,77.55%,99096,14.1%,58289,8.29%,27
Thane (21),626009,158760,25.36%,39664,6.34%,23150,3.7%,96005,15.34%,57523,21841,417588,66.71%,124682,19.92%,83735,13.38%,27
Raigarh (24),453135,148493,32.77%,35316,7.79%,35474,7.83%,77745,17.16%,56095,18203,278951,61.56%,95241,21.02%,78943,17.42%,27
Pune (25),751874,199909,26.59%,43728,5.82%,17141,2.28%,139321,18.53%,76100,33688,377652,50.23%,230981,30.72%,143122,19.04%,27
Ahmadnagar (26),763339,76797,10.06%,45786,6%,13989,1.83%,17262,2.26%,44027,21566,531909,69.68%,148064,19.4%,83212,10.9%,27
Bid (27),460613,30611,6.65%,23216,5.04%,3530,0.77%,3979,0.86%,17197,7806,306613,66.57%,101037,21.94%,52690,11.44%,27
Latur (28),360602,32768,9.09%,24114,6.69%,2792,0.77%,5910,1.64%,21675,9336,236968,65.71%,74318,20.61%,49316,13.68%,27
Osmanabad (29),294600,21988,7.46%,16381,5.56%,2305,0.78%,3315,1.13%,11588,6589,202682,68.8%,63636,21.6%,28282,9.6%,27
Solapur (30),597623,45874,7.68%,30702,5.14%,6981,1.17%,8279,1.39%,27274,12052,416875,69.76%,114098,19.09%,66650,11.15%,27
Satara (31),539808,97873,18.13%,44896,8.32%,15543,2.88%,37492,6.95%,38654,19713,333062,61.7%,131048,24.28%,75690,14.02%,27
Ratnagiri (32),343088,50235,14.64%,20566,5.99%,3825,1.11%,25876,7.54%,20002,12734,276091,80.47%,38738,11.29%,28259,8.24%,27
Sindhudurg (33),186826,28078,15.03%,17822,9.54%,2887,1.55%,7472,4%,11201,6880,143123,76.61%,25906,13.87%,17797,9.53%,27
Kolhapur (34),590837,139166,23.55%,42446,7.18%,20788,3.52%,76129,12.88%,45401,23320,369258,62.5%,138425,23.43%,83090,14.06%,27
Sangli (35),433206,62679,14.47%,26790,6.18%,7876,1.82%,28072,6.48%,27561,20305,256878,59.3%,114020,26.32%,62308,14.38%,27
All India Total,179787454,17340999,9.65%,8994054,5%,2016399,1.12%,6415270,3.57%,8220522,4896989,133985215,74.52%,30894589,17.18%,14828438,8.25%,28
South Zone Total,39443917,3652759,9.26%,1545951,3.92%,371569,0.94%,1741159,4.41%,2176116,1002611,29579625,74.99%,7007852,17.77%,2835724,7.19%,28
State Total,9344180,427406,4.57%,180905,1.94%,32526,0.35%,214883,2.3%,271736,227271,7430191,79.52%,1462316,15.65%,436383,4.67%,28
Srikakulam (11),558929,29785,5.33%,19764,3.54%,1689,0.3%,8333,1.49%,18289,17119,456020,81.59%,74684,13.36%,27961,5%,28
Vizianagaram (12),478978,30597,6.39%,15053,3.14%,3707,0.77%,11788,2.46%,13669,12413,408093,85.2%,53522,11.17%,17336,3.62%,28
Visakhapatnam (13),602256,24905,4.14%,12553,2.08%,2364,0.39%,9988,1.66%,29725,18602,516103,85.69%,66523,11.05%,19436,3.23%,28
EastGodavari (14),1176639,44838,3.81%,22482,1.91%,1755,0.15%,20626,1.75%,19462,18333,1021036,86.78%,121446,10.32%,33746,2.87%,28
WestGodavari (15),881322,34838,3.95%,14577,1.65%,2103,0.24%,18180,2.06%,20782,13513,665923,75.56%,183585,20.83%,31128,3.53%,28
Krishna (16),852522,57860,6.79%,18799,2.21%,6179,0.72%,32908,3.86%,20000,13427,696466,81.69%,117293,13.76%,38464,4.51%,28
Guntur (17),862356,22838,2.65%,9662,1.12%,1507,0.17%,11686,1.36%,15312,13258,667042,77.35%,164306,19.05%,30930,3.59%,28
Prakasam (18),701745,23799,3.39%,13089,1.87%,1223,0.17%,9493,1.35%,16572,31161,533552,76.03%,130077,18.54%,34676,4.94%,28
SriPottiSriramuluNellore (19),590457,34283,5.81%,16235,2.75%,2855,0.48%,15956,2.7%,28160,17064,478724,81.08%,82011,13.89%,28359,4.8%,28
YSR (20),516185,11665,2.26%,4085,0.79%,1060,0.21%,6520,1.26%,7216,10411,414991,80.4%,82259,15.94%,18900,3.66%,28
Kurnool (21),637178,16385,2.57%,8128,1.28%,1674,0.26%,6583,1.03%,14833,14916,486695,76.38%,108083,16.96%,41338,6.49%,28
Anantapur (22),686743,15136,2.2%,7631,1.11%,1201,0.17%,6305,0.92%,9767,24649,547070,79.66%,102075,14.86%,34177,4.98%,28
Chittoor (23),798870,80477,10.07%,18847,2.36%,5209,0.65%,56517,7.07%,57949,22405,538476,67.4%,176452,22.09%,79932,10.01%,28
All India Total,179787454,17340999,9.65%,8994054,5%,2016399,1.12%,6415270,3.57%,8220522,4896989,133985215,74.52%,30894589,17.18%,14828438,8.25%,29
South Zone Total,39443917,3652759,9.26%,1545951,3.92%,371569,0.94%,1741159,4.41%,2176116,1002611,29579625,74.99%,7007852,17.77%,2835724,7.19%,29
State Total,8048664,794472,9.87%,310320,3.86%,89284,1.11%,395443,4.91%,736867,283793,5560356,69.08%,1792649,22.27%,694617,8.63%,29
Belgaum (01),735630,77326,10.51%,34518,4.69%,7038,0.96%,35805,4.87%,48078,32787,556893,75.7%,130653,17.76%,47834,6.5%,29
Bagalkot (02),240555,20346,8.46%,11689,4.86%,1790,0.74%,6877,2.86%,16005,8154,170747,70.98%,48964,20.35%,20844,8.66%,29
Bijapur (03),292629,26954,9.21%,18485,6.32%,2033,0.69%,6454,2.21%,27585,11605,204024,69.72%,67209,22.97%,21396,7.31%,29
Bidar (04),240566,22268,9.26%,7905,3.29%,8374,3.48%,6011,2.5%,40400,14743,143473,59.64%,62043,25.79%,35050,14.57%,29
Raichur (05),267156,12446,4.66%,5801,2.17%,3645,1.36%,3088,1.16%,21841,10113,132648,49.65%,96968,36.3%,37538,14.05%,29
Koppal (06),222255,13078,5.88%,7727,3.48%,1056,0.48%,4305,1.94%,30423,6349,163994,73.79%,45958,20.68%,12303,5.54%,29
Gadag (07),134976,8693,6.44%,6248,4.63%,433,0.32%,2016,1.49%,5102,3282,94123,69.73%,32037,23.74%,8791,6.51%,29
Dharwad (08),160538,13540,8.43%,6717,4.18%,557,0.35%,6273,3.91%,9528,3662,132307,82.41%,20705,12.9%,7523,4.69%,29
Uttara Kannada (09),240456,24540,10.21%,15338,6.38%,1385,0.58%,7822,3.25%,17084,8261,172894,71.9%,46271,19.24%,21278,8.85%,29
Haveri (10),257562,13707,5.32%,9094,3.53%,849,0.33%,3766,1.46%,12026,7821,191657,74.41%,47654,18.5%,18201,7.07%,29
Bellary (11),290257,28382,9.78%,10034,3.46%,2161,0.74%,16187,5.58%,41041,8079,209004,72.01%,58935,20.3%,22318,7.69%,29
Chitradurga (12),282921,16260,5.75%,11589,4.1%,844,0.3%,3836,1.36%,15390,7834,224157,79.23%,43187,15.26%,15573,5.5%,29
Davanagere (13),278261,18179,6.53%,11320,4.07%,1392,0.5%,5482,1.97%,31476,8149,211360,75.96%,47247,16.98%,19654,7.06%,29
Shimoga (14),257688,13673,5.31%,9187,3.57%,660,0.26%,3828,1.49%,7665,6385,186758,72.47%,46889,18.2%,24041,9.33%,29
Udupi (15),200232,47272,23.61%,9766,4.88%,7163,3.58%,30355,15.16%,23340,11475,112188,56.03%,60947,30.44%,27096,13.53%,29
CHIKMAGALUR (16),206997,13621,6.58%,8225,3.97%,1089,0.53%,4321,2.09%,19844,7684,147025,71.03%,41855,20.22%,18076,8.73%,29
Tumkur (17),488277,30415,6.23%,17897,3.67%,2197,0.45%,10323,2.11%,22556,12647,384351,78.72%,78649,16.11%,25190,5.16%,29
Bangalore (18),269172,123668,45.94%,7207,2.68%,11725,4.36%,104750,38.92%,24477,11739,145563,54.08%,91601,34.03%,31939,11.87%,29
Mandya (19),351462,24915,7.09%,12091,3.44%,2589,0.74%,10247,2.92%,34834,11164,245407,69.82%,82329,23.42%,23726,6.75%,29
Hassan (20),348175,25647,7.37%,15370,4.41%,2035,0.58%,8256,2.37%,37139,11949,269146,77.3%,58730,16.87%,20271,5.82%,29
Dakshina Kannada (21),276202,49441,17.9%,12640,4.58%,8780,3.18%,28021,10.15%,46350,13334,159173,57.63%,80834,29.27%,36195,13.1%,29
Kodagu (22),114715,11822,10.31%,5429,4.73%,1167,1.02%,5226,4.56%,9068,3403,75408,65.74%,24717,21.55%,14589,12.72%,29
Mysore (23),416354,27274,6.55%,11150,2.68%,4239,1.02%,11885,2.85%,63149,17594,250273,60.11%,121074,29.08%,45003,10.81%,29
Chamarajanagar (24),203466,9943,4.89%,5616,2.76%,620,0.3%,3710,1.82%,7785,5308,154444,75.91%,41009,20.16%,8013,3.94%,29
Gulbarga(Kalaburagi) (25),314651,30116,9.57%,8644,2.75%,5011,1.59%,16522,5.25%,37701,9943,149538,47.53%,97230,30.9%,67874,21.57%,29
Yadgir (26),158580,9609,6.06%,3852,2.43%,3045,1.92%,2720,1.72%,13678,4475,85757,54.08%,53088,33.48%,19735,12.44%,29
Kolar (27),226042,18938,8.38%,9281,4.11%,1694,0.75%,7969,3.53%,16817,7664,164552,72.8%,47426,20.98%,14064,6.22%,29
Chikkaballapura (28),218901,11514,5.26%,6284,2.87%,1124,0.51%,4267,1.95%,6650,5351,167726,76.62%,42019,19.2%,8797,4.02%,29
Bangalore Rural (29),158426,30609,19.32%,5202,3.28%,2502,1.58%,22905,14.46%,24047,6235,108229,68.32%,38717,24.44%,11430,7.21%,29
Ramanagara (30),195562,20276,10.37%,6014,3.08%,2087,1.07%,12216,6.25%,25788,6604,147537,75.44%,37704,19.28%,10275,5.25%,29
All India Total,179787454,17340999,9.65%,8994054,5%,2016399,1.12%,6415270,3.57%,8220522,4896989,133985215,74.52%,30894589,17.18%,14828438,8.25%,30
West Zone Total,31206237,3352606,10.74%,1600362,5.13%,356772,1.14%,1398615,4.48%,1458445,1126170,22135192,70.93%,5855964,18.77%,3204134,10.27%,30
State Total,220731,129404,58.63%,28800,13.05%,6195,2.81%,94538,42.83%,43381,19614,88335,40.02%,74568,33.78%,57667,26.13%,30
NorthGoa (01),140451,84295,60.02%,21665,15.43%,3331,2.37%,59299,42.22%,28302,12023,55266,39.35%,44929,31.99%,40181,28.61%,30
SouthGoa (02),80280,45109,56.19%,7135,8.89%,2864,3.57%,35239,43.9%,15079,7591,33069,41.19%,29639,36.92%,17486,21.78%,30
All India Total,179787454,17340999,9.65%,8994054,5%,2016399,1.12%,6415270,3.57%,8220522,4896989,133985215,74.52%,30894589,17.18%,14828438,8.25%,31
UT Zone Total,1338560,791604,59.14%,137225,10.25%,93946,7.02%,560573,41.88%,216570,223027,480016,35.86%,507298,37.9%,351244,26.24%,31
State Total,10929,4907,44.9%,4495,41.13%,129,1.18%,286,2.62%,2172,336,4713,43.12%,1496,13.69%,4720,43.19%,31
Lakshadweep (01),10929,4907,44.9%,4495,41.13%,129,1.18%,286,2.62%,2172,336,4713,43.12%,1496,13.69%,4720,43.19%,31
All India Total,179787454,17340999,9.65%,8994054,5%,2016399,1.12%,6415270,3.57%,8220522,4896989,133985215,74.52%,30894589,17.18%,14828438,8.25%,32
South Zone Total,39443917,3652759,9.26%,1545951,3.92%,371569,0.94%,1741159,4.41%,2176116,1002611,29579625,74.99%,7007852,17.77%,2835724,7.19%,32
State Total,6319215,882172,13.96%,438337,6.94%,69916,1.11%,374861,5.93%,413815,137821,4471062,70.75%,1073989,17%,774163,12.25%,32
Kasaragod (01),232943,23690,10.17%,11917,5.12%,1952,0.84%,9840,4.22%,13933,5520,166728,71.57%,40907,17.56%,25308,10.86%,32
Kannur (02),475109,62790,13.22%,33539,7.06%,4649,0.98%,24808,5.22%,33625,12490,328043,69.05%,84567,17.8%,62499,13.15%,32
Wayanad (03),180860,17000,9.4%,10377,5.74%,1333,0.74%,5295,2.93%,11800,2718,144085,79.67%,21339,11.8%,15436,8.53%,32
Kozhikode (04),537969,57969,10.78%,38195,7.1%,3524,0.66%,16469,3.06%,32875,12502,392856,73.03%,82889,15.41%,62224,11.57%,32
Malappuram (05),707117,53707,7.6%,29558,4.18%,3791,0.54%,20428,2.89%,30908,8610,534204,75.55%,113313,16.02%,59600,8.43%,32
Palakkad (06),563475,65188,11.57%,31676,5.62%,4883,0.87%,28634,5.08%,23877,10558,419120,74.38%,88146,15.64%,56208,9.98%,32
Thrissur (07),591510,90011,15.22%,31580,5.34%,8182,1.38%,50285,8.5%,38445,12319,409571,69.24%,107102,18.11%,74837,12.65%,32
Ernakulam (08),529673,100771,19.03%,37434,7.07%,9256,1.75%,54159,10.22%,46623,15565,340976,64.37%,107014,20.2%,81683,15.42%,32
Idukki (09),258610,38724,14.97%,13374,5.17%,3253,1.26%,22143,8.56%,16406,6341,189453,73.26%,44131,17.06%,25026,9.68%,32
Kottayam (10),418899,75821,18.1%,32735,7.81%,6589,1.57%,36569,8.73%,37081,12206,270028,64.46%,79211,18.91%,69660,16.63%,32
Alappuzha (11),454793,82077,18.05%,44120,9.7%,5266,1.16%,32745,7.2%,33516,8961,315662,69.41%,75677,16.64%,63454,13.95%,32
Pathanamthitta (12),283661,45600,16.08%,24622,8.68%,4022,1.42%,16980,5.99%,19526,5962,183429,64.66%,56629,19.96%,43603,15.37%,32
Kollam (13),542337,85536,15.77%,49451,9.12%,6468,1.19%,29673,5.47%,39188,12444,374824,69.11%,93545,17.25%,73968,13.64%,32
Thiruvananthapuram (14),542259,83288,15.36%,49759,9.18%,6748,1.24%,26833,4.95%,36012,11625,402083,74.15%,79519,14.66%,60657,11.19%,32
All India Total,179787454,17340999,9.65%,8994054,5%,2016399,1.12%,6415270,3.57%,8220522,4896989,133985215,74.52%,30894589,17.18%,14828438,8.25%,33
South Zone Total,39443917,3652759,9.26%,1545951,3.92%,371569,0.94%,1741159,4.41%,2176116,1002611,29579625,74.99%,7007852,17.77%,2835724,7.19%,33
State Total,10088119,1114828,11.05%,461540,4.58%,65828,0.65%,588028,5.83%,404306,157297,7868873,78%,1614901,16.01%,603035,5.98%,33
Thiruvallur (01),368152,90518,24.59%,20728,5.63%,5975,1.62%,63816,17.33%,23134,10435,272451,74.01%,67176,18.25%,28525,7.75%,33
Kancheepuram (03),432465,95210,22.02%,22108,5.11%,3123,0.72%,69985,16.18%,31107,7124,287770,66.54%,98896,22.87%,45799,10.59%,33
Vellore (04),587123,70768,12.05%,31978,5.45%,3813,0.65%,34977,5.96%,24612,6371,479585,81.68%,75723,12.9%,31815,5.42%,33
Tiruvannamalai (05),488091,40609,8.32%,23163,4.75%,2035,0.42%,15423,3.16%,15506,9016,414906,85.01%,54026,11.07%,19159,3.93%,33
Viluppuram (06),671784,46943,6.99%,24445,3.64%,2740,0.41%,19768,2.94%,18983,7209,547616,81.52%,96227,14.32%,27941,4.16%,33
Salem (07),501419,40023,7.98%,17755,3.54%,3101,0.62%,19677,3.92%,17491,7112,389663,77.71%,85128,16.98%,26278,5.24%,33
Namakkal (08),285291,26771,9.38%,11485,4.03%,1314,0.46%,13977,4.9%,11954,3800,207545,72.75%,57047,20%,20699,7.26%,33
Erode (09),322172,29082,9.03%,11958,3.71%,1430,0.44%,15694,4.87%,12149,5459,246862,76.62%,54492,16.91%,20818,6.46%,33
The Nilgiris (10),84323,12313,14.6%,5127,6.08%,1765,2.09%,5421,6.43%,4664,1393,66833,79.26%,11710,13.89%,5780,6.85%,33
Dindigul (11),368203,33997,9.23%,15899,4.32%,1547,0.42%,16551,4.5%,12215,4795,294532,79.99%,54410,14.78%,19261,5.23%,33
Karur (12),176084,13598,7.72%,5871,3.33%,574,0.33%,7155,4.06%,5687,1848,140560,79.83%,27553,15.65%,7971,4.53%,33
Tiruchirappalli (13),368071,42711,11.6%,21871,5.94%,2623,0.71%,18217,4.95%,18425,5104,295810,80.37%,48717,13.24%,23544,6.4%,33
Perambalur (14),122676,6910,5.63%,3785,3.09%,483,0.39%,2648,2.16%,2926,1649,103461,84.34%,14290,11.65%,4925,4.01%,33
Ariyalur (15),175439,14083,8.03%,7887,4.5%,856,0.49%,5340,3.04%,6364,1507,142921,81.46%,22910,13.06%,9608,5.48%,33
Cuddalore (16),436344,46169,10.58%,19201,4.4%,4191,0.96%,22777,5.22%,17513,7625,351761,80.62%,58163,13.33%,25550,5.86%,33
Nagapattinam (17),318840,32169,10.09%,13162,4.13%,3401,1.07%,15607,4.89%,9407,4996,252226,79.11%,49741,15.6%,16873,5.29%,33
Thiruvarur (18),258848,19524,7.54%,12265,4.74%,1118,0.43%,6141,2.37%,8746,2878,213969,82.66%,32310,12.48%,12569,4.86%,33
Thanjavur (19),407041,36072,8.86%,18206,4.47%,2187,0.54%,15681,3.85%,16180,4377,312557,76.79%,65075,15.99%,29409,7.23%,33
Pudukkottai (20),313859,22878,7.29%,12067,3.84%,842,0.27%,9971,3.18%,9602,3658,257413,82.02%,44364,14.14%,12082,3.85%,33
Sivaganga (21),240032,24945,10.39%,10617,4.42%,1779,0.74%,12552,5.23%,7324,3846,197924,82.46%,30115,12.55%,11993,5%,33
Madurai (22),329414,36571,11.1%,16142,4.9%,1657,0.5%,18777,5.7%,12337,4322,253105,76.83%,58619,17.79%,17690,5.37%,33
Theni (23),151886,11102,7.31%,6526,4.3%,428,0.28%,4148,2.73%,5269,1662,111738,73.57%,30908,20.35%,9240,6.08%,33
Virudhunagar (24),340545,40391,11.86%,17893,5.25%,1810,0.53%,20689,6.08%,14869,4957,270220,79.35%,48323,14.19%,22002,6.46%,33
Ramanathapuram (25),238720,16169,6.77%,9453,3.96%,733,0.31%,5983,2.51%,6736,3361,181585,76.07%,44491,18.64%,12644,5.3%,33
Thoothukkudi (26),257307,26579,10.33%,15200,5.91%,1149,0.45%,10230,3.98%,11890,4106,198773,77.25%,42855,16.66%,15679,6.09%,33
Tirunelveli (27),422627,40986,9.7%,20525,4.86%,1973,0.47%,18489,4.37%,17072,5295,336834,79.7%,62442,14.77%,23351,5.53%,33
Kanniyakumari (28),166505,25450,15.28%,12233,7.35%,2113,1.27%,11105,6.67%,9287,3717,105259,63.22%,43589,26.18%,17657,10.6%,33
Dharmapuri (29),323955,32286,9.97%,18938,5.85%,1859,0.57%,11489,3.55%,14531,7290,244847,75.58%,56950,17.58%,22158,6.84%,33
Krishnagiri (30),343293,44178,12.87%,18117,5.28%,3111,0.91%,22950,6.69%,14659,7994,263564,76.78%,59483,17.33%,20246,5.9%,33
Coimbatore (31),268951,69658,25.9%,9305,3.46%,5080,1.89%,55273,20.55%,13201,7307,181987,67.67%,63309,23.54%,23655,8.8%,33
Tiruppur (32),318659,26165,8.21%,7630,2.39%,1018,0.32%,17517,5.5%,10466,7084,244596,76.76%,55859,17.53%,18114,5.68%,33
All India Total,179787454,17340999,9.65%,8994054,5%,2016399,1.12%,6415270,3.57%,8220522,4896989,133985215,74.52%,30894589,17.18%,14828438,8.25%,34
UT Zone Total,1338560,791604,59.14%,137225,10.25%,93946,7.02%,560573,41.88%,216570,223027,480016,35.86%,507298,37.9%,351244,26.24%,34
State Total,115249,38527,33.43%,10852,9.42%,3593,3.12%,24182,20.98%,6705,4327,80135,69.53%,20978,18.2%,14135,12.26%,34
Puducherry (02),88898,29323,32.98%,7890,8.88%,2572,2.89%,18959,21.33%,4814,2547,62899,70.75%,15887,17.87%,10111,11.37%,34
Karaikal (04),26351,9204,34.93%,2962,11.24%,1021,3.87%,5223,19.82%,1891,1780,17236,65.41%,5091,19.32%,4024,15.27%,34
All India Total,179787454,17340999,9.65%,8994054,5%,2016399,1.12%,6415270,3.57%,8220522,4896989,133985215,74.52%,30894589,17.18%,14828438,8.25%,35
UT Zone Total,1338560,791604,59.14%,137225,10.25%,93946,7.02%,560573,41.88%,216570,223027,480016,35.86%,507298,37.9%,351244,26.24%,35
State Total,68481,31520,46.03%,19019,27.77%,935,1.37%,11603,16.94%,15668,3369,34736,50.72%,14477,21.14%,19268,28.14%,35
Nicobars (01),9333,3517,37.68%,2362,25.31%,63,0.68%,1098,11.76%,1850,374,5915,63.38%,1192,12.77%,2226,23.85%,35
North  & Middle Andaman (02),26990,7644,28.32%,6735,24.95%,261,0.97%,671,2.49%,5322,1167,15294,56.67%,4927,18.25%,6769,25.08%,35
South Andaman (03),32158,20359,63.31%,9922,30.85%,611,1.9%,9834,30.58%,8496,1828,13527,42.06%,8358,25.99%,10273,31.95%,35
All India Total,179787454,17340999,9.65%,8994054,5%,2016399,1.12%,6415270,3.57%,8220522,4896989,133985215,74.52%,30894589,17.18%,14828438,8.25%,36
South Zone Total,39443917,3652759,9.26%,1545951,3.92%,371569,0.94%,1741159,4.41%,2176116,1002611,29579625,74.99%,7007852,17.77%,2835724,7.19%,36
State Total,5643739,433881,7.69%,154849,2.74%,114015,2.02%,167944,2.98%,349392,196429,4249143,75.29%,1063997,18.85%,327526,5.8%,36
Adilabad (01),475708,27660,5.81%,17759,3.73%,1995,0.42%,7926,1.67%,46663,25646,396799,83.41%,50248,10.56%,28570,6.01%,36
Nizamabad (02),531257,69773,13.13%,4552,0.86%,63248,11.91%,4462,0.84%,111585,26274,257225,48.42%,203168,38.24%,70728,13.31%,36
Karimnagar (03),751791,31531,4.19%,15562,2.07%,2641,0.35%,13328,1.77%,26011,17833,592161,78.77%,128371,17.08%,31240,4.16%,36
Medak (04),620236,86841,14%,39657,6.39%,18707,3.02%,28832,4.65%,53499,21267,442270,71.31%,126153,20.34%,51597,8.32%,36
Rangareddy (06),502832,86277,17.16%,19107,3.8%,7056,1.4%,60132,11.96%,41144,29825,344096,68.43%,112061,22.29%,46045,9.16%,36
Mahbubnagar (07),735280,27404,3.73%,11442,1.56%,3160,0.43%,12802,1.74%,22248,27093,583625,79.37%,123585,16.81%,27852,3.79%,36
Nalgonda (08),760630,43167,5.68%,14722,1.94%,9220,1.21%,19225,2.53%,11956,20623,630839,82.94%,106146,13.96%,22069,2.9%,36
Warangal (09),715975,34426,4.81%,17075,2.38%,4134,0.58%,13260,1.85%,17464,16861,591620,82.63%,96503,13.48%,27814,3.88%,36
Khammam (10),550030,26802,4.87%,14973,2.72%,3854,0.7%,7977,1.45%,18822,11007,410508,74.63%,117762,21.41%,21611,3.93%,36
