District Name,Total Households,Refrigerator,% Refrigerator,Telephone/Mobile phone - 1 = Landline only,Telephone/Mobile phone - % 1 = Landline only,Telephone/Mobile phone - 2 = Mobile only,Telephone/Mobile phone - % 2 = Mobile only,Telephone/Mobile phone - 3 = Both (Landline and Mobile),Telephone/Mobile phone - % 3 = Both (Landline and Mobile),Telephone/Mobile phone - 4 = NO,Telephone/Mobile phone - % 4 = NO,Motorized Two/Three/Four Wheelers or Motorized Fishing Boat requiring registration,% Motorized Two/Three/Four Wheelers or Motorized Fishing Boat requiring registration,State_Code
All India Total,179787454,19785132,11%,1812487,1.01%,122734905,68.27%,4881392,2.72%,50352648,28.01%,37231701,20.71%,01
North Zone Total,9104338,4148545,45.57%,98041,1.08%,7255023,79.69%,432080,4.75%,1318615,14.48%,3132980,34.41%,01
State Total,1601606,288433,18.01%,15479,0.97%,1153745,72.04%,34011,2.12%,398371,24.87%,193030,12.05%,01
Kupwara (01),107636,5099,4.74%,937,0.87%,75663,70.3%,1308,1.22%,29728,27.62%,8157,7.58%,01
Badgam (02),97773,9762,9.98%,343,0.35%,76804,78.55%,2220,2.27%,18406,18.83%,9638,9.86%,01
Leh(Ladakh) (03),17723,1038,5.86%,1991,11.23%,7346,41.45%,1854,10.46%,6532,36.86%,9148,51.62%,01
Kargil (04),15923,620,3.89%,1246,7.83%,6837,42.94%,685,4.3%,7155,44.93%,5526,34.7%,01
Punch (05),81685,4330,5.3%,1406,1.72%,48298,59.13%,1185,1.45%,30796,37.7%,2880,3.53%,01
Rajouri (06),127822,22039,17.24%,1411,1.1%,83296,65.17%,1524,1.19%,41591,32.54%,7695,6.02%,01
Kathua (07),99768,37872,37.96%,1020,1.02%,77991,78.17%,3049,3.06%,17708,17.75%,17498,17.54%,01
Baramula (08),123540,9665,7.82%,536,0.43%,98753,79.94%,2042,1.65%,22209,17.98%,10742,8.7%,01
Bandipore (09),47848,2829,5.91%,381,0.8%,30913,64.61%,643,1.34%,15911,33.25%,5231,10.93%,01
Srinagar (10),4304,1263,29.34%,11,0.26%,3832,89.03%,72,1.67%,389,9.04%,885,20.56%,01
Ganderbal (11),40450,2897,7.16%,280,0.69%,32572,80.52%,703,1.74%,6895,17.05%,3572,8.83%,01
Pulwama (12),79308,7724,9.74%,305,0.38%,65061,82.04%,1958,2.47%,11984,15.11%,7987,10.07%,01
Shupiyan (13),42691,2152,5.04%,197,0.46%,33759,79.08%,651,1.52%,8084,18.94%,6137,14.38%,01
Anantnag (14),123476,6557,5.31%,519,0.42%,96255,77.95%,2013,1.63%,24689,19.99%,8766,7.1%,01
Kulgam (15),61426,1787,2.91%,163,0.27%,39147,63.73%,526,0.86%,21590,35.15%,3323,5.41%,01
Doda (16),74110,5780,7.8%,260,0.35%,55565,74.98%,524,0.71%,17761,23.97%,2382,3.21%,01
Ramban (17),55171,3008,5.45%,94,0.17%,31708,57.47%,290,0.53%,23079,41.83%,1068,1.94%,01
Kishtwar (18),42273,3381,8%,87,0.21%,20398,48.25%,304,0.72%,21484,50.82%,1944,4.6%,01
Udhampur (19),79845,17645,22.1%,259,0.32%,61465,76.98%,1691,2.12%,16430,20.58%,5838,7.31%,01
Reasi (20),52339,9609,18.36%,825,1.58%,34513,65.94%,734,1.4%,16267,31.08%,3473,6.64%,01
Jammu (21),170917,96683,56.57%,2131,1.25%,126416,73.96%,8180,4.79%,34190,20%,50881,29.77%,01
Samba (22),55578,36693,66.02%,1077,1.94%,47153,84.84%,1855,3.34%,5493,9.88%,20259,36.45%,01
All India Total,179787454,19785132,11%,1812487,1.01%,122734905,68.27%,4881392,2.72%,50352648,28.01%,37231701,20.71%,02
North Zone Total,9104338,4148545,45.57%,98041,1.08%,7255023,79.69%,432080,4.75%,1318615,14.48%,3132980,34.41%,02
State Total,1263756,531266,42.04%,21031,1.66%,992290,78.52%,127333,10.08%,123102,9.74%,251529,19.9%,02
Chamba (01),92274,23671,25.65%,1121,1.21%,73582,79.74%,3506,3.8%,14065,15.24%,8766,9.5%,02
Kangra (02),309461,175025,56.56%,5394,1.74%,244021,78.85%,33603,10.86%,26443,8.54%,75829,24.5%,02
LahulSpiti (03),6177,259,4.19%,322,5.21%,3655,59.17%,901,14.59%,1299,21.03%,954,15.44%,02
Kullu (04),79798,16583,20.78%,411,0.52%,68752,86.16%,2902,3.64%,7733,9.69%,10014,12.55%,02
Mandi (05),198952,63834,32.09%,3908,1.96%,146534,73.65%,23501,11.81%,25009,12.57%,27305,13.72%,02
Hamirpur (06),96745,54862,56.71%,2425,2.51%,69316,71.65%,17130,17.71%,7874,8.14%,18165,18.78%,02
Una (07),97451,60362,61.94%,1372,1.41%,79029,81.1%,7675,7.88%,9375,9.62%,37403,38.38%,02
Bilaspur (08),70768,33106,46.78%,1828,2.58%,50798,71.78%,10758,15.2%,7384,10.43%,12971,18.33%,02
Solan (09),90043,43414,48.21%,2039,2.26%,67686,75.17%,13711,15.23%,6607,7.34%,26200,29.1%,02
Sirmaur (10),82214,22820,27.76%,729,0.89%,69653,84.72%,2490,3.03%,9342,11.36%,15227,18.52%,02
Shimla (11),121586,34191,28.12%,1189,0.98%,105248,86.56%,8856,7.28%,6293,5.18%,15903,13.08%,02
Kinnaur (12),18287,3139,17.17%,293,1.6%,14016,76.64%,2300,12.58%,1678,9.18%,2792,15.27%,02
All India Total,179787454,19785132,11%,1812487,1.01%,122734905,68.27%,4881392,2.72%,50352648,28.01%,37231701,20.71%,03
North Zone Total,9104338,4148545,45.57%,98041,1.08%,7255023,79.69%,432080,4.75%,1318615,14.48%,3132980,34.41%,03
State Total,3269467,2171673,66.42%,42734,1.31%,2599688,79.51%,204062,6.24%,422983,12.94%,1672686,51.16%,03
Gurdaspur (01),297035,206262,69.44%,7837,2.64%,230975,77.76%,13715,4.62%,44508,14.98%,152056,51.19%,03
Kapurthala (02),104862,87143,83.1%,861,0.82%,90961,86.74%,4385,4.18%,8655,8.25%,64912,61.9%,03
Jalandhar (03),214994,176204,81.96%,2382,1.11%,176313,82.01%,21032,9.78%,15267,7.1%,127652,59.37%,03
Hoshiarpur (04),263563,190887,72.43%,3886,1.47%,205703,78.05%,25607,9.72%,28367,10.76%,144082,54.67%,03
Shahid Bhagat Singh Nagar (05),103553,79014,76.3%,1619,1.56%,79475,76.75%,14415,13.92%,8044,7.77%,56355,54.42%,03
Fatehgarh Sahib (06),76287,53267,69.82%,523,0.69%,57757,75.71%,5463,7.16%,12544,16.44%,44186,57.92%,03
Ludhiana (07),269447,189106,70.18%,5108,1.9%,199330,73.98%,28442,10.56%,36567,13.57%,150429,55.83%,03
Moga (08),143743,93579,65.1%,1064,0.74%,114410,79.59%,7810,5.43%,20459,14.23%,66365,46.17%,03
Firozpur (09),270011,135460,50.17%,1228,0.45%,207108,76.7%,10379,3.84%,51296,19%,112952,41.83%,03
Muktsar (10),123773,66098,53.4%,1197,0.97%,98417,79.51%,6757,5.46%,17402,14.06%,50012,40.41%,03
Faridkot (11),74717,45646,61.09%,556,0.74%,63770,85.35%,3682,4.93%,6709,8.98%,37620,50.35%,03
Bathinda (12),159138,95822,60.21%,1423,0.89%,134884,84.76%,6260,3.93%,16571,10.41%,70785,44.48%,03
Mansa (13),114443,55147,48.19%,794,0.69%,89396,78.11%,3363,2.94%,20890,18.25%,40317,35.23%,03
Patiala (14),213729,140532,65.75%,1711,0.8%,179592,84.03%,8105,3.79%,24321,11.38%,116317,54.42%,03
Amritsar (15),206172,139558,67.69%,3908,1.9%,167575,81.28%,3564,1.73%,31125,15.1%,108124,52.44%,03
Tarn Taran (16),165688,110218,66.52%,1796,1.08%,140243,84.64%,1834,1.11%,21815,13.17%,80639,48.67%,03
Rupnagar (17),94482,65751,69.59%,1214,1.28%,77309,81.82%,6301,6.67%,9658,10.22%,55485,58.73%,03
Sahibzada Ajit Singh Nagar (18),85222,58947,69.17%,1134,1.33%,73684,86.46%,2353,2.76%,8051,9.45%,50231,58.94%,03
Sangrur (19),214234,132717,61.95%,3471,1.62%,156546,73.07%,22516,10.51%,31701,14.8%,107717,50.28%,03
Barnala (20),74374,50315,67.65%,1022,1.37%,56240,75.62%,8079,10.86%,9033,12.15%,36450,49.01%,03
All India Total,179787454,19785132,11%,1812487,1.01%,122734905,68.27%,4881392,2.72%,50352648,28.01%,37231701,20.71%,04
UT Zone Total,1338560,780191,58.29%,47515,3.55%,1140574,85.21%,54310,4.06%,96160,7.18%,631236,47.16%,04
State Total,15657,7373,47.09%,36,0.23%,14344,91.61%,550,3.51%,727,4.64%,5796,37.02%,04
CHANDIGARH DISTRICT (01),15657,7373,47.09%,36,0.23%,14344,91.61%,550,3.51%,727,4.64%,5796,37.02%,04
All India Total,179787454,19785132,11%,1812487,1.01%,122734905,68.27%,4881392,2.72%,50352648,28.01%,37231701,20.71%,05
Central Zone Total,43325279,3171123,7.32%,238721,0.55%,30414807,70.2%,450403,1.04%,12220529,28.21%,9399653,21.7%,05
State Total,1479742,340968,23.04%,11192,0.76%,1281517,86.6%,26185,1.77%,160758,10.86%,344556,23.28%,05
Uttarkashi (01),64836,5756,8.88%,384,0.59%,47874,73.84%,573,0.88%,16005,24.69%,3623,5.59%,05
Chamoli (02),70323,5083,7.23%,488,0.69%,57840,82.25%,1413,2.01%,10582,15.05%,3073,4.37%,05
Rudraprayag (03),48830,5054,10.35%,319,0.65%,45030,92.22%,751,1.54%,2730,5.59%,10715,21.94%,05
TehriGarhwal (04),119766,12924,10.79%,505,0.42%,107652,89.89%,954,0.8%,10655,8.9%,9643,8.05%,05
Dehradun (05),165649,90294,54.51%,1467,0.89%,147078,88.79%,4975,3%,12129,7.32%,77574,46.83%,05
Garhwal (06),140122,29010,20.7%,1502,1.07%,122264,87.26%,3115,2.22%,13241,9.45%,17210,12.28%,05
Pithoragarh (07),91906,10189,11.09%,705,0.77%,68116,74.11%,1764,1.92%,21321,23.2%,4976,5.41%,05
Bageshwar (08),53420,5579,10.44%,280,0.52%,43636,81.68%,632,1.18%,8798,16.47%,2377,4.45%,05
Almora (09),125275,9249,7.38%,1203,0.96%,111446,88.96%,3089,2.47%,9537,7.61%,5187,4.14%,05
Champawat (10),44150,5975,13.53%,414,0.94%,36321,82.27%,572,1.3%,6843,15.5%,5113,11.58%,05
Nainital (11),117469,40634,34.59%,1318,1.12%,103253,87.9%,2944,2.51%,9938,8.46%,35417,30.15%,05
UdhamSinghNagar (12),206204,62085,30.11%,1124,0.55%,184500,89.47%,3332,1.62%,17248,8.36%,81268,39.41%,05
Hardwar (13),231792,59136,25.51%,1483,0.64%,206507,89.09%,2071,0.89%,21731,9.38%,88380,38.13%,05
All India Total,179787454,19785132,11%,1812487,1.01%,122734905,68.27%,4881392,2.72%,50352648,28.01%,37231701,20.71%,06
North Zone Total,9104338,4148545,45.57%,98041,1.08%,7255023,79.69%,432080,4.75%,1318615,14.48%,3132980,34.41%,06
State Total,2969509,1157173,38.97%,18797,0.63%,2509300,84.5%,66674,2.25%,374159,12.6%,1015735,34.21%,06
Panchkula (01),47620,23821,50.02%,379,0.8%,38843,81.57%,1342,2.82%,7056,14.82%,19142,40.2%,06
Ambala (02),114196,48127,42.14%,916,0.8%,93750,82.1%,4333,3.79%,15195,13.31%,47110,41.25%,06
Yamunanagar (03),132327,48638,36.76%,971,0.73%,105370,79.63%,3352,2.53%,22634,17.1%,53958,40.78%,06
Kurukshetra (04),129992,60404,46.47%,553,0.43%,106275,81.76%,4257,3.27%,18901,14.54%,52571,40.44%,06
Kaithal (05),152125,54876,36.07%,536,0.35%,130941,86.07%,2524,1.66%,18110,11.9%,48721,32.03%,06
Karnal (06),183992,67285,36.57%,482,0.26%,153021,83.17%,2275,1.24%,28200,15.33%,70200,38.15%,06
Panipat (07),115331,45805,39.72%,701,0.61%,97504,84.54%,2039,1.77%,15064,13.06%,41158,35.69%,06
Sonipat (08),178864,82070,45.88%,1093,0.61%,153668,85.91%,3609,2.02%,20486,11.45%,59950,33.52%,06
Jind (09),185184,66662,36%,990,0.53%,162362,87.68%,4462,2.41%,17370,9.38%,52359,28.27%,06
Fatehabad (10),138546,50327,36.33%,504,0.36%,114857,82.9%,3148,2.27%,20026,14.45%,46289,33.41%,06
Sirsa (11),175850,66673,37.91%,2390,1.36%,146464,83.29%,5986,3.4%,20794,11.82%,64058,36.43%,06
Hisar (12),224387,75947,33.85%,994,0.44%,192267,85.69%,4365,1.95%,26702,11.9%,64904,28.93%,06
Bhiwani (13),244308,91670,37.52%,1937,0.79%,209517,85.76%,4349,1.78%,28491,11.66%,59080,24.18%,06
Rohtak (14),109762,53977,49.18%,597,0.54%,97678,88.99%,2045,1.86%,9389,8.55%,33201,30.25%,06
Jhajjar (15),126621,61640,48.68%,1511,1.19%,105928,83.66%,2884,2.28%,16297,12.87%,39640,31.31%,06
Mahendragarh (16),144210,49422,34.27%,572,0.4%,125354,86.92%,3722,2.58%,14556,10.09%,45623,31.64%,06
Rewari (17),133065,57613,43.3%,1006,0.76%,110822,83.28%,5023,3.77%,16200,12.17%,50513,37.96%,06
Gurgaon (18),95792,52043,54.33%,312,0.33%,84987,88.72%,1942,2.03%,8529,8.9%,45039,47.02%,06
Mewat (19),140478,30133,21.45%,1179,0.84%,119410,85%,1346,0.96%,18519,13.18%,42365,30.16%,06
Faridabad (20),66824,29212,43.71%,286,0.43%,55017,82.33%,993,1.49%,10442,15.63%,31660,47.38%,06
Palwal (21),130035,40828,31.4%,888,0.68%,105265,80.95%,2678,2.06%,21198,16.3%,48194,37.06%,06
All India Total,179787454,19785132,11%,1812487,1.01%,122734905,68.27%,4881392,2.72%,50352648,28.01%,37231701,20.71%,07
UT Zone Total,1338560,780191,58.29%,47515,3.55%,1140574,85.21%,54310,4.06%,96160,7.18%,631236,47.16%,07
State Total,1051097,692751,65.91%,43719,4.16%,924746,87.98%,41229,3.92%,41403,3.94%,531213,50.54%,07
North West (01),299316,192997,64.48%,13253,4.43%,260457,87.02%,8279,2.77%,17327,5.79%,145388,48.57%,07
North (02),51632,34450,66.72%,411,0.8%,48587,94.1%,1428,2.77%,1206,2.34%,21294,41.24%,07
North East (03),194939,115085,59.04%,22962,11.78%,154191,79.1%,7087,3.64%,10699,5.49%,117546,60.3%,07
East (04),93117,72663,78.03%,2377,2.55%,82276,88.36%,6608,7.1%,1856,1.99%,57915,62.2%,07
West (07),124338,85817,69.02%,1336,1.07%,115582,92.96%,4075,3.28%,3345,2.69%,54635,43.94%,07
South West (08),112653,69659,61.84%,1226,1.09%,102736,91.2%,5380,4.78%,3311,2.94%,48341,42.91%,07
South (09),175102,122080,69.72%,2154,1.23%,160917,91.9%,8372,4.78%,3659,2.09%,86094,49.17%,07
All India Total,179787454,19785132,11%,1812487,1.01%,122734905,68.27%,4881392,2.72%,50352648,28.01%,37231701,20.71%,08
West Zone Total,31206237,3696378,11.84%,386552,1.24%,19819488,63.51%,832413,2.67%,10167757,32.58%,7341018,23.52%,08
State Total,10223073,937819,9.17%,30882,0.3%,6739486,65.92%,198653,1.94%,3254052,31.83%,2080351,20.35%,08
Ganganagar (01),287488,68999,24%,1446,0.5%,214117,74.48%,11799,4.1%,60126,20.91%,63510,22.09%,08
Hanumangarh (02),275589,58758,21.32%,1371,0.5%,208922,75.81%,9748,3.54%,55548,20.16%,54315,19.71%,08
Bikaner (03),261329,16607,6.35%,652,0.25%,218311,83.54%,4002,1.53%,38364,14.68%,28008,10.72%,08
Churu (04),276699,26799,9.69%,1147,0.41%,197195,71.27%,7117,2.57%,71240,25.75%,21414,7.74%,08
Jhunjhunun (05),317727,76651,24.12%,1901,0.6%,264611,83.28%,15234,4.79%,35981,11.32%,59303,18.66%,08
Alwar (06),529224,97907,18.5%,1295,0.24%,402647,76.08%,10722,2.03%,114560,21.65%,159901,30.21%,08
Bharatpur (07),343978,49319,14.34%,664,0.19%,257467,74.85%,4128,1.2%,81719,23.76%,90259,26.24%,08
Dhaulpur (08),173796,9637,5.55%,286,0.16%,95783,55.11%,1580,0.91%,76147,43.81%,26927,15.49%,08
Karauli (09),250656,16648,6.64%,545,0.22%,161557,64.45%,3939,1.57%,84615,33.76%,41565,16.58%,08
Sawai Madhopur (10),221430,12336,5.57%,426,0.19%,145518,65.72%,3224,1.46%,72262,32.63%,37380,16.88%,08
Dausa (11),273196,22133,8.1%,917,0.34%,187622,68.68%,3763,1.38%,80894,29.61%,64942,23.77%,08
Jaipur (12),530477,65846,12.41%,1656,0.31%,414797,78.19%,10276,1.94%,103748,19.56%,182637,34.43%,08
Sikar (13),369270,58467,15.83%,1430,0.39%,305347,82.69%,11444,3.1%,51049,13.82%,72164,19.54%,08
Nagaur (14),523798,59784,11.41%,1755,0.34%,417990,79.8%,14159,2.7%,89894,17.16%,100815,19.25%,08
Jodhpur (15),460672,39562,8.59%,921,0.2%,365747,79.39%,6256,1.36%,87748,19.05%,109070,23.68%,08
Jaisalmer (16),110525,5404,4.89%,361,0.33%,75041,67.9%,1200,1.09%,33923,30.69%,10470,9.47%,08
Barmer (17),481147,18593,3.86%,1589,0.33%,271333,56.39%,6179,1.28%,202046,41.99%,46098,9.58%,08
Jalor (18),324662,14109,4.35%,866,0.27%,240050,73.94%,5300,1.63%,78446,24.16%,53420,16.45%,08
Sirohi (19),170212,10797,6.34%,394,0.23%,107493,63.15%,2903,1.71%,59422,34.91%,30857,18.13%,08
Pali (20),352690,24787,7.03%,2546,0.72%,258431,73.27%,11968,3.39%,79745,22.61%,91400,25.92%,08
Ajmer (21),315014,21967,6.97%,964,0.31%,222975,70.78%,5229,1.66%,85846,27.25%,89084,28.28%,08
Tonk (22),233901,12074,5.16%,541,0.23%,148172,63.35%,3883,1.66%,81305,34.76%,56210,24.03%,08
Bundi (23),197992,7839,3.96%,771,0.39%,109939,55.53%,1897,0.96%,85385,43.13%,41101,20.76%,08
Bhilwara (24),419347,22205,5.3%,940,0.22%,252719,60.26%,8161,1.95%,157527,37.56%,107203,25.56%,08
Rajsamand (25),220162,11524,5.23%,497,0.23%,148682,67.53%,3848,1.75%,67135,30.49%,53094,24.12%,08
Dungarpur (26),298430,11753,3.94%,530,0.18%,86534,29%,4676,1.57%,206690,69.26%,23096,7.74%,08
Banswara (27),357369,14573,4.08%,1176,0.33%,83604,23.39%,2910,0.81%,269679,75.46%,29779,8.33%,08
Chittaurgarh (28),277402,14435,5.2%,594,0.21%,169530,61.11%,5216,1.88%,102062,36.79%,79964,28.83%,08
Kota (29),170991,10782,6.31%,354,0.21%,117844,68.92%,2847,1.66%,49946,29.21%,47012,27.49%,08
Baran (30),212554,11810,5.56%,388,0.18%,133197,62.67%,2156,1.01%,76813,36.14%,52243,24.58%,08
Jhalawar (31),260405,10850,4.17%,532,0.2%,152347,58.5%,3914,1.5%,103612,39.79%,46701,17.93%,08
Udaipur (32),546877,28443,5.2%,1248,0.23%,239875,43.86%,7666,1.4%,298088,54.51%,84618,15.47%,08
Pratapgarh (33),178064,6421,3.61%,179,0.1%,64089,35.99%,1309,0.74%,112487,63.17%,25791,14.48%,08
All India Total,179787454,19785132,11%,1812487,1.01%,122734905,68.27%,4881392,2.72%,50352648,28.01%,37231701,20.71%,09
Central Zone Total,43325279,3171123,7.32%,238721,0.55%,30414807,70.2%,450403,1.04%,12220529,28.21%,9399653,21.7%,09
State Total,26015592,2225416,8.55%,194255,0.75%,22550465,86.68%,286169,1.1%,2984006,11.47%,6681978,25.68%,09
Saharanpur (01),418340,105679,25.26%,7307,1.75%,386372,92.36%,5855,1.4%,18806,4.5%,208102,49.74%,09
Muzaffarnagar (02),502344,109497,21.8%,7811,1.55%,453598,90.3%,5431,1.08%,35504,7.07%,287085,57.15%,09
Bijnor (03),495304,52142,10.53%,5543,1.12%,437550,88.34%,2530,0.51%,49681,10.03%,129131,26.07%,09
Moradabad (04),521305,54972,10.55%,1545,0.3%,466230,89.44%,3194,0.61%,50336,9.66%,158355,30.38%,09
Rampur (05),299340,31590,10.55%,9179,3.07%,253139,84.57%,2923,0.98%,34099,11.39%,98027,32.75%,09
Jyotiba Phule Nagar (06),228537,52363,22.91%,7309,3.2%,201454,88.15%,3563,1.56%,16207,7.09%,130114,56.93%,09
Meerut (07),261180,60807,23.28%,853,0.33%,237487,90.93%,3503,1.34%,19337,7.4%,94227,36.08%,09
Baghpat (08),161232,48336,29.98%,3739,2.32%,145865,90.47%,2091,1.3%,9537,5.92%,54516,33.81%,09
Ghaziabad (09),295081,110498,37.45%,9845,3.34%,252065,85.42%,5837,1.98%,27334,9.26%,131485,44.56%,09
Gautam Buddha Nagar (10),289590,165499,57.15%,20544,7.09%,235151,81.2%,8988,3.1%,24907,8.6%,192076,66.33%,09
Bulandshahr (11),427475,63170,14.78%,1581,0.37%,390802,91.42%,3978,0.93%,31114,7.28%,153126,35.82%,09
Aligarh (12),418563,47138,11.26%,1532,0.37%,382247,91.32%,2939,0.7%,31845,7.61%,113157,27.03%,09
Mahamaya Nagar (13),199901,45743,22.88%,3287,1.64%,168191,84.14%,2738,1.37%,25685,12.85%,89411,44.73%,09
Mathura (14),294772,62378,21.16%,1514,0.51%,262226,88.96%,4025,1.37%,27007,9.16%,135582,46%,09
Agra (15),375187,100905,26.89%,4978,1.33%,307101,81.85%,33525,8.94%,29111,7.76%,166962,44.5%,09
Firozabad (16),265386,31790,11.98%,1566,0.59%,234639,88.41%,2065,0.78%,27116,10.22%,86961,32.77%,09
Mainpuri (17),258844,19708,7.61%,2302,0.89%,229215,88.55%,1582,0.61%,25745,9.95%,59096,22.83%,09
Budaun (18),480817,20715,4.31%,2992,0.62%,398944,82.97%,4084,0.85%,74797,15.56%,115484,24.02%,09
Bareilly (19),475247,29510,6.21%,2070,0.44%,418505,88.06%,4756,1%,49916,10.5%,138251,29.09%,09
Pilibhit (20),303726,13598,4.48%,1530,0.5%,250963,82.63%,1323,0.44%,49910,16.43%,48709,16.04%,09
Shahjahanpur (21),405601,13214,3.26%,2491,0.61%,341621,84.23%,3184,0.79%,58305,14.37%,78509,19.36%,09
Kheri (22),640850,27057,4.22%,1473,0.23%,489170,76.33%,5223,0.82%,144984,22.62%,130789,20.41%,09
Sitapur (23),714977,19798,2.77%,1574,0.22%,539390,75.44%,4067,0.57%,169946,23.77%,114086,15.96%,09
Hardoi (24),617677,26076,4.22%,2923,0.47%,532349,86.19%,5615,0.91%,76790,12.43%,164817,26.68%,09
Unnao (25),481545,18241,3.79%,1317,0.27%,410024,85.15%,3745,0.78%,66458,13.8%,82577,17.15%,09
Lucknow (26),278203,33117,11.9%,633,0.23%,225769,81.15%,1954,0.7%,49847,17.92%,73546,26.44%,09
Rae Bareli (27),569800,29720,5.22%,1656,0.29%,494323,86.75%,5136,0.9%,68685,12.05%,108372,19.02%,09
Farrukhabad (28),249331,13109,5.26%,637,0.26%,218308,87.56%,1990,0.8%,28394,11.39%,44929,18.02%,09
Kannauj (29),237103,13328,5.62%,366,0.15%,201484,84.98%,1412,0.6%,33841,14.27%,42922,18.1%,09
Etawah (30),213944,18857,8.81%,1619,0.76%,183645,85.84%,1555,0.73%,27120,12.68%,39088,18.27%,09
Auraiya (31),209864,13967,6.66%,2035,0.97%,181207,86.34%,3082,1.47%,23540,11.22%,37287,17.77%,09
Kanpur Dehat (32),310765,19545,6.29%,915,0.29%,270299,86.98%,2887,0.93%,36664,11.8%,58560,18.84%,09
Kanpur Nagar (33),289213,21442,7.41%,2053,0.71%,241927,83.65%,1922,0.66%,43311,14.98%,63324,21.9%,09
Jalaun (34),211977,19020,8.97%,1837,0.87%,195476,92.22%,1215,0.57%,13449,6.34%,49079,23.15%,09
Jhansi (35),212906,18391,8.64%,1254,0.59%,193900,91.07%,1649,0.77%,16103,7.56%,48240,22.66%,09
Lalitpur (36),186311,6041,3.24%,1741,0.93%,158231,84.93%,858,0.46%,25481,13.68%,57114,30.66%,09
Hamirpur (37),174857,9110,5.21%,312,0.18%,156629,89.58%,1396,0.8%,16520,9.45%,27858,15.93%,09
Mahoba (38),127389,4912,3.86%,151,0.12%,113441,89.05%,540,0.42%,13257,10.41%,22526,17.68%,09
Banda (39),269240,8194,3.04%,1903,0.71%,233724,86.81%,2977,1.11%,30636,11.38%,51758,19.22%,09
Chitrakoot (40),152132,5578,3.67%,229,0.15%,127296,83.67%,721,0.47%,23886,15.7%,19626,12.9%,09
Fatehpur (41),415053,14758,3.56%,1174,0.28%,351414,84.67%,3094,0.75%,59371,14.3%,68482,16.5%,09
Pratapgarh (42),494720,23630,4.78%,1727,0.35%,452043,91.37%,4192,0.85%,36758,7.43%,128486,25.97%,09
Kaushambi (43),255994,11410,4.46%,1987,0.78%,222978,87.1%,1307,0.51%,29722,11.61%,42915,16.76%,09
Allahabad (44),705588,49599,7.03%,4214,0.6%,613819,86.99%,8853,1.25%,78702,11.15%,219897,31.17%,09
Bara Banki (45),533550,26490,4.96%,975,0.18%,437947,82.08%,3914,0.73%,90714,17%,120369,22.56%,09
Faizabad (46),377144,21574,5.72%,600,0.16%,327757,86.91%,2991,0.79%,45796,12.14%,71560,18.97%,09
Ambedkar Nagar (47),322410,16648,5.16%,777,0.24%,297965,92.42%,4084,1.27%,19584,6.07%,76094,23.6%,09
Sultanpur (48),563089,30263,5.37%,2248,0.4%,498962,88.61%,7310,1.3%,54569,9.69%,126346,22.44%,09
Bahraich (49),541484,14819,2.74%,9633,1.78%,410506,75.81%,3268,0.6%,118077,21.81%,64421,11.9%,09
Shrawasti (50),179481,6936,3.86%,513,0.29%,134428,74.9%,1580,0.88%,42960,23.94%,25703,14.32%,09
Balrampur (51),293520,10707,3.65%,648,0.22%,248357,84.61%,2655,0.9%,41860,14.26%,63180,21.52%,09
Gonda (52),523254,25166,4.81%,779,0.15%,450140,86.03%,5111,0.98%,67223,12.85%,101620,19.42%,09
Siddharthnagar (53),382311,14246,3.73%,1394,0.36%,342939,89.7%,2325,0.61%,35651,9.33%,78325,20.49%,09
Basti (54),385828,17633,4.57%,994,0.26%,346646,89.84%,2899,0.75%,35289,9.15%,78187,20.26%,09
Sant Kabir Nagar (55),243670,10444,4.29%,1621,0.67%,224183,92%,1625,0.67%,16241,6.67%,44314,18.19%,09
Mahrajganj (56),407828,14827,3.64%,572,0.14%,348032,85.34%,2918,0.72%,56306,13.81%,63167,15.49%,09
Gorakhpur (57),599152,30979,5.17%,1610,0.27%,527487,88.04%,5481,0.91%,64574,10.78%,108931,18.18%,09
Kushinagar (58),574969,17415,3.03%,726,0.13%,510591,88.8%,4119,0.72%,59533,10.35%,78967,13.73%,09
Deoria (59),450667,22344,4.96%,3316,0.74%,413620,91.78%,2091,0.46%,31640,7.02%,82495,18.31%,09
Azamgarh (60),615199,65180,10.59%,13138,2.14%,573024,93.14%,12526,2.04%,16312,2.65%,249749,40.6%,09
Mau (61),262251,14851,5.66%,1578,0.6%,237941,90.73%,3832,1.46%,18900,7.21%,59939,22.86%,09
Ballia (62),426709,18360,4.3%,810,0.19%,380451,89.16%,3762,0.88%,41686,9.77%,71738,16.81%,09
Jaunpur (63),596098,42227,7.08%,7074,1.19%,555889,93.25%,7949,1.33%,25185,4.22%,173802,29.16%,09
Ghazipur (64),476147,27062,5.68%,5054,1.06%,427405,89.76%,7345,1.54%,36341,7.63%,136296,28.62%,09
Chandauli (65),265851,11078,4.17%,1369,0.51%,235293,88.51%,3812,1.43%,25377,9.55%,53432,20.1%,09
Varanasi (66),343657,37408,10.89%,1225,0.36%,308410,89.74%,5015,1.46%,29007,8.44%,109607,31.89%,09
Sant Ravidas Nagar (Bhadohi) (67),191630,11831,6.17%,612,0.32%,168197,87.77%,3881,2.03%,18940,9.88%,45272,23.62%,09
Mirzapur (68),340748,20503,6.02%,2096,0.62%,294706,86.49%,4534,1.33%,39409,11.57%,75727,22.22%,09
Sonbhadra (69),288433,13277,4.6%,856,0.3%,211602,73.36%,4475,1.55%,71495,24.79%,62585,21.7%,09
Etah (70),241868,12184,5.04%,429,0.18%,211691,87.52%,1867,0.77%,27881,11.53%,59898,24.76%,09
Kanshiram Nagar (71),191433,6812,3.56%,360,0.19%,166085,86.76%,1296,0.68%,23692,12.38%,35610,18.6%,09
All India Total,179787454,19785132,11%,1812487,1.01%,122734905,68.27%,4881392,2.72%,50352648,28.01%,37231701,20.71%,10
East Zone Total,47307665,2019204,4.27%,241410,0.51%,29417284,62.18%,400489,0.85%,17245002,36.45%,5079834,10.74%,10
State Total,17829066,456850,2.56%,109635,0.61%,14568830,81.71%,154305,0.87%,2993859,16.79%,2082670,11.68%,10
Pashchim Champaran (01),681326,15439,2.27%,2293,0.34%,546537,80.22%,7505,1.1%,124409,18.26%,127631,18.73%,10
Purba Champaran (02),917790,25504,2.78%,6871,0.75%,754908,82.25%,8737,0.95%,147202,16.04%,142336,15.51%,10
Sheohar (03),149211,1573,1.05%,613,0.41%,123034,82.46%,1065,0.71%,24499,16.42%,17805,11.93%,10
Sitamarhi (04),725723,13680,1.89%,3500,0.48%,595889,82.11%,8190,1.13%,118082,16.27%,79517,10.96%,10
Madhubani (05),886810,13096,1.48%,9363,1.06%,766515,86.44%,6631,0.75%,104234,11.75%,106947,12.06%,10
Supaul (06),455280,10754,2.36%,2202,0.48%,355457,78.07%,3463,0.76%,94049,20.66%,42378,9.31%,10
Araria (07),595834,14519,2.44%,14875,2.5%,443441,74.42%,3613,0.61%,133901,22.47%,47286,7.94%,10
Kishanganj (08),308989,7417,2.4%,2017,0.65%,230473,74.59%,2219,0.72%,74280,24.04%,29534,9.56%,10
Purnia (09),591936,11297,1.91%,5027,0.85%,478903,80.9%,3876,0.65%,104124,17.59%,61345,10.36%,10
Katihar (10),582089,18427,3.17%,4927,0.85%,431290,74.09%,3850,0.66%,142018,24.4%,50793,8.73%,10
Madhepura (11),402414,15701,3.9%,1071,0.27%,316082,78.55%,2926,0.73%,82283,20.45%,34473,8.57%,10
Saharsa (12),351154,6980,1.99%,951,0.27%,277007,78.88%,3133,0.89%,70019,19.94%,36341,10.35%,10
Darbhanga (13),817164,16794,2.06%,2226,0.27%,605208,74.06%,7110,0.87%,202609,24.79%,57599,7.05%,10
Muzaffarpur (14),876341,26268,3%,4474,0.51%,746690,85.21%,7827,0.89%,116285,13.27%,121604,13.88%,10
Gopalganj (15),389899,9512,2.44%,1057,0.27%,347959,89.24%,2456,0.63%,38411,9.85%,67736,17.37%,10
Siwan (16),519048,14851,2.86%,1267,0.24%,453450,87.36%,3643,0.7%,60683,11.69%,77510,14.93%,10
Saran (17),577746,17257,2.99%,1364,0.24%,505261,87.45%,3930,0.68%,67159,11.62%,80497,13.93%,10
Vaishali (18),629950,9346,1.48%,2465,0.39%,534349,84.82%,4020,0.64%,89098,14.14%,69256,10.99%,10
Samastipur (19),831029,17047,2.05%,3052,0.37%,724283,87.15%,4498,0.54%,99188,11.94%,74974,9.02%,10
Begusarai (20),491437,8932,1.82%,1640,0.33%,397389,80.86%,5068,1.03%,87339,17.77%,42943,8.74%,10
Khagaria (21),347924,8545,2.46%,1622,0.47%,299453,86.07%,3764,1.08%,43083,12.38%,29869,8.58%,10
Bhagalpur (22),468355,14983,3.2%,1900,0.41%,395106,84.36%,5145,1.1%,66201,14.13%,74457,15.9%,10
Banka (23),384455,14488,3.77%,8302,2.16%,295620,76.89%,3767,0.98%,76766,19.97%,35113,9.13%,10
Munger (24),201233,5070,2.52%,437,0.22%,168142,83.56%,1043,0.52%,31611,15.71%,19124,9.5%,10
Lakhisarai (25),141284,2587,1.83%,1303,0.92%,118187,83.65%,1383,0.98%,20411,14.45%,20496,14.51%,10
Sheikhpura (26),91847,1653,1.8%,322,0.35%,78552,85.52%,813,0.89%,12159,13.24%,7895,8.6%,10
Nalanda (27),462838,10727,2.32%,1605,0.35%,370429,80.03%,5171,1.12%,85632,18.5%,40572,8.77%,10
Patna (28),690850,21212,3.07%,5104,0.74%,500927,72.51%,6608,0.96%,178210,25.8%,106587,15.43%,10
Bhojpur (29),419641,6677,1.59%,1903,0.45%,357040,85.08%,4021,0.96%,56647,13.5%,62193,14.82%,10
Buxar (30),238210,6013,2.52%,958,0.4%,212433,89.18%,2429,1.02%,22387,9.4%,38765,16.27%,10
Kaimur Bhabua (31),241516,11084,4.59%,519,0.21%,203928,84.44%,3608,1.49%,33461,13.85%,33322,13.8%,10
Rohtas (32),409854,17928,4.37%,1086,0.26%,344486,84.05%,4087,1%,60080,14.66%,53091,12.95%,10
Aurangabad (33),366898,16126,4.4%,832,0.23%,310380,84.6%,2896,0.79%,52788,14.39%,43770,11.93%,10
Gaya (34),659015,18829,2.86%,8657,1.31%,527321,80.02%,6414,0.97%,116588,17.69%,61133,9.28%,10
Nawada (35),349738,9646,2.76%,1045,0.3%,284067,81.22%,3418,0.98%,61189,17.5%,24995,7.15%,10
Jamui (36),292670,10672,3.65%,1650,0.56%,246377,84.18%,3261,1.11%,41372,14.14%,36755,12.56%,10
Jehanabad (37),164924,4158,2.52%,693,0.42%,123299,74.76%,1508,0.91%,39418,23.9%,14904,9.04%,10
Arwal (38),116644,2058,1.76%,442,0.38%,98958,84.84%,1209,1.04%,15984,13.7%,11124,9.54%,10
All India Total,179787454,19785132,11%,1812487,1.01%,122734905,68.27%,4881392,2.72%,50352648,28.01%,37231701,20.71%,11
North Eastern Zone Total,8061458,484366,6.01%,58991,0.73%,5100088,63.27%,67506,0.84%,2834255,35.16%,1057544,13.12%,11
State Total,88723,9762,11%,140,0.16%,75330,84.9%,670,0.76%,12583,14.18%,7935,8.94%,11
North  District (01),6550,855,13.05%,9,0.14%,5596,85.44%,39,0.6%,906,13.83%,777,11.86%,11
West District (02),26267,1655,6.3%,26,0.1%,21402,81.48%,104,0.4%,4735,18.03%,1909,7.27%,11
South District (03),24429,2442,10%,30,0.12%,20909,85.59%,237,0.97%,3253,13.32%,2038,8.34%,11
East District (04),31477,4810,15.28%,75,0.24%,27423,87.12%,290,0.92%,3689,11.72%,3211,10.2%,11
All India Total,179787454,19785132,11%,1812487,1.01%,122734905,68.27%,4881392,2.72%,50352648,28.01%,37231701,20.71%,12
North Eastern Zone Total,8061458,484366,6.01%,58991,0.73%,5100088,63.27%,67506,0.84%,2834255,35.16%,1057544,13.12%,12
State Total,201842,14328,7.1%,6233,3.09%,89173,44.18%,5791,2.87%,100645,49.86%,88792,43.99%,12
Tawang (01),8247,235,2.85%,368,4.46%,2682,32.52%,440,5.34%,4757,57.68%,604,7.32%,12
West Kameng (02),12755,621,4.87%,350,2.74%,6542,51.29%,446,3.5%,5417,42.47%,8337,65.36%,12
East Kameng (03),12256,581,4.74%,318,2.59%,3035,24.76%,238,1.94%,8665,70.7%,2813,22.95%,12
Papum Pare (04),13493,3205,23.75%,418,3.1%,8467,62.75%,835,6.19%,3773,27.96%,9031,66.93%,12
Upper Subansiri (05),16628,1328,7.99%,471,2.83%,3402,20.46%,597,3.59%,12158,73.12%,6128,36.85%,12
West Siang (06),16355,1394,8.52%,1061,6.49%,6995,42.77%,796,4.87%,7503,45.88%,8904,54.44%,12
East Siang (07),12593,1111,8.82%,461,3.66%,8101,64.33%,403,3.2%,3628,28.81%,5740,45.58%,12
Upper Siang (08),5487,264,4.81%,52,0.95%,2445,44.56%,89,1.62%,2901,52.87%,813,14.82%,12
Changlang (09),23292,1367,5.87%,694,2.98%,11019,47.31%,228,0.98%,11351,48.73%,12203,52.39%,12
Tirap (10),15931,461,2.89%,163,1.02%,5338,33.51%,66,0.41%,10364,65.06%,10719,67.28%,12
Lower Subansiri (11),11726,1040,8.87%,704,6%,7102,60.57%,701,5.98%,3219,27.45%,6561,55.95%,12
Kurung Kumey (12),17068,710,4.16%,459,2.69%,3959,23.2%,324,1.9%,12326,72.22%,5808,34.03%,12
Dibang Valley (13),1241,33,2.66%,41,3.3%,439,35.37%,36,2.9%,725,58.42%,542,43.67%,12
Lower Dibang Valley (14),7905,487,6.16%,374,4.73%,5470,69.2%,225,2.85%,1836,23.23%,3963,50.13%,12
Lohit (15),22686,1347,5.94%,245,1.08%,12871,56.74%,241,1.06%,9329,41.12%,6319,27.85%,12
Anjaw (16),4179,144,3.45%,54,1.29%,1306,31.25%,126,3.02%,2693,64.44%,307,7.35%,12
All India Total,179787454,19785132,11%,1812487,1.01%,122734905,68.27%,4881392,2.72%,50352648,28.01%,37231701,20.71%,13
North Eastern Zone Total,8061458,484366,6.01%,58991,0.73%,5100088,63.27%,67506,0.84%,2834255,35.16%,1057544,13.12%,13
State Total,284310,28339,9.97%,747,0.26%,181653,63.89%,2218,0.78%,99692,35.06%,36449,12.82%,13
Mon (01),35445,952,2.69%,219,0.62%,13873,39.14%,82,0.23%,21271,60.01%,1342,3.79%,13
Mokokchung (02),30620,4158,13.58%,67,0.22%,24678,80.59%,233,0.76%,5642,18.43%,5903,19.28%,13
Zunheboto (03),23617,535,2.27%,39,0.17%,17625,74.63%,138,0.58%,5815,24.62%,2851,12.07%,13
Wokha (04),24530,692,2.82%,28,0.11%,12327,50.25%,195,0.79%,11980,48.84%,1715,6.99%,13
Dimapur  (05),41147,17624,42.83%,123,0.3%,35836,87.09%,950,2.31%,4238,10.3%,11344,27.57%,13
Phek (06),30807,541,1.76%,40,0.13%,18133,58.86%,222,0.72%,12412,40.29%,1851,6.01%,13
Tuensang (07),29744,310,1.04%,77,0.26%,16302,54.81%,95,0.32%,13270,44.61%,2158,7.26%,13
Longleng (08),10934,252,2.3%,82,0.75%,5647,51.65%,19,0.17%,5186,47.43%,3238,29.61%,13
Kiphire (09),12983,92,0.71%,4,0.03%,4641,35.75%,14,0.11%,8324,64.11%,548,4.22%,13
Kohima (10),29305,2561,8.74%,23,0.08%,20563,70.17%,184,0.63%,8535,29.12%,4448,15.18%,13
Peren (11),15178,622,4.1%,45,0.3%,12028,79.25%,86,0.57%,3019,19.89%,1051,6.92%,13
All India Total,179787454,19785132,11%,1812487,1.01%,122734905,68.27%,4881392,2.72%,50352648,28.01%,37231701,20.71%,14
North Eastern Zone Total,8061458,484366,6.01%,58991,0.73%,5100088,63.27%,67506,0.84%,2834255,35.16%,1057544,13.12%,14
State Total,448163,35654,7.96%,1239,0.28%,359240,80.16%,2891,0.65%,84791,18.92%,81799,18.25%,14
Senapati (01),93129,3959,4.25%,277,0.3%,73276,78.68%,579,0.62%,18997,20.4%,8753,9.4%,14
Tamenglong (02),25878,849,3.28%,132,0.51%,15661,60.52%,525,2.03%,9560,36.94%,1561,6.03%,14
Churachandpur (03),53252,5548,10.42%,284,0.53%,39462,74.1%,237,0.45%,13269,24.92%,7423,13.94%,14
Bishnupur (04),29107,2646,9.09%,16,0.05%,26280,90.29%,149,0.51%,2662,9.15%,7159,24.6%,14
Thoubal (05),56089,2784,4.96%,322,0.57%,47452,84.6%,272,0.48%,8043,14.34%,9127,16.27%,14
ImphalWest (06),52166,8129,15.58%,41,0.08%,47289,90.65%,286,0.55%,4549,8.72%,18422,35.31%,14
ImphalEast (07),71558,9601,13.42%,55,0.08%,62582,87.46%,391,0.55%,8529,11.92%,22705,31.73%,14
Ukhrul (08),39237,737,1.88%,62,0.16%,25623,65.3%,309,0.79%,13243,33.75%,1976,5.04%,14
Chandel (09),27747,1401,5.05%,50,0.18%,21615,77.9%,143,0.52%,5939,21.4%,4673,16.84%,14
All India Total,179787454,19785132,11%,1812487,1.01%,122734905,68.27%,4881392,2.72%,50352648,28.01%,37231701,20.71%,15
North Eastern Zone Total,8061458,484366,6.01%,58991,0.73%,5100088,63.27%,67506,0.84%,2834255,35.16%,1057544,13.12%,15
State Total,111626,23402,20.96%,1202,1.08%,76283,68.34%,1439,1.29%,32702,29.3%,15681,14.05%,15
Mamit (01),15169,3637,23.98%,201,1.33%,10981,72.39%,42,0.28%,3945,26.01%,1890,12.46%,15
Kolasib (02),7353,2082,28.31%,163,2.22%,5612,76.32%,151,2.05%,1427,19.41%,1575,21.42%,15
Aizawl (03),17557,5514,31.41%,203,1.16%,15212,86.64%,281,1.6%,1861,10.6%,3403,19.38%,15
Champhai (04),15250,3189,20.91%,108,0.71%,12633,82.84%,298,1.95%,2211,14.5%,2589,16.98%,15
Serchhip (05),6359,1873,29.45%,141,2.22%,5544,87.18%,93,1.46%,581,9.14%,1054,16.57%,15
Lunglei (06),19733,3643,18.46%,95,0.48%,15241,77.24%,236,1.2%,4161,21.09%,1784,9.04%,15
Lawngtlai (07),23173,2646,11.42%,215,0.93%,7634,32.94%,271,1.17%,15053,64.96%,3008,12.98%,15
Saiha (08),7032,818,11.63%,76,1.08%,3426,48.72%,67,0.95%,3463,49.25%,378,5.38%,15
All India Total,179787454,19785132,11%,1812487,1.01%,122734905,68.27%,4881392,2.72%,50352648,28.01%,37231701,20.71%,16
North Eastern Zone Total,8061458,484366,6.01%,58991,0.73%,5100088,63.27%,67506,0.84%,2834255,35.16%,1057544,13.12%,16
State Total,697062,46258,6.64%,8307,1.19%,406606,58.33%,8746,1.25%,272835,39.14%,56362,8.09%,16
West Tripura (01),291585,24164,8.29%,2740,0.94%,170292,58.4%,3911,1.34%,114305,39.2%,27124,9.3%,16
South Tripura (02),190414,10208,5.36%,2429,1.28%,120915,63.5%,1817,0.95%,65253,34.27%,14137,7.42%,16
Dhalai (03),78489,4572,5.83%,1270,1.62%,35926,45.77%,1284,1.64%,39778,50.68%,4790,6.1%,16
North Tripura (04),136574,7314,5.36%,1868,1.37%,79473,58.19%,1734,1.27%,53499,39.17%,10311,7.55%,16
All India Total,179787454,19785132,11%,1812487,1.01%,122734905,68.27%,4881392,2.72%,50352648,28.01%,37231701,20.71%,17
North Eastern Zone Total,8061458,484366,6.01%,58991,0.73%,5100088,63.27%,67506,0.84%,2834255,35.16%,1057544,13.12%,17
State Total,485897,21419,4.41%,1789,0.37%,274500,56.49%,4102,0.84%,205506,42.29%,60923,12.54%,17
West Garo Hills (01),111580,3467,3.11%,540,0.48%,48047,43.06%,654,0.59%,62339,55.87%,12782,11.46%,17
East Garo Hills (02),52635,1401,2.66%,278,0.53%,17772,33.76%,422,0.8%,34163,64.91%,4831,9.18%,17
South Garo Hills (03),22236,558,2.51%,182,0.82%,9914,44.59%,212,0.95%,11928,53.64%,2482,11.16%,17
West Khasi Hills (04),59268,589,0.99%,256,0.43%,31318,52.84%,445,0.75%,27249,45.98%,3984,6.72%,17
Ribhoi (05),45228,1553,3.43%,67,0.15%,28777,63.63%,293,0.65%,16091,35.58%,6483,14.33%,17
East Khasi Hills (06),128947,11541,8.95%,139,0.11%,91564,71.01%,1451,1.13%,35793,27.76%,13883,10.77%,17
Jaintia Hills (07),66003,2310,3.5%,327,0.5%,47108,71.37%,625,0.95%,17943,27.19%,16478,24.97%,17
All India Total,179787454,19785132,11%,1812487,1.01%,122734905,68.27%,4881392,2.72%,50352648,28.01%,37231701,20.71%,18
North Eastern Zone Total,8061458,484366,6.01%,58991,0.73%,5100088,63.27%,67506,0.84%,2834255,35.16%,1057544,13.12%,18
State Total,5743835,305204,5.31%,39334,0.68%,3637303,63.33%,41649,0.73%,2025501,35.26%,709603,12.35%,18
Kokrajhar (01),176025,5662,3.22%,1087,0.62%,113161,64.29%,816,0.46%,60961,34.63%,25203,14.32%,18
Dhubri (02),387940,5660,1.46%,1724,0.44%,182828,47.13%,1211,0.31%,202177,52.12%,23171,5.97%,18
Goalpara (03),189692,6294,3.32%,3425,1.81%,105124,55.42%,1115,0.59%,79998,42.17%,18341,9.67%,18
Barpeta (04),322866,10065,3.12%,1840,0.57%,169175,52.4%,1137,0.35%,150714,46.68%,30392,9.41%,18
Morigaon (05),183516,7325,3.99%,704,0.38%,106806,58.2%,795,0.43%,75211,40.98%,20628,11.24%,18
Nagaon (06),503461,26869,5.34%,2450,0.49%,357023,70.91%,3837,0.76%,140151,27.84%,58365,11.59%,18
Sonitpur (07),357582,22992,6.43%,2339,0.65%,234951,65.71%,2833,0.79%,117453,32.85%,42481,11.88%,18
Lakhimpur (08),188714,8055,4.27%,1364,0.72%,121064,64.15%,1141,0.6%,65145,34.52%,31011,16.43%,18
Dhemaji (09),130473,5277,4.04%,1108,0.85%,84972,65.13%,507,0.39%,43886,33.64%,19286,14.78%,18
Tinsukia (10),225888,19564,8.66%,1299,0.58%,139126,61.59%,2202,0.97%,83260,36.86%,36517,16.17%,18
Dibrugarh (11),244630,26607,10.88%,784,0.32%,140398,57.39%,2665,1.09%,100783,41.2%,47817,19.55%,18
Sivasagar (12),226379,21352,9.43%,816,0.36%,146890,64.89%,1333,0.59%,77340,34.16%,43896,19.39%,18
Jorhat (13),209863,20917,9.97%,1140,0.54%,143104,68.19%,2301,1.1%,63318,30.17%,45207,21.54%,18
Golaghat (14),210230,11669,5.55%,1048,0.5%,132442,63%,1748,0.83%,74992,35.67%,30222,14.38%,18
KarbiAnglong (15),154898,10545,6.81%,1494,0.96%,105828,68.32%,1063,0.69%,46513,30.03%,16542,10.68%,18
DimaHasao (16),31408,838,2.67%,179,0.57%,18390,58.55%,164,0.52%,12675,40.36%,1597,5.08%,18
Cachar (17),340309,18095,5.32%,3907,1.15%,236486,69.49%,4571,1.34%,95345,28.02%,31483,9.25%,18
Karimganj (18),229937,8820,3.84%,2093,0.91%,170842,74.3%,2672,1.16%,54330,23.63%,12364,5.38%,18
Hailakandi (19),136073,7863,5.78%,1074,0.79%,89527,65.79%,1194,0.88%,44278,32.54%,8914,6.55%,18
Bongaigaon (20),137285,5662,4.12%,563,0.41%,70631,51.45%,1698,1.24%,64393,46.9%,15868,11.56%,18
Chirang (21),91718,3255,3.55%,701,0.76%,62310,67.94%,418,0.46%,28289,30.84%,9034,9.85%,18
Kamrup (22),308249,21772,7.06%,3490,1.13%,216989,70.39%,1814,0.59%,85956,27.89%,48956,15.88%,18
KamrupMetropolitan (23),58277,8042,13.8%,215,0.37%,48305,82.89%,674,1.16%,9072,15.57%,15820,27.15%,18
Nalbari (24),153630,7189,4.68%,1106,0.72%,107322,69.86%,971,0.63%,44231,28.79%,22706,14.78%,18
Baksa (25),196332,5577,2.84%,1782,0.91%,130429,66.43%,1218,0.62%,62903,32.04%,19472,9.92%,18
Darrang (26),186731,4965,2.66%,1275,0.68%,96900,51.89%,793,0.42%,87763,47%,17054,9.13%,18
Udalguri (27),161729,4273,2.64%,327,0.2%,106280,65.71%,758,0.47%,54364,33.61%,17256,10.67%,18
All India Total,179787454,19785132,11%,1812487,1.01%,122734905,68.27%,4881392,2.72%,50352648,28.01%,37231701,20.71%,19
East Zone Total,47307665,2019204,4.27%,241410,0.51%,29417284,62.18%,400489,0.85%,17245002,36.45%,5079834,10.74%,19
State Total,15756750,878798,5.58%,54654,0.35%,8637076,54.82%,145725,0.92%,6919244,43.91%,1285399,8.16%,19
Darjiling (01),279770,22609,8.08%,862,0.31%,185167,66.19%,2126,0.76%,91614,32.75%,27500,9.83%,19
Jalpaiguri (02),761422,34908,4.58%,1544,0.2%,360157,47.3%,7532,0.99%,392187,51.51%,58449,7.68%,19
KochBihar (03),635046,14988,2.36%,2766,0.44%,293560,46.23%,3168,0.5%,335531,52.84%,39008,6.14%,19
UttarDinajpur (04),543415,22698,4.18%,1274,0.23%,286686,52.76%,2373,0.44%,253081,46.57%,36122,6.65%,19
DakshinDinajpur (05),349140,15248,4.37%,449,0.13%,187109,53.59%,1554,0.45%,160028,45.83%,17162,4.92%,19
Maldah (06),802673,27899,3.48%,1645,0.2%,461367,57.48%,5221,0.65%,334440,41.67%,39405,4.91%,19
Murshidabad (07),1490524,49339,3.31%,9160,0.61%,751722,50.43%,7166,0.48%,722473,48.47%,88615,5.95%,19
Birbhum (08),758961,31703,4.18%,1893,0.25%,308559,40.66%,8502,1.12%,440004,57.97%,47265,6.23%,19
Barddhaman (09),1250095,109383,8.75%,5893,0.47%,737549,59%,20871,1.67%,485781,38.86%,152452,12.2%,19
Nadia (10),1036142,58192,5.62%,7533,0.73%,596055,57.53%,7947,0.77%,424607,40.98%,73875,7.13%,19
NorthTwentyFourParganas (11),1183056,80640,6.82%,4049,0.34%,656868,55.52%,9462,0.8%,512677,43.33%,91030,7.69%,19
Hugli (12),920643,92939,10.1%,2447,0.27%,611673,66.44%,21926,2.38%,284596,30.91%,154864,16.82%,19
Bankura (13),724878,31354,4.33%,2817,0.39%,340009,46.91%,9358,1.29%,372694,51.41%,73040,10.08%,19
Puruliya (14),536972,22526,4.2%,1337,0.25%,212577,39.59%,2368,0.44%,320684,59.72%,43019,8.01%,19
Haora (15),708849,73721,10.4%,4030,0.57%,503055,70.97%,11047,1.56%,190717,26.91%,86357,12.18%,19
SouthTwentyFourParganas (17),1523398,84184,5.53%,2664,0.17%,900376,59.1%,9741,0.64%,610615,40.08%,72440,4.76%,19
PaschimMedinipur (18),1192518,58318,4.89%,2302,0.19%,631858,52.99%,8249,0.69%,550099,46.13%,117337,9.84%,19
PurbaMedinipur (19),1059248,48149,4.55%,1989,0.19%,612729,57.85%,7114,0.67%,437416,41.29%,67459,6.37%,19
All India Total,179787454,19785132,11%,1812487,1.01%,122734905,68.27%,4881392,2.72%,50352648,28.01%,37231701,20.71%,20
East Zone Total,47307665,2019204,4.27%,241410,0.51%,29417284,62.18%,400489,0.85%,17245002,36.45%,5079834,10.74%,20
State Total,5044234,266485,5.28%,44039,0.87%,3297750,65.38%,41301,0.82%,1661129,32.93%,935157,18.54%,20
Garhwa (01),229414,8557,3.73%,678,0.3%,146355,63.8%,1811,0.79%,80570,35.12%,27263,11.88%,20
Chatra (02),175409,6699,3.82%,621,0.35%,110509,63%,1159,0.66%,63120,35.98%,18394,10.49%,20
Kodarma (03),96609,3794,3.93%,228,0.24%,77489,80.21%,628,0.65%,18264,18.91%,14966,15.49%,20
Giridih (04),383640,13696,3.57%,1650,0.43%,313452,81.7%,1813,0.47%,66724,17.39%,62847,16.38%,20
Deoghar (05),216632,6428,2.97%,2401,1.11%,150636,69.54%,716,0.33%,62879,29.03%,26522,12.24%,20
Godda (06),243676,7541,3.09%,2391,0.98%,160264,65.77%,1892,0.78%,79128,32.47%,33471,13.74%,20
Sahibganj (07),205762,3188,1.55%,2239,1.09%,114554,55.67%,516,0.25%,88442,42.98%,13567,6.59%,20
Pakur (08),173746,2786,1.6%,2259,1.3%,63071,36.3%,334,0.19%,108082,62.21%,11720,6.75%,20
Dhanbad (09),260908,32558,12.48%,1122,0.43%,189893,72.78%,1836,0.7%,68057,26.08%,64576,24.75%,20
Bokaro (10),276821,29780,10.76%,962,0.35%,183410,66.26%,1919,0.69%,90530,32.7%,67366,24.34%,20
Lohardaga (11),79897,3420,4.28%,487,0.61%,48827,61.11%,557,0.7%,30026,37.58%,9436,11.81%,20
Purbi Singhbhum (12),273216,28020,10.26%,1781,0.65%,175777,64.34%,3970,1.45%,91688,33.56%,87422,32%,20
Palamu (13),325420,11515,3.54%,1459,0.45%,212240,65.22%,2228,0.68%,109493,33.65%,44330,13.62%,20
Latehar (14),128904,3876,3.01%,2492,1.93%,67989,52.74%,381,0.3%,58042,45.03%,9757,7.57%,20
Hazaribagh (15),278302,16628,5.97%,2003,0.72%,234887,84.4%,1934,0.69%,39477,14.18%,54850,19.71%,20
Ramgarh (16),155863,22454,14.41%,261,0.17%,123346,79.14%,935,0.6%,31321,20.1%,43403,27.85%,20
Dumka (17),262618,8574,3.26%,743,0.28%,117037,44.57%,941,0.36%,143897,54.79%,25389,9.67%,20
Jamtara (18),139849,3864,2.76%,850,0.61%,73694,52.7%,446,0.32%,64859,46.38%,17281,12.36%,20
Ranchi (19),346242,23484,6.78%,4430,1.28%,238811,68.97%,5201,1.5%,97799,28.25%,95274,27.52%,20
Khunti (20),95140,2793,2.94%,731,0.77%,48347,50.82%,143,0.15%,45919,48.26%,7342,7.72%,20
Gumla (21),172479,4451,2.58%,2771,1.61%,111497,64.64%,3933,2.28%,54278,31.47%,46758,27.11%,20
Simdega (22),108003,1860,1.72%,798,0.74%,62671,58.03%,2065,1.91%,42469,39.32%,18283,16.93%,20
Pashchimi Singhbhum (23),247857,11286,4.55%,5747,2.32%,171197,69.07%,3698,1.49%,67215,27.12%,79362,32.02%,20
Saraikela-Kharsawan (24),167827,9233,5.5%,4935,2.94%,101797,60.66%,2245,1.34%,58850,35.07%,55578,33.12%,20
All India Total,179787454,19785132,11%,1812487,1.01%,122734905,68.27%,4881392,2.72%,50352648,28.01%,37231701,20.71%,21
East Zone Total,47307665,2019204,4.27%,241410,0.51%,29417284,62.18%,400489,0.85%,17245002,36.45%,5079834,10.74%,21
State Total,8677615,417071,4.81%,33082,0.38%,2913628,33.58%,59158,0.68%,5670770,65.35%,776608,8.95%,21
Bargarh (01),363860,12781,3.51%,1295,0.36%,98408,27.05%,1295,0.36%,262862,72.24%,31435,8.64%,21
Jharsuguda (02),87340,7335,8.4%,318,0.36%,36696,42.02%,528,0.6%,49798,57.02%,14727,16.86%,21
Sambalpur (03),186899,9919,5.31%,400,0.21%,57341,30.68%,1043,0.56%,128115,68.55%,18556,9.93%,21
Debagarh (04),74644,2670,3.58%,157,0.21%,14411,19.31%,231,0.31%,59845,80.17%,4780,6.4%,21
Sundargarh (05),348141,19404,5.57%,1073,0.31%,115786,33.26%,1847,0.53%,229435,65.9%,33858,9.73%,21
Kendujhar (06),371247,15832,4.26%,1022,0.28%,95364,25.69%,1170,0.32%,273691,73.72%,33367,8.99%,21
Mayurbhanj (07),571185,15414,2.7%,1189,0.21%,158552,27.76%,2066,0.36%,409378,71.67%,39162,6.86%,21
Baleshwar (08),501571,27063,5.4%,2841,0.57%,224747,44.81%,3998,0.8%,269985,53.83%,51008,10.17%,21
Bhadrak (09),298494,17561,5.88%,1263,0.42%,150480,50.41%,2751,0.92%,144000,48.24%,28697,9.61%,21
Kendrapara (10),324712,23036,7.09%,2416,0.74%,157613,48.54%,2866,0.88%,161817,49.83%,33654,10.36%,21
Jagatsinghapur (11),249423,22169,8.89%,1179,0.47%,141694,56.81%,2696,1.08%,103854,41.64%,37043,14.85%,21
Cuttack (12),450314,36234,8.05%,2496,0.55%,209244,46.47%,6240,1.39%,232334,51.59%,62004,13.77%,21
Jajapur (13),409438,33049,8.07%,975,0.24%,185691,45.35%,5299,1.29%,217473,53.12%,47709,11.65%,21
Dhenkanal (14),272795,13729,5.03%,737,0.27%,71953,26.38%,1625,0.6%,198480,72.76%,21750,7.97%,21
Anugul (15),280707,29647,10.56%,892,0.32%,79936,28.48%,4619,1.65%,195260,69.56%,41166,14.67%,21
Nayagarh (16),231192,10368,4.48%,1534,0.66%,85439,36.96%,1446,0.63%,142773,61.76%,19232,8.32%,21
Khordha (17),289703,23971,8.27%,2022,0.7%,143128,49.41%,3318,1.15%,141235,48.75%,42588,14.7%,21
Puri (18),325826,16866,5.18%,996,0.31%,147081,45.14%,3130,0.96%,174619,53.59%,33748,10.36%,21
Ganjam (19),652975,26414,4.05%,2275,0.35%,315256,48.28%,3904,0.6%,331540,50.77%,52512,8.04%,21
Gajapati (20),125989,2266,1.8%,261,0.21%,19742,15.67%,430,0.34%,105112,83.43%,7051,5.6%,21
Kandhamal (21),163937,3308,2.02%,464,0.28%,18394,11.22%,627,0.38%,144452,88.11%,6617,4.04%,21
Baudh (22),108931,2315,2.13%,401,0.37%,20333,18.67%,296,0.27%,87901,80.69%,4941,4.54%,21
Subarnapur (23),147869,5026,3.4%,727,0.49%,43703,29.56%,701,0.47%,102738,69.48%,10924,7.39%,21
Balangir (24),405981,7596,1.87%,1302,0.32%,77025,18.97%,894,0.22%,326760,80.49%,19325,4.76%,21
Nuapada (25),159117,4148,2.61%,818,0.51%,35096,22.06%,365,0.23%,122838,77.2%,8351,5.25%,21
Kalahandi (26),383228,8070,2.11%,799,0.21%,68971,18%,656,0.17%,312802,81.62%,20754,5.42%,21
Rayagada (27),207646,5930,2.86%,722,0.35%,31248,15.05%,1305,0.63%,173838,83.72%,11109,5.35%,21
Nabarangapur (28),262396,4676,1.78%,1588,0.61%,46654,17.78%,1091,0.42%,213063,81.2%,16105,6.14%,21
Koraput (29),287844,7329,2.55%,679,0.24%,40923,14.22%,2382,0.83%,243860,84.72%,17163,5.96%,21
Malkangiri (30),134211,2945,2.19%,241,0.18%,22719,16.93%,339,0.25%,110912,82.64%,7272,5.42%,21
All India Total,179787454,19785132,11%,1812487,1.01%,122734905,68.27%,4881392,2.72%,50352648,28.01%,37231701,20.71%,22
Central Zone Total,43325279,3171123,7.32%,238721,0.55%,30414807,70.2%,450403,1.04%,12220529,28.21%,9399653,21.7%,22
State Total,4540999,149420,3.29%,7245,0.16%,1297625,28.58%,23170,0.51%,3212958,70.75%,493940,10.88%,22
Koriya (01),110427,5603,5.07%,79,0.07%,25397,23%,513,0.46%,84438,76.46%,10694,9.68%,22
Surguja (02),489557,12694,2.59%,349,0.07%,101108,20.65%,1779,0.36%,386321,78.91%,40670,8.31%,22
Jashpur  (03),187698,5789,3.08%,232,0.12%,33168,17.67%,871,0.46%,153427,81.74%,15442,8.23%,22
Raigarh (04),315091,11892,3.77%,600,0.19%,94267,29.92%,1989,0.63%,218235,69.26%,42996,13.65%,22
Korba  (05),189855,6518,3.43%,174,0.09%,38674,20.37%,620,0.33%,150387,79.21%,17418,9.17%,22
Janjgir - Champa (06),341618,13226,3.87%,302,0.09%,111203,32.55%,1215,0.36%,228898,67%,30743,9%,22
Bilaspur (07),487718,17179,3.52%,486,0.1%,138958,28.49%,3230,0.66%,345044,70.75%,42744,8.76%,22
Kabeerdham (08),162182,2821,1.74%,170,0.1%,46403,28.61%,544,0.34%,115065,70.95%,15956,9.84%,22
Rajnandgaon (09),265975,7691,2.89%,1156,0.43%,92981,34.96%,2161,0.81%,169677,63.79%,30737,11.56%,22
Durg (10),424416,17122,4.03%,836,0.2%,197282,46.48%,2966,0.7%,223332,52.62%,74512,17.56%,22
Raipur (11),584585,20557,3.52%,584,0.1%,197157,33.73%,2555,0.44%,384289,65.74%,68482,11.71%,22
Mahasamund (12),244641,7061,2.89%,190,0.08%,64459,26.35%,742,0.3%,179250,73.27%,26171,10.7%,22
Dhamtari  (13),144908,4708,3.25%,347,0.24%,55242,38.12%,898,0.62%,88420,61.02%,25269,17.44%,22
Uttar Bastar Kanker (14),145079,4499,3.1%,1151,0.79%,38293,26.39%,1406,0.97%,104229,71.84%,15739,10.85%,22
Bastar (15),276389,8011,2.9%,245,0.09%,46630,16.87%,914,0.33%,228600,82.71%,23057,8.34%,22
Narayanpur (16),23114,681,2.95%,8,0.03%,1970,8.52%,46,0.2%,21090,91.24%,907,3.92%,22
Dakshin Bastar Dantewada (17),98185,2497,2.54%,210,0.21%,10781,10.98%,389,0.4%,86805,88.41%,8958,9.12%,22
Bijapur (18),49561,871,1.76%,126,0.25%,3652,7.37%,332,0.67%,45451,91.71%,3445,6.95%,22
All India Total,179787454,19785132,11%,1812487,1.01%,122734905,68.27%,4881392,2.72%,50352648,28.01%,37231701,20.71%,23
Central Zone Total,43325279,3171123,7.32%,238721,0.55%,30414807,70.2%,450403,1.04%,12220529,28.21%,9399653,21.7%,23
State Total,11288946,455319,4.03%,26029,0.23%,5285200,46.82%,114879,1.02%,5862807,51.93%,1879179,16.65%,23
Sheopur (01),128523,3823,2.97%,113,0.09%,59272,46.12%,690,0.54%,68448,53.26%,16970,13.2%,23
Morena (02),286442,11056,3.86%,1085,0.38%,202201,70.59%,3000,1.05%,80156,27.98%,70506,24.61%,23
Bhind (03),196355,11176,5.69%,2484,1.27%,148238,75.49%,2793,1.42%,42840,21.82%,70829,36.07%,23
Gwalior (04),150590,12735,8.46%,242,0.16%,109556,72.75%,1411,0.94%,39381,26.15%,37215,24.71%,23
Datia (05),128413,7211,5.62%,211,0.16%,86412,67.29%,1203,0.94%,40587,31.61%,24219,18.86%,23
Shivpuri (06),281595,8545,3.03%,913,0.32%,147215,52.28%,2335,0.83%,131132,46.57%,54227,19.26%,23
Tikamgarh (07),261692,9829,3.76%,366,0.14%,130722,49.95%,2151,0.82%,128453,49.09%,33194,12.68%,23
Chhatarpur (08),283889,9220,3.25%,262,0.09%,148891,52.45%,1360,0.48%,133376,46.98%,33441,11.78%,23
Panna (09),207410,5694,2.75%,154,0.07%,79786,38.47%,1310,0.63%,126160,60.83%,17358,8.37%,23
Sagar (10),400201,14281,3.57%,481,0.12%,176793,44.18%,3783,0.95%,219144,54.76%,48936,12.23%,23
Damoh (11),254708,5532,2.17%,291,0.11%,108678,42.67%,1849,0.73%,143890,56.49%,22000,8.64%,23
Satna (12),395489,15318,3.87%,718,0.18%,200915,50.8%,4870,1.23%,188986,47.79%,50653,12.81%,23
Rewa (13),451926,22871,5.06%,1859,0.41%,241939,53.54%,13701,3.03%,194418,43.02%,75325,16.67%,23
Umaria (14),119054,4325,3.63%,178,0.15%,35511,29.83%,1347,1.13%,82018,68.89%,14041,11.79%,23
Neemuch (15),127034,4907,3.86%,428,0.34%,83385,65.64%,1920,1.51%,41301,32.51%,35642,28.06%,23
Mandsaur (16),232520,9880,4.25%,709,0.3%,152093,65.41%,3934,1.69%,75784,32.59%,52531,22.59%,23
Ratlam (17),219860,7485,3.4%,336,0.15%,109644,49.87%,1865,0.85%,108015,49.13%,39273,17.86%,23
Ujjain (18),239575,8391,3.5%,639,0.27%,160178,66.86%,2677,1.12%,76081,31.76%,60972,25.45%,23
Shajapur (19),238203,7496,3.15%,823,0.35%,160051,67.19%,2864,1.2%,74465,31.26%,49182,20.65%,23
Dewas (20),212497,6672,3.14%,363,0.17%,127356,59.93%,1781,0.84%,82997,39.06%,53261,25.06%,23
Dhar (21),333540,17654,5.29%,686,0.21%,156326,46.87%,2911,0.87%,173617,52.05%,65005,19.49%,23
Indore (22),181140,26625,14.7%,325,0.18%,133312,73.6%,3914,2.16%,43567,24.05%,78282,43.22%,23
West Nimar (23),328941,12780,3.89%,375,0.11%,140294,42.65%,2791,0.85%,185481,56.39%,54430,16.55%,23
Barwani (24),201818,5073,2.51%,666,0.33%,85669,42.45%,1048,0.52%,114435,56.7%,27171,13.46%,23
Rajgarh (25),315904,7108,2.25%,411,0.13%,108696,34.41%,1871,0.59%,204926,64.87%,31032,9.82%,23
Vidisha (26),239132,8380,3.5%,423,0.18%,118354,49.49%,2112,0.88%,118243,49.45%,41814,17.49%,23
Bhopal (27),87106,3853,4.42%,535,0.61%,51679,59.33%,897,1.03%,33995,39.03%,23953,27.5%,23
Sehore (28),218742,8606,3.93%,888,0.41%,108519,49.61%,2679,1.22%,106656,48.76%,46793,21.39%,23
Raisen (29),213732,7844,3.67%,247,0.12%,112742,52.75%,1364,0.64%,99379,46.5%,39499,18.48%,23
Betul (30),268522,10185,3.79%,929,0.35%,93279,34.74%,2918,1.09%,171396,63.83%,36300,13.52%,23
Harda (31),86479,7032,8.13%,127,0.15%,48225,55.76%,454,0.52%,37673,43.56%,24388,28.2%,23
Hoshangabad (32),179998,12737,7.08%,255,0.14%,97773,54.32%,1828,1.02%,80142,44.52%,43291,24.05%,23
Katni (33),235767,5575,2.36%,188,0.08%,88288,37.45%,895,0.38%,146396,62.09%,20811,8.83%,23
Jabalpur (34),257348,16087,6.25%,616,0.24%,107528,41.78%,2674,1.04%,146530,56.94%,41959,16.3%,23
Narsimhapur (35),212280,6911,3.26%,566,0.27%,76526,36.05%,3287,1.55%,131901,62.14%,30278,14.26%,23
Dindori (36),161848,4175,2.58%,116,0.07%,29602,18.29%,707,0.44%,131423,81.2%,10567,6.53%,23
Mandla (37),224141,6218,2.77%,255,0.11%,43333,19.33%,1077,0.48%,179476,80.07%,18822,8.4%,23
Chhindwara (38),341102,19758,5.79%,1082,0.32%,134004,39.29%,4663,1.37%,201353,59.03%,54839,16.08%,23
Seoni (39),292969,8809,3.01%,671,0.23%,90777,30.99%,2689,0.92%,198832,67.87%,40266,13.74%,23
Balaghat (40),357325,9428,2.64%,869,0.24%,127704,35.74%,3190,0.89%,225562,63.13%,48599,13.6%,23
Guna (41),190722,6581,3.45%,312,0.16%,95397,50.02%,1853,0.97%,93160,48.85%,33767,17.7%,23
Ashoknagar (42),135299,4976,3.68%,194,0.14%,70658,52.22%,1190,0.88%,63257,46.75%,21671,16.02%,23
Shahdol (43),214706,7937,3.7%,202,0.09%,55810,25.99%,1333,0.62%,157361,73.29%,20480,9.54%,23
Anuppur (44),143959,10501,7.29%,259,0.18%,46317,32.17%,1387,0.96%,95996,66.68%,20724,14.4%,23
Sidhi (45),228964,8239,3.6%,423,0.18%,97171,42.44%,2856,1.25%,128514,56.13%,27532,12.02%,23
Singrauli (46),199925,6515,3.26%,320,0.16%,69449,34.74%,1621,0.81%,128535,64.29%,25867,12.94%,23
Jhabua (47),186957,5285,2.83%,259,0.14%,68706,36.75%,814,0.44%,117178,62.68%,15712,8.4%,23
Alirajpur (48),126529,3863,3.05%,229,0.18%,33700,26.63%,610,0.48%,91990,72.7%,12465,9.85%,23
East Nimar (49),211240,5488,2.6%,791,0.37%,82808,39.2%,1193,0.56%,126448,59.86%,49589,23.48%,23
Burhanpur (50),96835,4649,4.8%,155,0.16%,43718,45.15%,1209,1.25%,51753,53.44%,13498,13.94%,23
All India Total,179787454,19785132,11%,1812487,1.01%,122734905,68.27%,4881392,2.72%,50352648,28.01%,37231701,20.71%,24
West Zone Total,31206237,3696378,11.84%,386552,1.24%,19819488,63.51%,832413,2.67%,10167757,32.58%,7341018,23.52%,24
State Total,6920473,1120310,16.19%,59096,0.85%,4901795,70.83%,174180,2.52%,1785402,25.8%,2107389,30.45%,24
Kachchh (01),270766,55133,20.36%,1626,0.6%,231368,85.45%,5650,2.09%,32122,11.86%,92990,34.34%,24
Banas Kantha (02),482360,38114,7.9%,1828,0.38%,379746,78.73%,7740,1.6%,93046,19.29%,81745,16.95%,24
Patan (03),211052,20473,9.7%,1010,0.48%,161120,76.34%,3707,1.76%,45215,21.42%,30064,14.24%,24
Mahesana (04),313605,78693,25.09%,2816,0.9%,231162,73.71%,10922,3.48%,68705,21.91%,77410,24.68%,24
Sabar Kantha (05),412808,67163,16.27%,2453,0.59%,257298,62.33%,19034,4.61%,134023,32.47%,101927,24.69%,24
Gandhinagar (06),187728,45950,24.48%,1034,0.55%,145621,77.57%,4498,2.4%,36575,19.48%,65455,34.87%,24
Ahmadabad (07),267896,33489,12.5%,2964,1.11%,211245,78.85%,4155,1.55%,49532,18.49%,85347,31.86%,24
Surendranagar (08),244710,30160,12.32%,2488,1.02%,206427,84.36%,3369,1.38%,32426,13.25%,83843,34.26%,24
Rajkot (09),340320,114241,33.57%,2327,0.68%,295101,86.71%,8265,2.43%,34627,10.17%,199676,58.67%,24
Jamnagar (10),211460,35428,16.75%,1251,0.59%,179816,85.04%,4751,2.25%,25642,12.13%,111515,52.74%,24
Porbandar (11),62792,7475,11.9%,360,0.57%,49339,78.58%,1191,1.9%,11902,18.95%,22839,36.37%,24
Junagadh (12),330673,58526,17.7%,1717,0.52%,280021,84.68%,7173,2.17%,41762,12.63%,141728,42.86%,24
Amreli (13),212437,53998,25.42%,1272,0.6%,181174,85.28%,6271,2.95%,23720,11.17%,96463,45.41%,24
Bhavnagar (14),302091,46945,15.54%,12609,4.17%,235025,77.8%,7778,2.57%,46679,15.45%,162018,53.63%,24
Anand (15),289935,42259,14.58%,3009,1.04%,175033,60.37%,13462,4.64%,98431,33.95%,70663,24.37%,24
Kheda (16),360378,33694,9.35%,1870,0.52%,189308,52.53%,8442,2.34%,160758,44.61%,55075,15.28%,24
Panch Mahals (17),379391,21115,5.57%,1559,0.41%,223663,58.95%,4235,1.12%,149934,39.52%,56018,14.77%,24
Dohad (18),292221,12932,4.43%,1438,0.49%,199213,68.17%,2401,0.82%,89169,30.51%,33320,11.4%,24
Vadodara (19),447170,55132,12.33%,4195,0.94%,305396,68.3%,8596,1.92%,128983,28.84%,133000,29.74%,24
Narmada (20),112382,6736,5.99%,415,0.37%,35921,31.96%,1082,0.96%,74964,66.7%,12898,11.48%,24
Bharuch (21),228889,62618,27.36%,2725,1.19%,147410,64.4%,11828,5.17%,66926,29.24%,70332,30.73%,24
The Dangs (22),44869,1588,3.54%,178,0.4%,11072,24.68%,504,1.12%,33115,73.8%,4362,9.72%,24
Navsari (23),216236,52009,24.05%,2528,1.17%,134111,62.02%,10270,4.75%,69327,32.06%,85939,39.74%,24
Valsad (24),249281,54307,21.79%,1701,0.68%,179668,72.07%,3984,1.6%,63928,25.64%,91753,36.81%,24
Surat (25),283634,77220,27.23%,3245,1.14%,175890,62.01%,12982,4.58%,91517,32.27%,104589,36.87%,24
Tapi (26),165389,14912,9.02%,478,0.29%,80647,48.76%,1890,1.14%,82374,49.81%,36420,22.02%,24
All India Total,179787454,19785132,11%,1812487,1.01%,122734905,68.27%,4881392,2.72%,50352648,28.01%,37231701,20.71%,25
UT Zone Total,1338560,780191,58.29%,47515,3.55%,1140574,85.21%,54310,4.06%,96160,7.18%,631236,47.16%,25
State Total,31795,8778,27.61%,389,1.22%,28207,88.72%,954,3%,2244,7.06%,9769,30.72%,25
DIU (01),4344,1657,38.14%,77,1.77%,3185,73.32%,367,8.45%,715,16.46%,2005,46.16%,25
DAMAN (02),27451,7121,25.94%,312,1.14%,25022,91.15%,587,2.14%,1529,5.57%,7764,28.28%,25
All India Total,179787454,19785132,11%,1812487,1.01%,122734905,68.27%,4881392,2.72%,50352648,28.01%,37231701,20.71%,26
UT Zone Total,1338560,780191,58.29%,47515,3.55%,1140574,85.21%,54310,4.06%,96160,7.18%,631236,47.16%,26
State Total,45352,5562,12.26%,665,1.47%,26663,58.79%,453,1%,17571,38.74%,9250,20.4%,26
DADRA & NAGAR HAVELI (01),45352,5562,12.26%,665,1.47%,26663,58.79%,453,1%,17571,38.74%,9250,20.4%,26
All India Total,179787454,19785132,11%,1812487,1.01%,122734905,68.27%,4881392,2.72%,50352648,28.01%,37231701,20.71%,27
West Zone Total,31206237,3696378,11.84%,386552,1.24%,19819488,63.51%,832413,2.67%,10167757,32.58%,7341018,23.52%,27
State Total,13841960,1485119,10.73%,291307,2.1%,8018130,57.93%,422317,3.05%,5110179,36.92%,3007937,21.73%,27
Nandurbar (01),292828,13276,4.53%,2607,0.89%,63709,21.76%,4088,1.4%,222424,75.96%,22883,7.81%,27
Dhule (02),306860,26470,8.63%,4229,1.38%,161560,52.65%,7658,2.5%,133413,43.48%,44391,14.47%,27
Jalgaon (03),643191,55784,8.67%,13523,2.1%,291224,45.28%,20847,3.24%,317597,49.38%,85130,13.24%,27
Buldana (04),461842,21481,4.65%,8314,1.8%,229770,49.75%,8984,1.95%,214774,46.5%,54294,11.76%,27
Akola (05),281629,17107,6.07%,6540,2.32%,133230,47.31%,5567,1.98%,136292,48.39%,36575,12.99%,27
Washim (06),223258,9307,4.17%,4609,2.06%,110374,49.44%,4602,2.06%,103672,46.44%,24604,11.02%,27
Amravati (07),450098,21011,4.67%,10520,2.34%,159929,35.53%,11091,2.46%,268558,59.67%,45258,10.06%,27
Wardha (08),226126,27253,12.05%,4360,1.93%,125444,55.48%,7512,3.32%,88810,39.27%,43517,19.24%,27
Nagpur (09),414168,66140,15.97%,12245,2.96%,232699,56.18%,13698,3.31%,155526,37.55%,113374,27.37%,27
Bhandara (10),243526,18092,7.43%,2761,1.13%,119948,49.25%,4757,1.95%,116060,47.66%,41503,17.04%,27
Gondiya (11),265214,13515,5.1%,2497,0.94%,127564,48.1%,2981,1.12%,132172,49.84%,38637,14.57%,27
Gadchiroli (12),231066,14114,6.11%,2541,1.1%,59991,25.96%,4261,1.84%,164273,71.09%,20334,8.8%,27
Chandrapur (13),397430,36566,9.2%,3875,0.98%,149310,37.57%,7815,1.97%,236430,59.49%,51675,13%,27
Yavatmal (14),584064,40069,6.86%,9091,1.56%,242420,41.51%,10774,1.84%,321779,55.09%,74472,12.75%,27
Nanded (15),488582,22816,4.67%,9215,1.89%,320582,65.61%,8274,1.69%,150511,30.81%,46388,9.49%,27
Hingoli (16),202854,7097,3.5%,1902,0.94%,117540,57.94%,2122,1.05%,81286,40.07%,20655,10.18%,27
Parbhani (17),261070,9749,3.73%,5134,1.97%,182926,70.07%,3457,1.32%,69553,26.64%,27372,10.48%,27
Jalna (18),314270,15127,4.81%,11092,3.53%,203145,64.64%,13087,4.16%,86944,27.67%,60206,19.16%,27
Aurangabad (19),449363,35427,7.88%,14654,3.26%,314124,69.9%,10400,2.31%,110185,24.52%,135436,30.14%,27
Nashik (20),702961,67281,9.57%,6342,0.9%,412934,58.74%,8685,1.24%,275000,39.12%,204962,29.16%,27
Thane (21),626009,144671,23.11%,12980,2.07%,323872,51.74%,31675,5.06%,257482,41.13%,116316,18.58%,27
Raigarh (24),453135,157250,34.7%,20134,4.44%,261287,57.66%,37546,8.29%,134168,29.61%,119114,26.29%,27
Pune (25),751874,193919,25.79%,7076,0.94%,623011,82.86%,10711,1.42%,111060,14.77%,360167,47.9%,27
Ahmadnagar (26),763339,77298,10.13%,13876,1.82%,524552,68.72%,19618,2.57%,205293,26.89%,260118,34.08%,27
Bid (27),460613,28391,6.16%,13973,3.03%,307587,66.78%,12003,2.61%,127050,27.58%,95520,20.74%,27
Latur (28),360602,24235,6.72%,6669,1.85%,234046,64.9%,9950,2.76%,109937,30.49%,51987,14.42%,27
Osmanabad (29),294600,15946,5.41%,3109,1.06%,192949,65.5%,5858,1.99%,92684,31.46%,42302,14.36%,27
Solapur (30),597623,46718,7.82%,11963,2%,402633,67.37%,13595,2.27%,169432,28.35%,155376,26%,27
Satara (31),539808,72311,13.4%,13766,2.55%,395135,73.2%,22525,4.17%,108380,20.08%,169960,31.49%,27
Ratnagiri (32),343088,47388,13.81%,26680,7.78%,164431,47.93%,24902,7.26%,127075,37.04%,51650,15.05%,27
Sindhudurg (33),186826,25825,13.82%,7763,4.16%,102568,54.9%,14437,7.73%,62058,33.22%,33053,17.69%,27
Kolhapur (34),590837,64859,10.98%,12986,2.2%,402984,68.21%,40107,6.79%,134758,22.81%,207981,35.2%,27
Sangli (35),433206,48626,11.22%,4281,0.99%,324652,74.94%,18730,4.32%,85543,19.75%,152727,35.26%,27
All India Total,179787454,19785132,11%,1812487,1.01%,122734905,68.27%,4881392,2.72%,50352648,28.01%,37231701,20.71%,28
South Zone Total,39443917,5485325,13.91%,741257,1.88%,29587641,75.01%,2644191,6.7%,6470330,16.4%,10589436,26.85%,28
State Total,9344180,571249,6.11%,176743,1.89%,6863406,73.45%,154924,1.66%,2148716,23%,1813568,19.41%,28
Srikakulam (11),558929,21942,3.93%,7048,1.26%,400211,71.6%,7343,1.31%,144327,25.82%,73682,13.18%,28
Vizianagaram (12),478978,18728,3.91%,5132,1.07%,278257,58.09%,4541,0.95%,191048,39.89%,47026,9.82%,28
Visakhapatnam (13),602256,25014,4.15%,6384,1.06%,351895,58.43%,5012,0.83%,238945,39.67%,93074,15.45%,28
EastGodavari (14),1176639,74065,6.29%,19652,1.67%,779255,66.23%,18277,1.55%,359455,30.55%,201031,17.09%,28
WestGodavari (15),881322,66543,7.55%,19952,2.26%,613359,69.6%,19937,2.26%,228074,25.88%,177990,20.2%,28
Krishna (16),852522,77108,9.04%,23776,2.79%,564870,66.26%,21549,2.53%,242327,28.42%,153041,17.95%,28
Guntur (17),862356,44177,5.12%,19157,2.22%,660905,76.64%,13862,1.61%,168432,19.53%,131970,15.3%,28
Prakasam (18),701745,32669,4.66%,10940,1.56%,546702,77.91%,11287,1.61%,132781,18.92%,123230,17.56%,28
SriPottiSriramuluNellore (19),590457,52141,8.83%,9722,1.65%,416341,70.51%,16310,2.76%,147754,25.02%,86314,14.62%,28
YSR (20),516185,33407,6.47%,7768,1.5%,459570,89.03%,5166,1%,43678,8.46%,221587,42.93%,28
Kurnool (21),637178,22329,3.5%,17772,2.79%,543170,85.25%,9768,1.53%,66466,10.43%,154783,24.29%,28
Anantapur (22),686743,24754,3.6%,13456,1.96%,589783,85.88%,7708,1.12%,75796,11.04%,122487,17.84%,28
Chittoor (23),798870,78372,9.81%,15984,2%,659088,82.5%,14164,1.77%,109633,13.72%,227353,28.46%,28
All India Total,179787454,19785132,11%,1812487,1.01%,122734905,68.27%,4881392,2.72%,50352648,28.01%,37231701,20.71%,29
South Zone Total,39443917,5485325,13.91%,741257,1.88%,29587641,75.01%,2644191,6.7%,6470330,16.4%,10589436,26.85%,29
State Total,8048664,478826,5.95%,151081,1.88%,6227951,77.38%,342969,4.26%,1326604,16.48%,1911482,23.75%,29
Belgaum (01),735630,33566,4.56%,8405,1.14%,582446,79.18%,17645,2.4%,127134,17.28%,204611,27.81%,29
Bagalkot (02),240555,6092,2.53%,3383,1.41%,184322,76.62%,6458,2.68%,46392,19.29%,57104,23.74%,29
Bijapur (03),292629,6704,2.29%,3245,1.11%,247068,84.43%,6980,2.39%,35336,12.08%,54513,18.63%,29
Bidar (04),240566,11105,4.62%,5689,2.36%,188644,78.42%,6346,2.64%,39887,16.58%,32372,13.46%,29
Raichur (05),267156,15079,5.64%,5374,2.01%,223602,83.7%,7785,2.91%,30393,11.38%,56920,21.31%,29
Koppal (06),222255,8696,3.91%,3671,1.65%,174923,78.7%,6512,2.93%,37149,16.71%,44273,19.92%,29
Gadag (07),134976,2632,1.95%,1105,0.82%,97450,72.2%,3134,2.32%,33287,24.66%,18747,13.89%,29
Dharwad (08),160538,3022,1.88%,2146,1.34%,120524,75.08%,5230,3.26%,32635,20.33%,26896,16.75%,29
Uttara Kannada (09),240456,23182,9.64%,14172,5.89%,154259,64.15%,21591,8.98%,50434,20.97%,66312,27.58%,29
Haveri (10),257562,7069,2.74%,1175,0.46%,204602,79.44%,2941,1.14%,48844,18.96%,44971,17.46%,29
Bellary (11),290257,17352,5.98%,2899,1%,234026,80.63%,7216,2.49%,46116,15.89%,65432,22.54%,29
Chitradurga (12),282921,8786,3.11%,2902,1.03%,200955,71.03%,6819,2.41%,72245,25.54%,45277,16%,29
Davanagere (13),278261,8227,2.96%,3452,1.24%,211245,75.92%,8136,2.92%,55428,19.92%,63005,22.64%,29
Shimoga (14),257688,9024,3.5%,6046,2.35%,193250,74.99%,13949,5.41%,44443,17.25%,68084,26.42%,29
Udupi (15),200232,47586,23.77%,4260,2.13%,160391,80.1%,26862,13.42%,8719,4.35%,59326,29.63%,29
CHIKMAGALUR (16),206997,11340,5.48%,8759,4.23%,145528,70.3%,21677,10.47%,31033,14.99%,55066,26.6%,29
Tumkur (17),488277,16309,3.34%,14601,2.99%,335478,68.71%,20824,4.26%,117374,24.04%,114300,23.41%,29
Bangalore (18),269172,48284,17.94%,1466,0.54%,245388,91.16%,6747,2.51%,15571,5.78%,103743,38.54%,29
Mandya (19),351462,12729,3.62%,6218,1.77%,273462,77.81%,13005,3.7%,58777,16.72%,89808,25.55%,29
Hassan (20),348175,14285,4.1%,9484,2.72%,276488,79.41%,16127,4.63%,46076,13.23%,93346,26.81%,29
Dakshina Kannada (21),276202,60601,21.94%,8515,3.08%,206321,74.7%,47802,17.31%,13564,4.91%,67457,24.42%,29
Kodagu (22),114715,19649,17.13%,4990,4.35%,69400,60.5%,21864,19.06%,18461,16.09%,29630,25.83%,29
Mysore (23),416354,17792,4.27%,5292,1.27%,336692,80.87%,7290,1.75%,67080,16.11%,110331,26.5%,29
Chamarajanagar (24),203466,7451,3.66%,1775,0.87%,156412,76.87%,2656,1.31%,42623,20.95%,41544,20.42%,29
Gulbarga(Kalaburagi) (25),314651,13648,4.34%,5672,1.8%,263417,83.72%,9119,2.9%,36434,11.58%,42770,13.59%,29
Yadgir (26),158580,7314,4.61%,1597,1.01%,137793,86.89%,2263,1.43%,16927,10.67%,24197,15.26%,29
Kolar (27),226042,11748,5.2%,4789,2.12%,172216,76.19%,9605,4.25%,39432,17.44%,68173,30.16%,29
Chikkaballapura (28),218901,8141,3.72%,2963,1.35%,159496,72.86%,5954,2.72%,50443,23.04%,52142,23.82%,29
Bangalore Rural (29),158426,14857,9.38%,2157,1.36%,127488,80.47%,5976,3.77%,22805,14.39%,64033,40.42%,29
Ramanagara (30),195562,6556,3.35%,4879,2.49%,144665,73.97%,4456,2.28%,41562,21.25%,47099,24.08%,29
All India Total,179787454,19785132,11%,1812487,1.01%,122734905,68.27%,4881392,2.72%,50352648,28.01%,37231701,20.71%,30
West Zone Total,31206237,3696378,11.84%,386552,1.24%,19819488,63.51%,832413,2.67%,10167757,32.58%,7341018,23.52%,30
State Total,220731,153130,69.37%,5267,2.39%,160077,72.52%,37263,16.88%,18124,8.21%,145341,65.85%,30
NorthGoa (01),140451,97134,69.16%,2810,2%,103219,73.49%,22416,15.96%,12006,8.55%,92265,65.69%,30
SouthGoa (02),80280,55996,69.75%,2457,3.06%,56858,70.82%,14847,18.49%,6118,7.62%,53076,66.11%,30
All India Total,179787454,19785132,11%,1812487,1.01%,122734905,68.27%,4881392,2.72%,50352648,28.01%,37231701,20.71%,31
UT Zone Total,1338560,780191,58.29%,47515,3.55%,1140574,85.21%,54310,4.06%,96160,7.18%,631236,47.16%,31
State Total,10929,7441,68.08%,699,6.4%,6244,57.13%,3068,28.07%,918,8.4%,4142,37.9%,31
Lakshadweep (01),10929,7441,68.08%,699,6.4%,6244,57.13%,3068,28.07%,918,8.4%,4142,37.9%,31
All India Total,179787454,19785132,11%,1812487,1.01%,122734905,68.27%,4881392,2.72%,50352648,28.01%,37231701,20.71%,32
South Zone Total,39443917,5485325,13.91%,741257,1.88%,29587641,75.01%,2644191,6.7%,6470330,16.4%,10589436,26.85%,32
State Total,6319215,2619164,41.45%,229358,3.63%,3853683,60.98%,1783359,28.22%,452815,7.17%,1928034,30.51%,32
Kasaragod (01),232943,85290,36.61%,6973,2.99%,134276,57.64%,76669,32.91%,15025,6.45%,48539,20.84%,32
Kannur (02),475109,228783,48.15%,18513,3.9%,266333,56.06%,164896,34.71%,25367,5.34%,114420,24.08%,32
Wayanad (03),180860,28662,15.85%,3501,1.94%,122285,67.61%,37194,20.57%,17880,9.89%,35927,19.86%,32
Kozhikode (04),537969,211820,39.37%,23885,4.44%,334256,62.13%,146959,27.32%,32869,6.11%,145607,27.07%,32
Malappuram (05),707117,223198,31.56%,17896,2.53%,471602,66.69%,183683,25.98%,33936,4.8%,181525,25.67%,32
Palakkad (06),563475,147120,26.11%,10590,1.88%,405289,71.93%,97905,17.38%,49691,8.82%,169547,30.09%,32
Thrissur (07),591510,264493,44.71%,28787,4.87%,321155,54.29%,198863,33.62%,42705,7.22%,206426,34.9%,32
Ernakulam (08),529673,285105,53.83%,15326,2.89%,313962,59.27%,174997,33.04%,25388,4.79%,251824,47.54%,32
Idukki (09),258610,63007,24.36%,4355,1.68%,189184,73.15%,52424,20.27%,12647,4.89%,57389,22.19%,32
Kottayam (10),418899,230392,55%,16130,3.85%,227250,54.25%,157314,37.55%,18205,4.35%,157868,37.69%,32
Alappuzha (11),454793,206525,45.41%,24919,5.48%,266407,58.58%,128130,28.17%,35337,7.77%,152620,33.56%,32
Pathanamthitta (12),283661,166119,58.56%,14215,5.01%,140148,49.41%,109658,38.66%,19640,6.92%,98608,34.76%,32
Kollam (13),542337,270780,49.93%,24807,4.57%,310245,57.21%,154306,28.45%,52979,9.77%,157721,29.08%,32
Thiruvananthapuram (14),542259,207870,38.33%,19461,3.59%,351291,64.78%,100361,18.51%,71146,13.12%,150013,27.66%,32
All India Total,179787454,19785132,11%,1812487,1.01%,122734905,68.27%,4881392,2.72%,50352648,28.01%,37231701,20.71%,33
South Zone Total,39443917,5485325,13.91%,741257,1.88%,29587641,75.01%,2644191,6.7%,6470330,16.4%,10589436,26.85%,33
State Total,10088119,1222197,12.12%,117564,1.17%,7913668,78.45%,255661,2.53%,1801226,17.85%,3228825,32.01%,33
Thiruvallur (01),368152,96980,26.34%,2358,0.64%,285208,77.47%,6873,1.87%,73713,20.02%,131011,35.59%,33
Kancheepuram (03),432465,128272,29.66%,5176,1.2%,350015,80.93%,13404,3.1%,63870,14.77%,144617,33.44%,33
Vellore (04),587123,77653,13.23%,7366,1.25%,451635,76.92%,10922,1.86%,117200,19.96%,174833,29.78%,33
Tiruvannamalai (05),488091,36663,7.51%,2470,0.51%,383195,78.51%,4773,0.98%,97653,20.01%,137145,28.1%,33
Viluppuram (06),671784,64653,9.62%,8975,1.34%,548082,81.59%,7967,1.19%,106760,15.89%,168701,25.11%,33
Salem (07),501419,48945,9.76%,6106,1.22%,387959,77.37%,10329,2.06%,97025,19.35%,199849,39.86%,33
Namakkal (08),285291,47412,16.62%,3278,1.15%,219817,77.05%,9645,3.38%,52551,18.42%,152457,53.44%,33
Erode (09),322172,35112,10.9%,5107,1.59%,230178,71.45%,14547,4.52%,72340,22.45%,157246,48.81%,33
The Nilgiris (10),84323,3616,4.29%,1024,1.21%,65558,77.75%,3900,4.63%,13841,16.41%,6978,8.28%,33
Dindigul (11),368203,26039,7.07%,2655,0.72%,295121,80.15%,5317,1.44%,65110,17.68%,140550,38.17%,33
Karur (12),176084,16637,9.45%,1282,0.73%,138649,78.74%,2852,1.62%,33301,18.91%,66918,38%,33
Tiruchirappalli (13),368071,43900,11.93%,3758,1.02%,285165,77.48%,10680,2.9%,68468,18.6%,120922,32.85%,33
Perambalur (14),122676,10879,8.87%,1302,1.06%,94665,77.17%,1590,1.3%,25119,20.48%,30851,25.15%,33
Ariyalur (15),175439,12915,7.36%,1324,0.75%,138500,78.94%,2965,1.69%,32650,18.61%,41411,23.6%,33
Cuddalore (16),436344,58029,13.3%,2897,0.66%,360142,82.54%,6689,1.53%,66616,15.27%,129541,29.69%,33
Nagapattinam (17),318840,40573,12.73%,5789,1.82%,237925,74.62%,15278,4.79%,59848,18.77%,78765,24.7%,33
Thiruvarur (18),258848,29169,11.27%,5664,2.19%,178618,69%,12136,4.69%,62430,24.12%,60916,23.53%,33
Thanjavur (19),407041,55445,13.62%,6063,1.49%,322224,79.16%,15432,3.79%,63322,15.56%,116616,28.65%,33
Pudukkottai (20),313859,23966,7.64%,3778,1.2%,264347,84.22%,5977,1.9%,39757,12.67%,95687,30.49%,33
Sivaganga (21),240032,27863,11.61%,2806,1.17%,201487,83.94%,3852,1.6%,31887,13.28%,68409,28.5%,33
Madurai (22),329414,26403,8.02%,3952,1.2%,264194,80.2%,5234,1.59%,56034,17.01%,109182,33.14%,33
Theni (23),151886,9443,6.22%,3099,2.04%,114812,75.59%,2492,1.64%,31483,20.73%,26546,17.48%,33
Virudhunagar (24),340545,29632,8.7%,4169,1.22%,257278,75.55%,8169,2.4%,70929,20.83%,79584,23.37%,33
Ramanathapuram (25),238720,21273,8.91%,4076,1.71%,203893,85.41%,6607,2.77%,24144,10.11%,36527,15.3%,33
Thoothukkudi (26),257307,25412,9.88%,3762,1.46%,198321,77.08%,9113,3.54%,46111,17.92%,62508,24.29%,33
Tirunelveli (27),422627,37059,8.77%,6164,1.46%,312604,73.97%,15815,3.74%,88044,20.83%,106075,25.1%,33
Kanniyakumari (28),166505,45784,27.5%,4176,2.51%,132300,79.46%,11607,6.97%,18422,11.06%,46440,27.89%,33
Dharmapuri (29),323955,27369,8.45%,1333,0.41%,260861,80.52%,4756,1.47%,57005,17.6%,124989,38.58%,33
Krishnagiri (30),343293,33978,9.9%,1935,0.56%,285114,83.05%,4144,1.21%,52100,15.18%,130716,38.08%,33
Coimbatore (31),268951,43934,16.34%,1919,0.71%,204296,75.96%,10806,4.02%,51930,19.31%,125992,46.85%,33
Tiruppur (32),318659,37189,11.67%,3801,1.19%,241505,75.79%,11790,3.7%,61563,19.32%,156843,49.22%,33
All India Total,179787454,19785132,11%,1812487,1.01%,122734905,68.27%,4881392,2.72%,50352648,28.01%,37231701,20.71%,34
UT Zone Total,1338560,780191,58.29%,47515,3.55%,1140574,85.21%,54310,4.06%,96160,7.18%,631236,47.16%,34
State Total,115249,36576,31.74%,846,0.73%,87957,76.32%,5393,4.68%,21053,18.27%,52417,45.48%,34
Puducherry (02),88898,28215,31.74%,643,0.72%,68744,77.33%,3033,3.41%,16478,18.54%,40774,45.87%,34
Karaikal (04),26351,8361,31.73%,203,0.77%,19213,72.91%,2360,8.96%,4575,17.36%,11643,44.18%,34
All India Total,179787454,19785132,11%,1812487,1.01%,122734905,68.27%,4881392,2.72%,50352648,28.01%,37231701,20.71%,35
UT Zone Total,1338560,780191,58.29%,47515,3.55%,1140574,85.21%,54310,4.06%,96160,7.18%,631236,47.16%,35
State Total,68481,21710,31.7%,1161,1.7%,52413,76.54%,2663,3.89%,12244,17.88%,18649,27.23%,35
Nicobars (01),9333,1914,20.51%,164,1.76%,6290,67.4%,146,1.56%,2733,29.28%,2468,26.44%,35
North  & Middle Andaman (02),26990,7448,27.6%,630,2.33%,19560,72.47%,1237,4.58%,5563,20.61%,5804,21.5%,35
South Andaman (03),32158,12348,38.4%,367,1.14%,26563,82.6%,1280,3.98%,3948,12.28%,10377,32.27%,35
All India Total,179787454,19785132,11%,1812487,1.01%,122734905,68.27%,4881392,2.72%,50352648,28.01%,37231701,20.71%,36
South Zone Total,39443917,5485325,13.91%,741257,1.88%,29587641,75.01%,2644191,6.7%,6470330,16.4%,10589436,26.85%,36
State Total,5643739,593889,10.52%,66511,1.18%,4728933,83.79%,107278,1.9%,740969,13.13%,1707527,30.26%,36
Adilabad (01),475708,31303,6.58%,6362,1.34%,351114,73.81%,5335,1.12%,112897,23.73%,82267,17.29%,36
Nizamabad (02),531257,192981,36.33%,5506,1.04%,439374,82.7%,47694,8.98%,38682,7.28%,286377,53.91%,36
Karimnagar (03),751791,39548,5.26%,6476,0.86%,630619,83.88%,6244,0.83%,108451,14.43%,177052,23.55%,36
Medak (04),620236,98751,15.92%,3301,0.53%,589353,95.02%,5464,0.88%,22117,3.57%,417984,67.39%,36
Rangareddy (06),502832,77471,15.41%,8280,1.65%,439397,87.38%,12137,2.41%,43018,8.56%,175477,34.9%,36
Mahbubnagar (07),735280,41660,5.67%,14171,1.93%,635962,86.49%,11107,1.51%,74016,10.07%,196182,26.68%,36
Nalgonda (08),760630,38862,5.11%,7400,0.97%,639050,84.02%,6609,0.87%,107550,14.14%,183104,24.07%,36
Warangal (09),715975,35971,5.02%,10850,1.52%,568131,79.35%,8419,1.18%,128575,17.96%,108071,15.09%,36
Khammam (10),550030,37342,6.79%,4165,0.76%,435933,79.26%,4269,0.78%,105663,19.21%,81013,14.73%,36
