District Name,Total Households,Number of SC Households,% of SC Households,Number of ST Households,% of ST Households,Number of Others Households,% of Others Households,Number of No Caste & Tribe Households,% No Caste & Tribe Households,State_Code
All India Total,179787454,33164085,18.45%,19737399,10.98%,123161662,68.5%,3679958,2.05%,01
North Zone Total,9104338,2340408,25.71%,318817,3.5%,6245186,68.6%,199671,2.19%,01
State Total,1601606,156382,9.76%,240677,15.03%,1074710,67.1%,129759,8.1%,01
Kupwara (01),107636,237,0.22%,8420,7.82%,82067,76.24%,16911,15.71%,01
Badgam (02),97773,101,0.1%,3221,3.29%,66807,68.33%,27644,28.27%,01
Leh(Ladakh) (03),17723,6,0.03%,16515,93.18%,89,0.5%,1113,6.28%,01
Kargil (04),15923,5,0.03%,15310,96.15%,77,0.48%,531,3.33%,01
Punch (05),81685,56,0.07%,32544,39.84%,47376,58%,1648,2.02%,01
Rajouri (06),127822,11669,9.13%,50175,39.25%,65231,51.03%,734,0.57%,01
Kathua (07),99768,22946,23%,7836,7.85%,52513,52.64%,16473,16.51%,01
Baramula (08),123540,31,0.03%,4212,3.41%,116778,94.53%,2519,2.04%,01
Bandipore (09),47848,202,0.42%,10937,22.86%,35911,75.05%,798,1.67%,01
Srinagar (10),4304,1,0.02%,310,7.2%,538,12.5%,3455,80.27%,01
Ganderbal (11),40450,57,0.14%,8958,22.15%,29644,73.29%,1791,4.43%,01
Pulwama (12),79308,245,0.31%,3658,4.61%,56074,70.7%,19329,24.37%,01
Shupiyan (13),42691,57,0.13%,749,1.75%,39490,92.5%,2395,5.61%,01
Anantnag (14),123476,405,0.33%,15430,12.5%,79480,64.37%,28161,22.81%,01
Kulgam (15),61426,122,0.2%,4188,6.82%,55632,90.57%,1484,2.42%,01
Doda (16),74110,10456,14.11%,6957,9.39%,55418,74.78%,1279,1.73%,01
Ramban (17),55171,2869,5.2%,8489,15.39%,43751,79.3%,62,0.11%,01
Kishtwar (18),42273,2292,5.42%,6610,15.64%,32100,75.93%,1271,3.01%,01
Udhampur (19),79845,21706,27.19%,8773,10.99%,47546,59.55%,1819,2.28%,01
Reasi (20),52339,6112,11.68%,15926,30.43%,30198,57.7%,103,0.2%,01
Jammu (21),170917,60162,35.2%,8345,4.88%,102304,59.86%,106,0.06%,01
Samba (22),55578,16645,29.95%,3114,5.6%,35686,64.21%,133,0.24%,01
All India Total,179787454,33164085,18.45%,19737399,10.98%,123161662,68.5%,3679958,2.05%,02
North Zone Total,9104338,2340408,25.71%,318817,3.5%,6245186,68.6%,199671,2.19%,02
State Total,1263756,302876,23.97%,77392,6.12%,862906,68.28%,20542,1.63%,02
Chamba (01),92274,18943,20.53%,25421,27.55%,43721,47.38%,4184,4.53%,02
Kangra (02),309461,62601,20.23%,17058,5.51%,228442,73.82%,1339,0.43%,02
LahulSpiti (03),6177,508,8.22%,5263,85.2%,303,4.91%,103,1.67%,02
Kullu (04),79798,22387,28.05%,3181,3.99%,53672,67.26%,558,0.7%,02
Mandi (05),198952,55410,27.85%,2556,1.28%,135217,67.96%,5764,2.9%,02
Hamirpur (06),96745,22157,22.9%,775,0.8%,73528,76%,283,0.29%,02
Una (07),97451,21981,22.56%,1912,1.96%,72812,74.72%,746,0.77%,02
Bilaspur (08),70768,17498,24.73%,1882,2.66%,51067,72.16%,321,0.45%,02
Solan (09),90043,24878,27.63%,4153,4.61%,58544,65.02%,2468,2.74%,02
Sirmaur (10),82214,22528,27.4%,1636,1.99%,57011,69.34%,1039,1.26%,02
Shimla (11),121586,30984,25.48%,1125,0.93%,86472,71.12%,2998,2.47%,02
Kinnaur (12),18287,3001,16.41%,12430,67.97%,2117,11.58%,739,4.04%,02
All India Total,179787454,33164085,18.45%,19737399,10.98%,123161662,68.5%,3679958,2.05%,03
North Zone Total,9104338,2340408,25.71%,318817,3.5%,6245186,68.6%,199671,2.19%,03
State Total,3269467,1201439,36.75%,160,0%,2041181,62.43%,26687,0.82%,03
Gurdaspur (01),297035,72746,24.49%,10,0%,218275,73.48%,6004,2.02%,03
Kapurthala (02),104862,40165,38.3%,0,0%,64096,61.12%,601,0.57%,03
Jalandhar (03),214994,109399,50.88%,0,0%,103954,48.35%,1641,0.76%,03
Hoshiarpur (04),263563,97273,36.91%,24,0.01%,164698,62.49%,1568,0.59%,03
Shahid Bhagat Singh Nagar (05),103553,44476,42.95%,1,0%,58940,56.92%,136,0.13%,03
Fatehgarh Sahib (06),76287,28256,37.04%,1,0%,47741,62.58%,289,0.38%,03
Ludhiana (07),269447,104045,38.61%,77,0.03%,164217,60.95%,1108,0.41%,03
Moga (08),143743,54942,38.22%,5,0%,88336,61.45%,460,0.32%,03
Firozpur (09),270011,133265,49.36%,11,0%,136479,50.55%,256,0.09%,03
Muktsar (10),123773,55166,44.57%,0,0%,68117,55.03%,490,0.4%,03
Faridkot (11),74717,30670,41.05%,0,0%,43916,58.78%,131,0.18%,03
Bathinda (12),159138,59669,37.5%,0,0%,98704,62.02%,765,0.48%,03
Mansa (13),114443,43579,38.08%,0,0%,70629,61.72%,235,0.21%,03
Patiala (14),213729,67159,31.42%,0,0%,146253,68.43%,317,0.15%,03
Amritsar (15),206172,60101,29.15%,5,0%,137852,66.86%,8214,3.98%,03
Tarn Taran (16),165688,53538,32.31%,0,0%,111267,67.15%,883,0.53%,03
Rupnagar (17),94482,25660,27.16%,25,0.03%,67482,71.42%,1315,1.39%,03
Sahibzada Ajit Singh Nagar (18),85222,25419,29.83%,0,0%,58175,68.26%,1628,1.91%,03
Sangrur (19),214234,70372,32.85%,1,0%,143254,66.87%,607,0.28%,03
Barnala (20),74374,25539,34.34%,0,0%,48796,65.61%,39,0.05%,03
All India Total,179787454,33164085,18.45%,19737399,10.98%,123161662,68.5%,3679958,2.05%,04
UT Zone Total,1338560,170441,12.73%,48291,3.61%,998379,74.59%,121162,9.05%,04
State Total,15657,2915,18.62%,0,0%,12596,80.45%,146,0.93%,04
CHANDIGARH DISTRICT (01),15657,2915,18.62%,0,0%,12596,80.45%,146,0.93%,04
All India Total,179787454,33164085,18.45%,19737399,10.98%,123161662,68.5%,3679958,2.05%,05
Central Zone Total,43325279,8814541,20.35%,4750435,10.96%,29551440,68.21%,198823,0.46%,05
State Total,1479742,277997,18.79%,46487,3.14%,1123666,75.94%,31563,2.13%,05
Uttarkashi (01),64836,15829,24.41%,460,0.71%,47605,73.42%,942,1.45%,05
Chamoli (02),70323,12017,17.09%,2269,3.23%,53800,76.5%,2237,3.18%,05
Rudraprayag (03),48830,6772,13.87%,110,0.23%,41847,85.7%,101,0.21%,05
TehriGarhwal (04),119766,15652,13.07%,310,0.26%,103164,86.14%,640,0.53%,05
Dehradun (05),165649,21023,12.69%,15341,9.26%,124751,75.31%,4534,2.74%,05
Garhwal (06),140122,19874,14.18%,410,0.29%,117647,83.96%,2191,1.56%,05
Pithoragarh (07),91906,22203,24.16%,4170,4.54%,65330,71.08%,203,0.22%,05
Bageshwar (08),53420,13374,25.04%,355,0.66%,39472,73.89%,219,0.41%,05
Almora (09),125275,24021,19.17%,258,0.21%,99261,79.23%,1735,1.38%,05
Champawat (10),44150,7711,17.47%,187,0.42%,35763,81%,489,1.11%,05
Nainital (11),117469,23743,20.21%,991,0.84%,80891,68.86%,11844,10.08%,05
UdhamSinghNagar (12),206204,33863,16.42%,20899,10.14%,146781,71.18%,4661,2.26%,05
Hardwar (13),231792,61915,26.71%,727,0.31%,167354,72.2%,1767,0.76%,05
All India Total,179787454,33164085,18.45%,19737399,10.98%,123161662,68.5%,3679958,2.05%,06
North Zone Total,9104338,2340408,25.71%,318817,3.5%,6245186,68.6%,199671,2.19%,06
State Total,2969509,679711,22.89%,588,0.02%,2266389,76.32%,22683,0.76%,06
Panchkula (01),47620,11258,23.64%,0,0%,36061,75.73%,301,0.63%,06
Ambala (02),114196,38839,34.01%,11,0.01%,75224,65.87%,122,0.11%,06
Yamunanagar (03),132327,42766,32.32%,0,0%,89397,67.56%,164,0.12%,06
Kurukshetra (04),129992,34643,26.65%,0,0%,95138,73.19%,211,0.16%,06
Kaithal (05),152125,38526,25.33%,0,0%,113400,74.54%,199,0.13%,06
Karnal (06),183992,46909,25.5%,32,0.02%,136760,74.33%,291,0.16%,06
Panipat (07),115331,22415,19.44%,272,0.24%,92147,79.9%,497,0.43%,06
Sonipat (08),178864,31650,17.7%,221,0.12%,146679,82.01%,314,0.18%,06
Jind (09),185184,43646,23.57%,0,0%,141334,76.32%,204,0.11%,06
Fatehabad (10),138546,44770,32.31%,0,0%,93661,67.6%,115,0.08%,06
Sirsa (11),175850,53388,30.36%,0,0%,105828,60.18%,16634,9.46%,06
Hisar (12),224387,56145,25.02%,25,0.01%,167979,74.86%,238,0.11%,06
Bhiwani (13),244308,45961,18.81%,1,0%,198080,81.08%,266,0.11%,06
Rohtak (14),109762,23054,21%,0,0%,85973,78.33%,735,0.67%,06
Jhajjar (15),126621,23658,18.68%,0,0%,102723,81.13%,240,0.19%,06
Mahendragarh (16),144210,25680,17.81%,0,0%,118440,82.13%,90,0.06%,06
Rewari (17),133065,28456,21.39%,9,0.01%,104208,78.31%,392,0.29%,06
Gurgaon (18),95792,17949,18.74%,1,0%,77578,80.99%,264,0.28%,06
Mewat (19),140478,10001,7.12%,1,0%,130217,92.7%,259,0.18%,06
Faridabad (20),66824,13318,19.93%,15,0.02%,52295,78.26%,1058,1.58%,06
Palwal (21),130035,26679,20.52%,0,0%,103267,79.41%,89,0.07%,06
All India Total,179787454,33164085,18.45%,19737399,10.98%,123161662,68.5%,3679958,2.05%,07
UT Zone Total,1338560,170441,12.73%,48291,3.61%,998379,74.59%,121162,9.05%,07
State Total,1051097,138478,13.17%,115,0.01%,821580,78.16%,90655,8.62%,07
North West (01),299316,39224,13.1%,10,0%,213286,71.26%,46690,15.6%,07
North (02),51632,6545,12.68%,6,0.01%,43284,83.83%,1797,3.48%,07
North East (03),194939,17866,9.16%,0,0%,166426,85.37%,10486,5.38%,07
East (04),93117,16962,18.22%,0,0%,63784,68.5%,12369,13.28%,07
West (07),124338,19239,15.47%,89,0.07%,99073,79.68%,5937,4.77%,07
South West (08),112653,13864,12.31%,3,0%,94820,84.17%,3966,3.52%,07
South (09),175102,24778,14.15%,7,0%,140907,80.47%,9410,5.37%,07
All India Total,179787454,33164085,18.45%,19737399,10.98%,123161662,68.5%,3679958,2.05%,08
West Zone Total,31206237,4035139,12.93%,5173837,16.58%,21445868,68.72%,547124,1.75%,08
State Total,10223073,1891287,18.5%,1799449,17.6%,6502512,63.61%,29817,0.29%,08
Ganganagar (01),287488,117976,41.04%,1064,0.37%,167850,58.39%,598,0.21%,08
Hanumangarh (02),275589,85738,31.11%,1484,0.54%,188086,68.25%,281,0.1%,08
Bikaner (03),261329,66615,25.49%,1973,0.75%,191503,73.28%,1238,0.47%,08
Churu (04),276699,69667,25.18%,3300,1.19%,203108,73.4%,624,0.23%,08
Jhunjhunun (05),317727,54813,17.25%,8969,2.82%,253618,79.82%,327,0.1%,08
Alwar (06),529224,98778,18.66%,44766,8.46%,383692,72.5%,1988,0.38%,08
Bharatpur (07),343978,78141,22.72%,8426,2.45%,256932,74.69%,474,0.14%,08
Dhaulpur (08),173796,37617,21.64%,10422,6%,125280,72.08%,477,0.27%,08
Karauli (09),250656,60587,24.17%,64527,25.74%,124700,49.75%,842,0.34%,08
Sawai Madhopur (10),221430,46757,21.12%,54395,24.57%,118575,53.55%,1703,0.77%,08
Dausa (11),273196,60204,22.04%,74654,27.33%,138019,50.52%,319,0.12%,08
Jaipur (12),530477,98121,18.5%,66071,12.46%,363692,68.56%,2593,0.49%,08
Sikar (13),369270,63817,17.28%,13876,3.76%,290857,78.77%,720,0.19%,08
Nagaur (14),523798,122047,23.3%,2526,0.48%,397968,75.98%,1257,0.24%,08
Jodhpur (15),460672,84185,18.27%,17006,3.69%,358257,77.77%,1224,0.27%,08
Jaisalmer (16),110525,15463,13.99%,6566,5.94%,85839,77.66%,2656,2.4%,08
Barmer (17),481147,81578,16.95%,34072,7.08%,364656,75.79%,840,0.17%,08
Jalor (18),324662,63091,19.43%,32662,10.06%,228472,70.37%,436,0.13%,08
Sirohi (19),170212,34634,20.35%,51480,30.24%,83762,49.21%,336,0.2%,08
Pali (20),352690,66013,18.72%,26926,7.63%,259157,73.48%,594,0.17%,08
Ajmer (21),315014,54076,17.17%,11148,3.54%,248511,78.89%,1279,0.41%,08
Tonk (22),233901,50325,21.52%,37850,16.18%,145305,62.12%,421,0.18%,08
Bundi (23),197992,39159,19.78%,49190,24.84%,109438,55.27%,205,0.1%,08
Bhilwara (24),419347,75435,17.99%,52885,12.61%,289194,68.96%,1833,0.44%,08
Rajsamand (25),220162,27965,12.7%,33044,15.01%,158329,71.91%,824,0.37%,08
Dungarpur (26),298430,10863,3.64%,213183,71.43%,73904,24.76%,480,0.16%,08
Banswara (27),357369,15233,4.26%,286630,80.21%,55217,15.45%,289,0.08%,08
Chittaurgarh (28),277402,48175,17.37%,43282,15.6%,185134,66.74%,811,0.29%,08
Kota (29),170991,42957,25.12%,25992,15.2%,101129,59.14%,913,0.53%,08
Baran (30),212554,37948,17.85%,56141,26.41%,117920,55.48%,545,0.26%,08
Jhalawar (31),260405,44713,17.17%,36281,13.93%,179152,68.8%,259,0.1%,08
Udaipur (32),546877,26308,4.81%,308273,56.37%,210049,38.41%,2247,0.41%,08
Pratapgarh (33),178064,12288,6.9%,120385,67.61%,45207,25.39%,184,0.1%,08
All India Total,179787454,33164085,18.45%,19737399,10.98%,123161662,68.5%,3679958,2.05%,09
Central Zone Total,43325279,8814541,20.35%,4750435,10.96%,29551440,68.21%,198823,0.46%,09
State Total,26015592,6191757,23.8%,176604,0.68%,19530460,75.07%,107149,0.41%,09
Saharanpur (01),418340,78671,18.81%,356,0.09%,339090,81.06%,213,0.05%,09
Muzaffarnagar (02),502344,52149,10.38%,499,0.1%,449166,89.41%,514,0.1%,09
Bijnor (03),495304,137022,27.66%,795,0.16%,356922,72.06%,212,0.04%,09
Moradabad (04),521305,99885,19.16%,299,0.06%,420373,80.64%,533,0.1%,09
Rampur (05),299340,40862,13.65%,112,0.04%,257772,86.11%,490,0.16%,09
Jyotiba Phule Nagar (06),228537,21643,9.47%,714,0.31%,194494,85.1%,11271,4.93%,09
Meerut (07),261180,55321,21.18%,247,0.09%,205299,78.6%,302,0.12%,09
Baghpat (08),161232,12328,7.65%,116,0.07%,148264,91.96%,498,0.31%,09
Ghaziabad (09),295081,40333,13.67%,972,0.33%,249790,84.65%,3986,1.35%,09
Gautam Buddha Nagar (10),289590,30849,10.65%,355,0.12%,256496,88.57%,1861,0.64%,09
Bulandshahr (11),427475,96866,22.66%,281,0.07%,330042,77.21%,286,0.07%,09
Aligarh (12),418563,98088,23.43%,590,0.14%,319186,76.26%,578,0.14%,09
Mahamaya Nagar (13),199901,39864,19.94%,344,0.17%,158474,79.28%,1219,0.61%,09
Mathura (14),294772,52966,17.97%,266,0.09%,240709,81.66%,825,0.28%,09
Agra (15),375187,70720,18.85%,663,0.18%,297189,79.21%,6213,1.66%,09
Firozabad (16),265386,54952,20.71%,292,0.11%,209849,79.07%,286,0.11%,09
Mainpuri (17),258844,52918,20.44%,325,0.13%,205202,79.28%,399,0.15%,09
Budaun (18),480817,84478,17.57%,801,0.17%,393393,81.82%,2145,0.45%,09
Bareilly (19),475247,67184,14.14%,744,0.16%,402104,84.61%,5193,1.09%,09
Pilibhit (20),303726,64497,21.24%,398,0.13%,238423,78.5%,408,0.13%,09
Shahjahanpur (21),405601,73965,18.24%,204,0.05%,330807,81.56%,625,0.15%,09
Kheri (22),640850,200720,31.32%,7130,1.11%,430815,67.23%,2185,0.34%,09
Sitapur (23),714977,273057,38.19%,725,0.1%,440341,61.59%,851,0.12%,09
Hardoi (24),617677,206893,33.5%,1873,0.3%,405042,65.58%,1620,0.26%,09
Unnao (25),481545,164296,34.12%,785,0.16%,315969,65.62%,495,0.1%,09
Lucknow (26),278203,116590,41.91%,459,0.16%,160180,57.58%,926,0.33%,09
Rae Bareli (27),569800,194682,34.17%,1383,0.24%,372543,65.38%,1182,0.21%,09
Farrukhabad (28),249331,44885,18%,112,0.04%,204204,81.9%,118,0.05%,09
Kannauj (29),237103,50188,21.17%,104,0.04%,186252,78.55%,299,0.13%,09
Etawah (30),213944,57833,27.03%,270,0.13%,155079,72.49%,743,0.35%,09
Auraiya (31),209864,58748,27.99%,669,0.32%,149226,71.11%,1170,0.56%,09
Kanpur Dehat (32),310765,81990,26.38%,1486,0.48%,225157,72.45%,246,0.08%,09
Kanpur Nagar (33),289213,69665,24.09%,714,0.25%,216093,74.72%,2741,0.95%,09
Jalaun (34),211977,62936,29.69%,194,0.09%,148469,70.04%,378,0.18%,09
Jhansi (35),212906,65333,30.69%,1878,0.88%,144313,67.78%,1382,0.65%,09
Lalitpur (36),186311,42715,22.93%,11650,6.25%,131130,70.38%,816,0.44%,09
Hamirpur (37),174857,39229,22.43%,54,0.03%,134854,77.12%,134,0.08%,09
Mahoba (38),127389,37517,29.45%,82,0.06%,89784,70.48%,5,0%,09
Banda (39),269240,49866,18.52%,403,0.15%,218178,81.03%,791,0.29%,09
Chitrakoot (40),152132,36801,24.19%,539,0.35%,114557,75.3%,224,0.15%,09
Fatehpur (41),415053,114505,27.59%,362,0.09%,299663,72.2%,522,0.13%,09
Pratapgarh (42),494720,123039,24.87%,583,0.12%,369686,74.73%,1329,0.27%,09
Kaushambi (43),255994,85043,33.22%,155,0.06%,170637,66.66%,159,0.06%,09
Allahabad (44),705588,181545,25.73%,1555,0.22%,519074,73.57%,3395,0.48%,09
Bara Banki (45),533550,174547,32.71%,643,0.12%,356539,66.82%,1762,0.33%,09
Faizabad (46),377144,105086,27.86%,947,0.25%,270799,71.8%,312,0.08%,09
Ambedkar Nagar (47),322410,94209,29.22%,816,0.25%,226598,70.28%,787,0.24%,09
Sultanpur (48),563089,137814,24.47%,1260,0.22%,421428,74.84%,2580,0.46%,09
Bahraich (49),541484,88608,16.36%,1756,0.32%,445474,82.27%,5633,1.04%,09
Shrawasti (50),179481,36889,20.55%,1096,0.61%,141119,78.63%,356,0.2%,09
Balrampur (51),293520,45441,15.48%,3335,1.14%,244345,83.25%,397,0.14%,09
Gonda (52),523254,98452,18.82%,808,0.15%,422658,80.77%,1336,0.26%,09
Siddharthnagar (53),382311,74907,19.59%,1829,0.48%,305190,79.83%,385,0.1%,09
Basti (54),385828,96972,25.13%,3059,0.79%,285299,73.94%,494,0.13%,09
Sant Kabir Nagar (55),243670,62049,25.46%,1418,0.58%,179608,73.71%,595,0.24%,09
Mahrajganj (56),407828,94200,23.1%,4088,1%,307377,75.37%,2160,0.53%,09
Gorakhpur (57),599152,162199,27.07%,4713,0.79%,428573,71.53%,3651,0.61%,09
Kushinagar (58),574969,129269,22.48%,12516,2.18%,432225,75.17%,959,0.17%,09
Deoria (59),450667,93421,20.73%,10613,2.35%,344760,76.5%,1873,0.42%,09
Azamgarh (60),615199,138262,22.47%,3270,0.53%,470147,76.42%,3091,0.5%,09
Mau (61),262251,70309,26.81%,2820,1.08%,187779,71.6%,1309,0.5%,09
Ballia (62),426709,78976,18.51%,13555,3.18%,333162,78.08%,990,0.23%,09
Jaunpur (63),596098,151908,25.48%,3605,0.6%,434045,72.81%,6536,1.1%,09
Ghazipur (64),476147,123369,25.91%,3447,0.72%,347254,72.93%,477,0.1%,09
Chandauli (65),265851,74079,27.86%,2026,0.76%,189065,71.12%,393,0.15%,09
Varanasi (66),343657,64694,18.83%,2639,0.77%,274056,79.75%,2268,0.66%,09
Sant Ravidas Nagar (Bhadohi) (67),191630,48658,25.39%,1087,0.57%,140370,73.25%,1468,0.77%,09
Mirzapur (68),340748,106395,31.22%,2780,0.82%,227341,66.72%,4186,1.23%,09
Sonbhadra (69),288433,81512,28.26%,49479,17.15%,155051,53.76%,2362,0.82%,09
Etah (70),241868,39232,16.22%,119,0.05%,201569,83.34%,940,0.39%,09
Kanshiram Nagar (71),191433,36663,19.15%,342,0.18%,154339,80.62%,81,0.04%,09
All India Total,179787454,33164085,18.45%,19737399,10.98%,123161662,68.5%,3679958,2.05%,10
East Zone Total,47307665,9720814,20.55%,4964016,10.49%,32302703,68.28%,293787,0.62%,10
State Total,17829066,3019662,16.94%,286393,1.61%,14481211,81.22%,21052,0.12%,10
Pashchim Champaran (01),681326,108067,15.86%,54232,7.96%,518425,76.09%,460,0.07%,10
Purba Champaran (02),917790,117005,12.75%,5825,0.63%,790391,86.12%,3132,0.34%,10
Sheohar (03),149211,22929,15.37%,109,0.07%,125801,84.31%,265,0.18%,10
Sitamarhi (04),725723,91756,12.64%,1185,0.16%,632453,87.15%,317,0.04%,10
Madhubani (05),886810,124820,14.08%,1912,0.22%,758478,85.53%,1299,0.15%,10
Supaul (06),455280,75517,16.59%,2562,0.56%,376545,82.71%,349,0.08%,10
Araria (07),595834,75715,12.71%,11488,1.93%,504609,84.69%,754,0.13%,10
Kishanganj (08),308989,22626,7.32%,13572,4.39%,272418,88.16%,372,0.12%,10
Purnia (09),591936,75812,12.81%,25388,4.29%,488103,82.46%,723,0.12%,10
Katihar (10),582089,49782,8.55%,37539,6.45%,491903,84.51%,2754,0.47%,10
Madhepura (11),402414,72273,17.96%,2545,0.63%,327190,81.31%,314,0.08%,10
Saharsa (12),351154,65939,18.78%,1267,0.36%,283583,80.76%,254,0.07%,10
Darbhanga (13),817164,131784,16.13%,1636,0.2%,682062,83.47%,1110,0.14%,10
Muzaffarpur (14),876341,144849,16.53%,2160,0.25%,728042,83.08%,1261,0.14%,10
Gopalganj (15),389899,52180,13.38%,13837,3.55%,323799,83.05%,63,0.02%,10
Siwan (16),519048,68078,13.12%,19974,3.85%,430867,83.01%,102,0.02%,10
Saran (17),577746,73741,12.76%,9148,1.58%,494441,85.58%,278,0.05%,10
Vaishali (18),629950,135924,21.58%,1191,0.19%,492287,78.15%,528,0.08%,10
Samastipur (19),831029,164436,19.79%,571,0.07%,665455,80.08%,535,0.06%,10
Begusarai (20),491437,72907,14.84%,359,0.07%,417496,84.95%,135,0.03%,10
Khagaria (21),347924,49394,14.2%,299,0.09%,297222,85.43%,39,0.01%,10
Bhagalpur (22),468355,50701,10.83%,9342,1.99%,405804,86.64%,204,0.04%,10
Banka (23),384455,49404,12.85%,19664,5.11%,314394,81.78%,108,0.03%,10
Munger (24),201233,31006,15.41%,4479,2.23%,165634,82.31%,67,0.03%,10
Lakhisarai (25),141284,23281,16.48%,1521,1.08%,116386,82.38%,71,0.05%,10
Sheikhpura (26),91847,21305,23.2%,189,0.21%,69776,75.97%,48,0.05%,10
Nalanda (27),462838,96335,20.81%,335,0.07%,366025,79.08%,101,0.02%,10
Patna (28),690850,135198,19.57%,1164,0.17%,549487,79.54%,3081,0.45%,10
Bhojpur (29),419641,73302,17.47%,3390,0.81%,341810,81.45%,406,0.1%,10
Buxar (30),238210,39693,16.66%,6070,2.55%,192324,80.74%,122,0.05%,10
Kaimur Bhabua (31),241516,61265,25.37%,9398,3.89%,170611,70.64%,229,0.09%,10
Rohtas (32),409854,89576,21.86%,6819,1.66%,313222,76.42%,237,0.06%,10
Aurangabad (33),366898,98579,26.87%,1079,0.29%,267064,72.79%,160,0.04%,10
Gaya (34),659015,242162,36.75%,741,0.11%,415675,63.08%,330,0.05%,10
Nawada (35),349738,98950,28.29%,544,0.16%,248589,71.08%,81,0.02%,10
Jamui (36),292670,52605,17.97%,14532,4.97%,222675,76.08%,531,0.18%,10
Jehanabad (37),164924,35050,21.25%,181,0.11%,129658,78.62%,28,0.02%,10
Arwal (38),116644,25716,22.05%,146,0.13%,90507,77.59%,204,0.17%,10
All India Total,179787454,33164085,18.45%,19737399,10.98%,123161662,68.5%,3679958,2.05%,11
North Eastern Zone Total,8061458,647603,8.03%,2316676,28.74%,3005981,37.29%,2090817,25.94%,11
State Total,88723,4884,5.5%,33968,38.29%,49389,55.67%,482,0.54%,11
North  District (01),6550,146,2.23%,5411,82.61%,976,14.9%,17,0.26%,11
West District (02),26267,1264,4.81%,11430,43.51%,13507,51.42%,66,0.25%,11
South District (03),24429,1250,5.12%,7219,29.55%,15898,65.08%,62,0.25%,11
East District (04),31477,2224,7.07%,9908,31.48%,19008,60.39%,337,1.07%,11
All India Total,179787454,33164085,18.45%,19737399,10.98%,123161662,68.5%,3679958,2.05%,12
North Eastern Zone Total,8061458,647603,8.03%,2316676,28.74%,3005981,37.29%,2090817,25.94%,12
State Total,201842,38,0.02%,156213,77.39%,35544,17.61%,10028,4.97%,12
Tawang (01),8247,0,0%,7265,88.09%,871,10.56%,110,1.33%,12
West Kameng (02),12755,0,0%,8745,68.56%,2594,20.34%,1416,11.1%,12
East Kameng (03),12256,0,0%,11556,94.29%,650,5.3%,47,0.38%,12
Papum Pare (04),13493,0,0%,10706,79.34%,1324,9.81%,1463,10.84%,12
Upper Subansiri (05),16628,0,0%,16372,98.46%,178,1.07%,78,0.47%,12
West Siang (06),16355,0,0%,15335,93.76%,743,4.54%,277,1.69%,12
East Siang (07),12593,0,0%,10600,84.17%,1384,10.99%,606,4.81%,12
Upper Siang (08),5487,0,0%,4821,87.86%,526,9.59%,140,2.55%,12
Changlang (09),23292,0,0%,10059,43.19%,10408,44.68%,2821,12.11%,12
Tirap (10),15931,0,0%,15134,95%,623,3.91%,174,1.09%,12
Lower Subansiri (11),11726,0,0%,10835,92.4%,750,6.4%,141,1.2%,12
Kurung Kumey (12),17068,0,0%,16925,99.16%,126,0.74%,9,0.05%,12
Dibang Valley (13),1241,0,0%,1089,87.75%,83,6.69%,69,5.56%,12
Lower Dibang Valley (14),7905,0,0%,4658,58.92%,2454,31.04%,793,10.03%,12
Lohit (15),22686,1,0%,8636,38.07%,12672,55.86%,1377,6.07%,12
Anjaw (16),4179,37,0.89%,3477,83.2%,158,3.78%,507,12.13%,12
All India Total,179787454,33164085,18.45%,19737399,10.98%,123161662,68.5%,3679958,2.05%,13
North Eastern Zone Total,8061458,647603,8.03%,2316676,28.74%,3005981,37.29%,2090817,25.94%,13
State Total,284310,105,0.04%,267000,93.91%,14440,5.08%,2765,0.97%,13
Mon (01),35445,2,0.01%,34248,96.62%,965,2.72%,230,0.65%,13
Mokokchung (02),30620,24,0.08%,29115,95.08%,1156,3.78%,325,1.06%,13
Zunheboto (03),23617,60,0.25%,23430,99.21%,88,0.37%,39,0.17%,13
Wokha (04),24530,0,0%,23799,97.02%,729,2.97%,2,0.01%,13
Dimapur  (05),41147,8,0.02%,30722,74.66%,8777,21.33%,1640,3.99%,13
Phek (06),30807,6,0.02%,30399,98.68%,245,0.8%,157,0.51%,13
Tuensang (07),29744,2,0.01%,29578,99.44%,147,0.49%,17,0.06%,13
Longleng (08),10934,0,0%,10879,99.5%,51,0.47%,4,0.04%,13
Kiphire (09),12983,2,0.02%,12873,99.15%,71,0.55%,37,0.28%,13
Kohima (10),29305,1,0%,28301,96.57%,802,2.74%,201,0.69%,13
Peren (11),15178,0,0%,13656,89.97%,1409,9.28%,113,0.74%,13
All India Total,179787454,33164085,18.45%,19737399,10.98%,123161662,68.5%,3679958,2.05%,14
North Eastern Zone Total,8061458,647603,8.03%,2316676,28.74%,3005981,37.29%,2090817,25.94%,14
State Total,448163,11165,2.49%,232023,51.77%,201336,44.92%,3635,0.81%,14
Senapati (01),93129,85,0.09%,84693,90.94%,7466,8.02%,885,0.95%,14
Tamenglong (02),25878,8,0.03%,25755,99.52%,102,0.39%,13,0.05%,14
Churachandpur (03),53252,82,0.15%,51438,96.59%,1555,2.92%,177,0.33%,14
Bishnupur (04),29107,4499,15.46%,322,1.11%,23728,81.52%,558,1.92%,14
Thoubal (05),56089,1402,2.5%,165,0.29%,54171,96.58%,351,0.63%,14
ImphalWest (06),52166,3175,6.09%,1142,2.19%,47166,90.42%,683,1.31%,14
ImphalEast (07),71558,1793,2.51%,2512,3.51%,66923,93.52%,330,0.46%,14
Ukhrul (08),39237,41,0.1%,38535,98.21%,44,0.11%,616,1.57%,14
Chandel (09),27747,80,0.29%,27461,98.97%,181,0.65%,22,0.08%,14
All India Total,179787454,33164085,18.45%,19737399,10.98%,123161662,68.5%,3679958,2.05%,15
North Eastern Zone Total,8061458,647603,8.03%,2316676,28.74%,3005981,37.29%,2090817,25.94%,15
State Total,111626,478,0.43%,110270,98.79%,580,0.52%,298,0.27%,15
Mamit (01),15169,40,0.26%,14884,98.12%,71,0.47%,174,1.15%,15
Kolasib (02),7353,186,2.53%,6732,91.55%,375,5.1%,60,0.82%,15
Aizawl (03),17557,29,0.17%,17464,99.47%,53,0.3%,11,0.06%,15
Champhai (04),15250,6,0.04%,15223,99.82%,6,0.04%,15,0.1%,15
Serchhip (05),6359,5,0.08%,6337,99.65%,16,0.25%,1,0.02%,15
Lunglei (06),19733,195,0.99%,19486,98.75%,40,0.2%,12,0.06%,15
Lawngtlai (07),23173,9,0.04%,23134,99.83%,7,0.03%,23,0.1%,15
Saiha (08),7032,8,0.11%,7010,99.69%,12,0.17%,2,0.03%,15
All India Total,179787454,33164085,18.45%,19737399,10.98%,123161662,68.5%,3679958,2.05%,16
North Eastern Zone Total,8061458,647603,8.03%,2316676,28.74%,3005981,37.29%,2090817,25.94%,16
State Total,697062,126257,18.11%,257966,37.01%,289903,41.59%,22884,3.28%,16
West Tripura (01),291585,61030,20.93%,96004,32.92%,124822,42.81%,9728,3.34%,16
South Tripura (02),190414,30594,16.07%,75858,39.84%,79184,41.59%,4764,2.5%,16
Dhalai (03),78489,13542,17.25%,46519,59.27%,17733,22.59%,695,0.89%,16
North Tripura (04),136574,21091,15.44%,39585,28.98%,68164,49.91%,7697,5.64%,16
All India Total,179787454,33164085,18.45%,19737399,10.98%,123161662,68.5%,3679958,2.05%,17
North Eastern Zone Total,8061458,647603,8.03%,2316676,28.74%,3005981,37.29%,2090817,25.94%,17
State Total,485897,5053,1.04%,439077,90.36%,31536,6.49%,10231,2.11%,17
West Garo Hills (01),111580,1950,1.75%,83380,74.73%,20295,18.19%,5955,5.34%,17
East Garo Hills (02),52635,165,0.31%,52346,99.45%,94,0.18%,30,0.06%,17
South Garo Hills (03),22236,106,0.48%,21681,97.5%,236,1.06%,213,0.96%,17
West Khasi Hills (04),59268,58,0.1%,58833,99.27%,354,0.6%,23,0.04%,17
Ribhoi (05),45228,557,1.23%,41709,92.22%,2544,5.62%,418,0.92%,17
East Khasi Hills (06),128947,1900,1.47%,116394,90.26%,7557,5.86%,3096,2.4%,17
Jaintia Hills (07),66003,317,0.48%,64734,98.08%,456,0.69%,496,0.75%,17
All India Total,179787454,33164085,18.45%,19737399,10.98%,123161662,68.5%,3679958,2.05%,18
North Eastern Zone Total,8061458,647603,8.03%,2316676,28.74%,3005981,37.29%,2090817,25.94%,18
State Total,5743835,499623,8.7%,820159,14.28%,2383253,41.49%,2040494,35.52%,18
Kokrajhar (01),176025,5664,3.22%,59487,33.79%,67649,38.43%,43222,24.55%,18
Dhubri (02),387940,10928,2.82%,1669,0.43%,54647,14.09%,320696,82.67%,18
Goalpara (03),189692,9035,4.76%,46452,24.49%,26651,14.05%,107318,56.57%,18
Barpeta (04),322866,18891,5.85%,5602,1.74%,62448,19.34%,235922,73.07%,18
Morigaon (05),183516,23417,12.76%,29283,15.96%,36134,19.69%,94680,51.59%,18
Nagaon (06),503461,62974,12.51%,32601,6.48%,124240,24.68%,283644,56.34%,18
Sonitpur (07),357582,26594,7.44%,50995,14.26%,211132,59.04%,68860,19.26%,18
Lakhimpur (08),188714,17225,9.13%,47429,25.13%,93650,49.63%,30410,16.11%,18
Dhemaji (09),130473,10995,8.43%,59858,45.88%,57845,44.33%,1775,1.36%,18
Tinsukia (10),225888,8262,3.66%,21497,9.52%,191607,84.82%,4522,2%,18
Dibrugarh (11),244630,12114,4.95%,24075,9.84%,197243,80.63%,11197,4.58%,18
Sivasagar (12),226379,9522,4.21%,10118,4.47%,174409,77.04%,32328,14.28%,18
Jorhat (13),209863,19900,9.48%,26647,12.7%,154297,73.52%,9009,4.29%,18
Golaghat (14),210230,14151,6.73%,24311,11.56%,156396,74.39%,15365,7.31%,18
KarbiAnglong (15),154898,8198,5.29%,100965,65.18%,43175,27.87%,2558,1.65%,18
DimaHasao (16),31408,445,1.42%,26580,84.63%,4115,13.1%,268,0.85%,18
Cachar (17),340309,71917,21.13%,10563,3.1%,123077,36.17%,134746,39.6%,18
Karimganj (18),229937,36531,15.89%,3030,1.32%,60358,26.25%,130018,56.55%,18
Hailakandi (19),136073,25863,19.01%,3804,2.8%,24539,18.03%,81867,60.16%,18
Bongaigaon (20),137285,16837,12.26%,4041,2.94%,44938,32.73%,71462,52.05%,18
Chirang (21),91718,8368,9.12%,37299,40.67%,24938,27.19%,21113,23.02%,18
Kamrup (22),308249,23641,7.67%,39599,12.85%,126756,41.12%,118248,38.36%,18
KamrupMetropolitan (23),58277,9565,16.41%,13822,23.72%,29060,49.87%,5830,10%,18
Nalbari (24),153630,14132,9.2%,5333,3.47%,81667,53.16%,52495,34.17%,18
Baksa (25),196332,18573,9.46%,76661,39.05%,74209,37.8%,26873,13.69%,18
Darrang (26),186731,9447,5.06%,1725,0.92%,57332,30.7%,118227,63.31%,18
Udalguri (27),161729,6434,3.98%,56713,35.07%,80741,49.92%,17841,11.03%,18
All India Total,179787454,33164085,18.45%,19737399,10.98%,123161662,68.5%,3679958,2.05%,19
East Zone Total,47307665,9720814,20.55%,4964016,10.49%,32302703,68.28%,293787,0.62%,19
State Total,15756750,4483422,28.45%,1135907,7.21%,9999004,63.46%,137742,0.87%,19
Darjiling (01),279770,63140,22.57%,78969,28.23%,135400,48.4%,2165,0.77%,19
Jalpaiguri (02),761422,329893,43.33%,165514,21.74%,263486,34.6%,2462,0.32%,19
KochBihar (03),635046,343325,54.06%,3884,0.61%,280695,44.2%,7048,1.11%,19
UttarDinajpur (04),543415,165450,30.45%,32366,5.96%,340012,62.57%,5567,1.02%,19
DakshinDinajpur (05),349140,111347,31.89%,65359,18.72%,170206,48.75%,2227,0.64%,19
Maldah (06),802673,174191,21.7%,64378,8.02%,557234,69.42%,6867,0.86%,19
Murshidabad (07),1490524,190069,12.75%,19788,1.33%,1258366,84.42%,22301,1.5%,19
Birbhum (08),758961,241465,31.82%,53754,7.08%,459438,60.54%,4304,0.57%,19
Barddhaman (09),1250095,427604,34.21%,98891,7.91%,713217,57.05%,10383,0.83%,19
Nadia (10),1036142,326009,31.46%,29257,2.82%,676146,65.26%,4730,0.46%,19
NorthTwentyFourParganas (11),1183056,352879,29.83%,46025,3.89%,778440,65.8%,5710,0.48%,19
Hugli (12),920643,290671,31.57%,53467,5.81%,568584,61.76%,7913,0.86%,19
Bankura (13),724878,258313,35.64%,79914,11.02%,383004,52.84%,3346,0.46%,19
Puruliya (14),536972,106830,19.89%,111347,20.74%,316289,58.9%,2506,0.47%,19
Haora (15),708849,160037,22.58%,2218,0.31%,546195,77.05%,399,0.06%,19
SouthTwentyFourParganas (17),1523398,537574,35.29%,21001,1.38%,947194,62.18%,17615,1.16%,19
PaschimMedinipur (18),1192518,248984,20.88%,203429,17.06%,714332,59.9%,25706,2.16%,19
PurbaMedinipur (19),1059248,155641,14.69%,6346,0.6%,890766,84.09%,6493,0.61%,19
All India Total,179787454,33164085,18.45%,19737399,10.98%,123161662,68.5%,3679958,2.05%,20
East Zone Total,47307665,9720814,20.55%,4964016,10.49%,32302703,68.28%,293787,0.62%,20
State Total,5044234,653283,12.95%,1468637,29.12%,2853128,56.56%,64772,1.28%,20
Garhwa (01),229414,54569,23.79%,31164,13.58%,140868,61.4%,2813,1.23%,20
Chatra (02),175409,58497,33.35%,7922,4.52%,107958,61.55%,1032,0.59%,20
Kodarma (03),96609,14824,15.34%,945,0.98%,80390,83.21%,450,0.47%,20
Giridih (04),383640,52538,13.69%,41141,10.72%,289348,75.42%,613,0.16%,20
Deoghar (05),216632,30282,13.98%,33142,15.3%,152761,70.52%,447,0.21%,20
Godda (06),243676,22079,9.06%,55081,22.6%,164882,67.66%,1633,0.67%,20
Sahibganj (07),205762,12434,6.04%,65187,31.68%,123605,60.07%,253,0.12%,20
Pakur (08),173746,4993,2.87%,78702,45.3%,88515,50.95%,1536,0.88%,20
Dhanbad (09),260908,40541,15.54%,37285,14.29%,179974,68.98%,3106,1.19%,20
Bokaro (10),276821,45431,16.41%,46458,16.78%,184277,66.57%,649,0.23%,20
Lohardaga (11),79897,3056,3.82%,48460,60.65%,28358,35.49%,23,0.03%,20
Purbi Singhbhum (12),273216,26259,9.61%,126107,46.16%,116958,42.81%,3858,1.41%,20
Palamu (13),325420,89051,27.36%,30543,9.39%,202429,62.21%,3392,1.04%,20
Latehar (14),128904,29624,22.98%,60141,46.66%,39013,30.27%,126,0.1%,20
Hazaribagh (15),278302,53853,19.35%,21033,7.56%,203313,73.05%,103,0.04%,20
Ramgarh (16),155863,17774,11.4%,36613,23.49%,101160,64.9%,313,0.2%,20
Dumka (17),262618,16057,6.11%,121357,46.21%,125037,47.61%,167,0.06%,20
Jamtara (18),139849,14182,10.14%,45259,32.36%,80128,57.3%,276,0.2%,20
Ranchi (19),346242,16013,4.62%,133072,38.43%,175393,50.66%,21759,6.28%,20
Khunti (20),95140,4840,5.09%,71400,75.05%,18801,19.76%,99,0.1%,20
Gumla (21),172479,10427,6.05%,99915,57.93%,51972,30.13%,10150,5.88%,20
Simdega (22),108003,11844,10.97%,72374,67.01%,21577,19.98%,2208,2.04%,20
Pashchimi Singhbhum (23),247857,15040,6.07%,154862,62.48%,71019,28.65%,6909,2.79%,20
Saraikela-Kharsawan (24),167827,9075,5.41%,50474,30.08%,105392,62.8%,2857,1.7%,20
All India Total,179787454,33164085,18.45%,19737399,10.98%,123161662,68.5%,3679958,2.05%,21
East Zone Total,47307665,9720814,20.55%,4964016,10.49%,32302703,68.28%,293787,0.62%,21
State Total,8677615,1564447,18.03%,2073079,23.89%,4969360,57.27%,70221,0.81%,21
Bargarh (01),363860,78289,21.52%,74226,20.4%,210377,57.82%,946,0.26%,21
Jharsuguda (02),87340,18311,20.97%,34658,39.68%,34250,39.21%,121,0.14%,21
Sambalpur (03),186899,35397,18.94%,81327,43.51%,69814,37.35%,361,0.19%,21
Debagarh (04),74644,12941,17.34%,25513,34.18%,36098,48.36%,91,0.12%,21
Sundargarh (05),348141,32996,9.48%,223944,64.33%,88378,25.39%,2823,0.81%,21
Kendujhar (06),371247,43147,11.62%,172028,46.34%,154898,41.72%,1174,0.32%,21
Mayurbhanj (07),571185,43295,7.58%,336028,58.83%,190330,33.32%,1532,0.27%,21
Baleshwar (08),501571,106602,21.25%,56602,11.28%,333195,66.43%,5171,1.03%,21
Bhadrak (09),298494,68320,22.89%,5646,1.89%,222764,74.63%,1756,0.59%,21
Kendrapara (10),324712,69101,21.28%,1558,0.48%,249593,76.87%,4366,1.34%,21
Jagatsinghapur (11),249423,55740,22.35%,754,0.3%,188015,75.38%,4903,1.97%,21
Cuttack (12),450314,99755,22.15%,17809,3.95%,310558,68.96%,22184,4.93%,21
Jajapur (13),409438,99417,24.28%,28204,6.89%,280485,68.5%,1331,0.33%,21
Dhenkanal (14),272795,55675,20.41%,37691,13.82%,178692,65.5%,716,0.26%,21
Anugul (15),280707,55128,19.64%,39852,14.2%,185142,65.96%,585,0.21%,21
Nayagarh (16),231192,33566,14.52%,15127,6.54%,181583,78.54%,913,0.39%,21
Khordha (17),289703,49142,16.96%,16125,5.57%,217236,74.99%,7173,2.48%,21
Puri (18),325826,67588,20.74%,919,0.28%,257248,78.95%,71,0.02%,21
Ganjam (19),652975,138332,21.18%,27022,4.14%,485024,74.28%,2477,0.38%,21
Gajapati (20),125989,4344,3.45%,34535,27.41%,86856,68.94%,190,0.15%,21
Kandhamal (21),163937,32717,19.96%,87623,53.45%,42962,26.21%,635,0.39%,21
Baudh (22),108931,26989,24.78%,14177,13.01%,67730,62.18%,35,0.03%,21
Subarnapur (23),147869,39137,26.47%,14006,9.47%,94393,63.84%,319,0.22%,21
Balangir (24),405981,77264,19.03%,95595,23.55%,231407,57%,1709,0.42%,21
Nuapada (25),159117,22936,14.41%,56359,35.42%,79601,50.03%,221,0.14%,21
Kalahandi (26),383228,72235,18.85%,114612,29.91%,195220,50.94%,1158,0.3%,21
Rayagada (27),207646,14389,6.93%,66400,31.98%,126088,60.72%,689,0.33%,21
Nabarangapur (28),262396,39117,14.91%,151212,57.63%,70776,26.97%,1291,0.49%,21
Koraput (29),287844,42072,14.62%,158983,55.23%,81680,28.38%,5109,1.77%,21
Malkangiri (30),134211,30505,22.73%,84544,62.99%,18967,14.13%,171,0.13%,21
All India Total,179787454,33164085,18.45%,19737399,10.98%,123161662,68.5%,3679958,2.05%,22
Central Zone Total,43325279,8814541,20.35%,4750435,10.96%,29551440,68.21%,198823,0.46%,22
State Total,4540999,628378,13.84%,1672400,36.83%,2229565,49.1%,10588,0.23%,22
Koriya (01),110427,8086,7.32%,65259,59.1%,36988,33.5%,94,0.09%,22
Surguja (02),489557,26165,5.34%,279297,57.05%,181705,37.12%,2379,0.49%,22
Jashpur  (03),187698,10676,5.69%,118406,63.08%,57898,30.85%,718,0.38%,22
Raigarh (04),315091,52345,16.61%,115141,36.54%,146977,46.65%,612,0.19%,22
Korba  (05),189855,18041,9.5%,106966,56.34%,64658,34.06%,190,0.1%,22
Janjgir - Champa (06),341618,94078,27.54%,44466,13.02%,202728,59.34%,345,0.1%,22
Bilaspur (07),487718,113790,23.33%,115093,23.6%,257276,52.75%,1530,0.31%,22
Kabeerdham (08),162182,23944,14.76%,35107,21.65%,102893,63.44%,238,0.15%,22
Rajnandgaon (09),265975,27756,10.44%,82045,30.85%,155736,58.55%,437,0.16%,22
Durg (10),424416,64816,15.27%,67117,15.81%,291043,68.57%,1439,0.34%,22
Raipur (11),584585,124903,21.37%,99187,16.97%,359251,61.45%,1244,0.21%,22
Mahasamund (12),244641,36190,14.79%,73100,29.88%,134720,55.07%,631,0.26%,22
Dhamtari  (13),144908,11011,7.6%,45025,31.07%,88729,61.23%,136,0.09%,22
Uttar Bastar Kanker (14),145079,6290,4.34%,84066,57.94%,54624,37.65%,98,0.07%,22
Bastar (15),276389,6842,2.48%,195700,70.81%,73662,26.65%,185,0.07%,22
Narayanpur (16),23114,622,2.69%,19413,83.99%,2937,12.71%,142,0.61%,22
Dakshin Bastar Dantewada (17),98185,964,0.98%,85066,86.64%,12092,12.32%,63,0.06%,22
Bijapur (18),49561,1859,3.75%,41946,84.64%,5648,11.4%,107,0.22%,22
All India Total,179787454,33164085,18.45%,19737399,10.98%,123161662,68.5%,3679958,2.05%,23
Central Zone Total,43325279,8814541,20.35%,4750435,10.96%,29551440,68.21%,198823,0.46%,23
State Total,11288946,1716409,15.2%,2854944,25.29%,6667749,59.06%,49523,0.44%,23
Sheopur (01),128523,21292,16.57%,32655,25.41%,74286,57.8%,290,0.23%,23
Morena (02),286442,52125,18.2%,3462,1.21%,229704,80.19%,1151,0.4%,23
Bhind (03),196355,30530,15.55%,1664,0.85%,162614,82.82%,1540,0.78%,23
Gwalior (04),150590,31370,20.83%,11322,7.52%,107032,71.08%,846,0.56%,23
Datia (05),128413,34980,27.24%,2557,1.99%,90699,70.63%,177,0.14%,23
Shivpuri (06),281595,48599,17.26%,41142,14.61%,189551,67.31%,2303,0.82%,23
Tikamgarh (07),261692,59559,22.76%,11829,4.52%,189944,72.58%,360,0.14%,23
Chhatarpur (08),283889,67821,23.89%,13749,4.84%,201923,71.13%,396,0.14%,23
Panna (09),207410,39953,19.26%,33323,16.07%,133799,64.51%,335,0.16%,23
Sagar (10),400201,86271,21.56%,45281,11.31%,267456,66.83%,1168,0.29%,23
Damoh (11),254708,49016,19.24%,34200,13.43%,169841,66.68%,1614,0.63%,23
Satna (12),395489,65404,16.54%,64208,16.24%,265025,67.01%,852,0.22%,23
Rewa (13),451926,61146,13.53%,56299,12.46%,328947,72.79%,5498,1.22%,23
Umaria (14),119054,8617,7.24%,52558,44.15%,57327,48.15%,552,0.46%,23
Neemuch (15),127034,17771,13.99%,14068,11.07%,95096,74.86%,99,0.08%,23
Mandsaur (16),232520,48764,20.97%,6326,2.72%,177099,76.17%,331,0.14%,23
Ratlam (17),219860,34076,15.5%,83718,38.08%,101337,46.09%,729,0.33%,23
Ujjain (18),239575,73941,30.86%,6143,2.56%,158950,66.35%,541,0.23%,23
Shajapur (19),238203,61549,25.84%,6798,2.85%,168050,70.55%,1806,0.76%,23
Dewas (20),212497,42018,19.77%,43300,20.38%,126882,59.71%,297,0.14%,23
Dhar (21),333540,21571,6.47%,214816,64.4%,96372,28.89%,781,0.23%,23
Indore (22),181140,35847,19.79%,23732,13.1%,119942,66.22%,1619,0.89%,23
West Nimar (23),328941,43465,13.21%,138605,42.14%,145901,44.35%,970,0.29%,23
Barwani (24),201818,15578,7.72%,150725,74.68%,35375,17.53%,140,0.07%,23
Rajgarh (25),315904,59896,18.96%,11716,3.71%,240798,76.23%,3494,1.11%,23
Vidisha (26),239132,46432,19.42%,12683,5.3%,178609,74.69%,1408,0.59%,23
Bhopal (27),87106,17006,19.52%,3090,3.55%,65334,75.01%,1676,1.92%,23
Sehore (28),218742,49854,22.79%,21832,9.98%,146341,66.9%,715,0.33%,23
Raisen (29),213732,37312,17.46%,36496,17.08%,138919,65%,1005,0.47%,23
Betul (30),268522,25908,9.65%,120803,44.99%,121577,45.28%,234,0.09%,23
Harda (31),86479,15479,17.9%,27306,31.58%,43638,50.46%,56,0.06%,23
Hoshangabad (32),179998,29970,16.65%,34106,18.95%,114947,63.86%,975,0.54%,23
Katni (33),235767,29402,12.47%,66584,28.24%,138912,58.92%,862,0.37%,23
Jabalpur (34),257348,30812,11.97%,55101,21.41%,170434,66.23%,1000,0.39%,23
Narsimhapur (35),212280,38288,18.04%,29648,13.97%,143331,67.52%,1013,0.48%,23
Dindori (36),161848,10112,6.25%,104106,64.32%,47465,29.33%,156,0.1%,23
Mandla (37),224141,9739,4.35%,139946,62.44%,74036,33.03%,420,0.19%,23
Chhindwara (38),341102,38624,11.32%,145591,42.68%,154216,45.21%,2670,0.78%,23
Seoni (39),292969,24906,8.5%,113780,38.84%,153070,52.25%,1157,0.39%,23
Balaghat (40),357325,29239,8.18%,84810,23.73%,242897,67.98%,379,0.11%,23
Guna (41),190722,27079,14.2%,31496,16.51%,131563,68.98%,584,0.31%,23
Ashoknagar (42),135299,28178,20.83%,13822,10.22%,92731,68.54%,568,0.42%,23
Shahdol (43),214706,17809,8.29%,110161,51.31%,84399,39.31%,2337,1.09%,23
Anuppur (44),143959,14243,9.89%,76810,53.36%,52385,36.39%,521,0.36%,23
Sidhi (45),228964,17636,7.7%,43450,18.98%,165747,72.39%,2022,0.88%,23
Singrauli (46),199925,24255,12.13%,66612,33.32%,108472,54.26%,586,0.29%,23
Jhabua (47),186957,3072,1.64%,171327,91.64%,12375,6.62%,179,0.1%,23
Alirajpur (48),126529,3976,3.14%,119387,94.36%,2969,2.35%,197,0.16%,23
East Nimar (49),211240,26776,12.68%,82666,39.13%,101093,47.86%,696,0.33%,23
Burhanpur (50),96835,9143,9.44%,39135,40.41%,48339,49.92%,218,0.23%,23
All India Total,179787454,33164085,18.45%,19737399,10.98%,123161662,68.5%,3679958,2.05%,24
West Zone Total,31206237,4035139,12.93%,5173837,16.58%,21445868,68.72%,547124,1.75%,24
State Total,6920473,433033,6.26%,1484326,21.45%,4751527,68.66%,251503,3.63%,24
Kachchh (01),270766,28833,10.65%,3824,1.41%,214470,79.21%,23639,8.73%,24
Banas Kantha (02),482360,49942,10.35%,41216,8.54%,370409,76.79%,20793,4.31%,24
Patan (03),211052,18006,8.53%,1656,0.78%,186364,88.3%,5026,2.38%,24
Mahesana (04),313605,19900,6.35%,1361,0.43%,290138,92.52%,2206,0.7%,24
Sabar Kantha (05),412808,30211,7.32%,93270,22.59%,282835,68.51%,6492,1.57%,24
Gandhinagar (06),187728,7105,3.78%,2756,1.47%,173655,92.5%,4212,2.24%,24
Ahmadabad (07),267896,20930,7.81%,4737,1.77%,229171,85.54%,13048,4.87%,24
Surendranagar (08),244710,23413,9.57%,4299,1.76%,198859,81.26%,18139,7.41%,24
Rajkot (09),340320,38921,11.44%,7486,2.2%,279617,82.16%,14296,4.2%,24
Jamnagar (10),211460,16624,7.86%,6482,3.07%,180024,85.13%,8330,3.94%,24
Porbandar (11),62792,6652,10.59%,3490,5.56%,47804,76.13%,4846,7.72%,24
Junagadh (12),330673,41022,12.41%,7941,2.4%,277333,83.87%,4373,1.32%,24
Amreli (13),212437,19593,9.22%,1443,0.68%,186905,87.98%,4496,2.12%,24
Bhavnagar (14),302091,13818,4.57%,1963,0.65%,266339,88.17%,19971,6.61%,24
Anand (15),289935,14414,4.97%,2818,0.97%,242941,83.79%,29762,10.27%,24
Kheda (16),360378,17516,4.86%,5578,1.55%,316943,87.95%,20341,5.64%,24
Panch Mahals (17),379391,15079,3.97%,113982,30.04%,245589,64.73%,4741,1.25%,24
Dohad (18),292221,5319,1.82%,219043,74.96%,66401,22.72%,1458,0.5%,24
Vadodara (19),447170,15790,3.53%,182527,40.82%,234614,52.47%,14202,3.18%,24
Narmada (20),112382,1509,1.34%,93632,83.32%,17043,15.17%,198,0.18%,24
Bharuch (21),228889,7297,3.19%,79947,34.93%,125022,54.62%,16602,7.25%,24
The Dangs (22),44869,140,0.31%,42381,94.45%,2244,5%,104,0.23%,24
Navsari (23),216236,5764,2.67%,125074,57.84%,84740,39.19%,658,0.3%,24
Valsad (24),249281,6270,2.52%,154507,61.98%,84761,34%,3743,1.5%,24
Surat (25),283634,8168,2.88%,142776,50.34%,122959,43.35%,9731,3.43%,24
Tapi (26),165389,797,0.48%,140137,84.73%,24347,14.72%,96,0.06%,24
All India Total,179787454,33164085,18.45%,19737399,10.98%,123161662,68.5%,3679958,2.05%,25
UT Zone Total,1338560,170441,12.73%,48291,3.61%,998379,74.59%,121162,9.05%,25
State Total,31795,850,2.67%,1801,5.66%,25839,81.27%,3305,10.39%,25
DIU (01),4344,102,2.35%,6,0.14%,4226,97.28%,10,0.23%,25
DAMAN (02),27451,748,2.72%,1795,6.54%,21613,78.73%,3295,12%,25
All India Total,179787454,33164085,18.45%,19737399,10.98%,123161662,68.5%,3679958,2.05%,26
UT Zone Total,1338560,170441,12.73%,48291,3.61%,998379,74.59%,121162,9.05%,26
State Total,45352,732,1.61%,28869,63.66%,14822,32.68%,929,2.05%,26
DADRA & NAGAR HAVELI (01),45352,732,1.61%,28869,63.66%,14822,32.68%,929,2.05%,26
All India Total,179787454,33164085,18.45%,19737399,10.98%,123161662,68.5%,3679958,2.05%,27
West Zone Total,31206237,4035139,12.93%,5173837,16.58%,21445868,68.72%,547124,1.75%,27
State Total,13841960,1707321,12.33%,1861647,13.45%,10073330,72.77%,198104,1.43%,27
Nandurbar (01),292828,7099,2.42%,226331,77.29%,58339,19.92%,1031,0.35%,27
Dhule (02),306860,17708,5.77%,113545,37%,174290,56.8%,1291,0.42%,27
Jalgaon (03),643191,63395,9.86%,100469,15.62%,472419,73.45%,6807,1.06%,27
Buldana (04),461842,91501,19.81%,22593,4.89%,343532,74.38%,4082,0.88%,27
Akola (05),281629,70802,25.14%,20312,7.21%,186544,66.24%,3910,1.39%,27
Washim (06),223258,45867,20.54%,17197,7.7%,158722,71.09%,1440,0.64%,27
Amravati (07),450098,91842,20.4%,76793,17.06%,277748,61.71%,3622,0.8%,27
Wardha (08),226126,36022,15.93%,30994,13.71%,158391,70.05%,718,0.32%,27
Nagpur (09),414168,76658,18.51%,46747,11.29%,286524,69.18%,4239,1.02%,27
Bhandara (10),243526,45227,18.57%,18245,7.49%,179606,73.75%,446,0.18%,27
Gondiya (11),265214,37959,14.31%,45506,17.16%,180586,68.09%,1143,0.43%,27
Gadchiroli (12),231066,29107,12.6%,85692,37.09%,115302,49.9%,959,0.42%,27
Chandrapur (13),397430,62843,15.81%,84616,21.29%,248617,62.56%,1353,0.34%,27
Yavatmal (14),584064,72944,12.49%,124832,21.37%,378463,64.8%,7497,1.28%,27
Nanded (15),488582,92357,18.9%,45312,9.27%,347731,71.17%,3156,0.65%,27
Hingoli (16),202854,23384,11.53%,20933,10.32%,152332,75.09%,5990,2.95%,27
Parbhani (17),261070,34858,13.35%,6504,2.49%,218573,83.72%,1119,0.43%,27
Jalna (18),314270,43474,13.83%,6479,2.06%,261793,83.3%,2523,0.8%,27
Aurangabad (19),449363,51524,11.47%,22845,5.08%,342758,76.28%,32212,7.17%,27
Nashik (20),702961,49601,7.06%,260376,37.04%,388669,55.29%,4289,0.61%,27
Thane (21),626009,21315,3.4%,262175,41.88%,334230,53.39%,8164,1.3%,27
Raigarh (24),453135,14547,3.21%,60340,13.32%,362767,80.06%,15369,3.39%,27
Pune (25),751874,66330,8.82%,45103,6%,629208,83.69%,11213,1.49%,27
Ahmadnagar (26),763339,91660,12.01%,69625,9.12%,598770,78.44%,3211,0.42%,27
Bid (27),460613,55002,11.94%,4602,1%,397340,86.26%,3640,0.79%,27
Latur (28),360602,74855,20.76%,9540,2.65%,267444,74.17%,8753,2.43%,27
Osmanabad (29),294600,47749,16.21%,7189,2.44%,237026,80.46%,2620,0.89%,27
Solapur (30),597623,87144,14.58%,10953,1.83%,494289,82.71%,5221,0.87%,27
Satara (31),539808,46649,8.64%,4756,0.88%,480112,88.94%,8285,1.53%,27
Ratnagiri (32),343088,16416,4.78%,2255,0.66%,313565,91.39%,10844,3.16%,27
Sindhudurg (33),186826,11398,6.1%,2257,1.21%,168834,90.37%,4337,2.32%,27
Kolhapur (34),590837,78622,13.31%,4647,0.79%,488762,82.72%,18805,3.18%,27
Sangli (35),433206,51462,11.88%,1884,0.43%,370044,85.42%,9815,2.27%,27
All India Total,179787454,33164085,18.45%,19737399,10.98%,123161662,68.5%,3679958,2.05%,28
South Zone Total,39443917,7435139,18.85%,2165327,5.49%,29612105,75.07%,228574,0.58%,28
State Total,9344180,1734814,18.57%,562239,6.02%,7043605,75.38%,3231,0.03%,28
Srikakulam (11),558929,56424,10.1%,34793,6.22%,467083,83.57%,609,0.11%,28
Vizianagaram (12),478978,50027,10.44%,52495,10.96%,376373,78.58%,63,0.01%,28
Visakhapatnam (13),602256,46371,7.7%,118824,19.73%,436533,72.48%,528,0.09%,28
EastGodavari (14),1176639,225014,19.12%,74258,6.31%,877112,74.54%,249,0.02%,28
WestGodavari (15),881322,200394,22.74%,30313,3.44%,650554,73.82%,42,0%,28
Krishna (16),852522,205889,24.15%,27990,3.28%,618513,72.55%,82,0.01%,28
Guntur (17),862356,198239,22.99%,45479,5.27%,618618,71.74%,19,0%,28
Prakasam (18),701745,149341,21.28%,28758,4.1%,523536,74.6%,99,0.01%,28
SriPottiSriramuluNellore (19),590457,133421,22.6%,63688,10.79%,393339,66.62%,8,0%,28
YSR (20),516185,104428,20.23%,11060,2.14%,400463,77.58%,228,0.04%,28
Kurnool (21),637178,118632,18.62%,12803,2.01%,505604,79.35%,39,0.01%,28
Anantapur (22),686743,100671,14.66%,26789,3.9%,558630,81.34%,636,0.09%,28
Chittoor (23),798870,145963,18.27%,34989,4.38%,617247,77.27%,629,0.08%,28
All India Total,179787454,33164085,18.45%,19737399,10.98%,123161662,68.5%,3679958,2.05%,29
South Zone Total,39443917,7435139,18.85%,2165327,5.49%,29612105,75.07%,228574,0.58%,29
State Total,8048664,1453377,18.06%,666407,8.28%,5833262,72.47%,95610,1.19%,29
Belgaum (01),735630,86217,11.72%,49284,6.7%,585650,79.61%,14479,1.97%,29
Bagalkot (02),240555,39806,16.55%,14877,6.18%,184761,76.81%,1111,0.46%,29
Bijapur (03),292629,55220,18.87%,5972,2.04%,229405,78.39%,2031,0.69%,29
Bidar (04),240566,44654,18.56%,28815,11.98%,163792,68.09%,3300,1.37%,29
Raichur (05),267156,44447,16.64%,53204,19.91%,167218,62.59%,2287,0.86%,29
Koppal (06),222255,38259,17.21%,27826,12.52%,155170,69.82%,1000,0.45%,29
Gadag (07),134976,21670,16.05%,10179,7.54%,102671,76.07%,456,0.34%,29
Dharwad (08),160538,13091,8.15%,10019,6.24%,136995,85.33%,433,0.27%,29
Uttara Kannada (09),240456,18030,7.5%,6486,2.7%,212517,88.38%,3423,1.42%,29
Haveri (10),257562,37546,14.58%,27149,10.54%,191940,74.52%,927,0.36%,29
Bellary (11),290257,62439,21.51%,61306,21.12%,164987,56.84%,1525,0.53%,29
Chitradurga (12),282921,66912,23.65%,52788,18.66%,161112,56.95%,2109,0.75%,29
Davanagere (13),278261,65480,23.53%,39595,14.23%,172359,61.94%,827,0.3%,29
Shimoga (14),257688,50820,19.72%,11930,4.63%,192735,74.79%,2203,0.85%,29
Udupi (15),200232,12475,6.23%,9664,4.83%,174311,87.05%,3782,1.89%,29
CHIKMAGALUR (16),206997,45503,21.98%,8592,4.15%,149132,72.05%,3770,1.82%,29
Tumkur (17),488277,97477,19.96%,41108,8.42%,344391,70.53%,5301,1.09%,29
Bangalore (18),269172,50199,18.65%,7698,2.86%,199970,74.29%,11305,4.2%,29
Mandya (19),351462,47439,13.5%,4691,1.33%,297310,84.59%,2022,0.58%,29
Hassan (20),348175,65880,18.92%,6495,1.87%,272813,78.36%,2987,0.86%,29
Dakshina Kannada (21),276202,23151,8.38%,14295,5.18%,229613,83.13%,9143,3.31%,29
Kodagu (22),114715,14773,12.88%,11902,10.38%,86805,75.67%,1235,1.08%,29
Mysore (23),416354,83714,20.11%,54322,13.05%,270414,64.95%,7904,1.9%,29
Chamarajanagar (24),203466,50577,24.86%,22968,11.29%,128255,63.04%,1666,0.82%,29
Gulbarga(Kalaburagi) (25),314651,79537,25.28%,4889,1.55%,229037,72.79%,1187,0.38%,29
Yadgir (26),158580,34781,21.93%,19756,12.46%,103687,65.38%,355,0.22%,29
Kolar (27),226042,68289,30.21%,15404,6.81%,138937,61.47%,3412,1.51%,29
Chikkaballapura (28),218901,59679,27.26%,31010,14.17%,126583,57.83%,1629,0.74%,29
Bangalore Rural (29),158426,36160,22.82%,8692,5.49%,111365,70.29%,2209,1.39%,29
Ramanagara (30),195562,39152,20.02%,5491,2.81%,149327,76.36%,1592,0.81%,29
All India Total,179787454,33164085,18.45%,19737399,10.98%,123161662,68.5%,3679958,2.05%,30
West Zone Total,31206237,4035139,12.93%,5173837,16.58%,21445868,68.72%,547124,1.75%,30
State Total,220731,3498,1.58%,28415,12.87%,118499,53.68%,67700,30.67%,30
NorthGoa (01),140451,2841,2.02%,11729,8.35%,81906,58.32%,42092,29.97%,30
SouthGoa (02),80280,657,0.82%,16686,20.78%,36593,45.58%,25608,31.9%,30
All India Total,179787454,33164085,18.45%,19737399,10.98%,123161662,68.5%,3679958,2.05%,31
UT Zone Total,1338560,170441,12.73%,48291,3.61%,998379,74.59%,121162,9.05%,31
State Total,10929,0,0%,10556,96.59%,364,3.33%,9,0.08%,31
Lakshadweep (01),10929,0,0%,10556,96.59%,364,3.33%,9,0.08%,31
All India Total,179787454,33164085,18.45%,19737399,10.98%,123161662,68.5%,3679958,2.05%,32
South Zone Total,39443917,7435139,18.85%,2165327,5.49%,29612105,75.07%,228574,0.58%,32
State Total,6319215,652437,10.32%,103268,1.63%,5445196,86.17%,117955,1.87%,32
Kasaragod (01),232943,10272,4.41%,11063,4.75%,206124,88.49%,5484,2.35%,32
Kannur (02),475109,17078,3.59%,8791,1.85%,434297,91.41%,14941,3.14%,32
Wayanad (03),180860,7950,4.4%,33033,18.26%,137178,75.85%,2699,1.49%,32
Kozhikode (04),537969,42601,7.92%,2632,0.49%,483311,89.84%,9268,1.72%,32
Malappuram (05),707117,58391,8.26%,3207,0.45%,622161,87.99%,23336,3.3%,32
Palakkad (06),563475,86047,15.27%,11861,2.1%,450934,80.03%,14633,2.6%,32
Thrissur (07),591510,72168,12.2%,1298,0.22%,494769,83.65%,23274,3.93%,32
Ernakulam (08),529673,52594,9.93%,2258,0.43%,468612,88.47%,6209,1.17%,32
Idukki (09),258610,39410,15.24%,14634,5.66%,201863,78.06%,2692,1.04%,32
Kottayam (10),418899,36738,8.77%,4822,1.15%,372456,88.91%,4873,1.16%,32
Alappuzha (11),454793,46602,10.25%,856,0.19%,404263,88.89%,2945,0.65%,32
Pathanamthitta (12),283661,40323,14.22%,1613,0.57%,239327,84.37%,2390,0.84%,32
Kollam (13),542337,72201,13.31%,1430,0.26%,465805,85.89%,2897,0.53%,32
Thiruvananthapuram (14),542259,70062,12.92%,5770,1.06%,464096,85.59%,2314,0.43%,32
All India Total,179787454,33164085,18.45%,19737399,10.98%,123161662,68.5%,3679958,2.05%,33
South Zone Total,39443917,7435139,18.85%,2165327,5.49%,29612105,75.07%,228574,0.58%,33
State Total,10088119,2577454,25.55%,182999,1.81%,7315714,72.52%,10196,0.1%,33
Thiruvallur (01),368152,129069,35.06%,9885,2.69%,228419,62.04%,716,0.19%,33
Kancheepuram (03),432465,159876,36.97%,7384,1.71%,264474,61.16%,703,0.16%,33
Vellore (04),587123,150325,25.6%,17642,3%,418655,71.31%,447,0.08%,33
Tiruvannamalai (05),488091,118316,24.24%,24351,4.99%,344583,70.6%,299,0.06%,33
Viluppuram (06),671784,210351,31.31%,17795,2.65%,443263,65.98%,272,0.04%,33
Salem (07),501419,90979,18.14%,29111,5.81%,381045,75.99%,284,0.06%,33
Namakkal (08),285291,69028,24.2%,15632,5.48%,199784,70.03%,842,0.3%,33
Erode (09),322172,67053,20.81%,5727,1.78%,249007,77.29%,385,0.12%,33
The Nilgiris (10),84323,27081,32.12%,6501,7.71%,50696,60.12%,44,0.05%,33
Dindigul (11),368203,88892,24.14%,1636,0.44%,277231,75.29%,444,0.12%,33
Karur (12),176084,43401,24.65%,382,0.22%,132239,75.1%,62,0.04%,33
Tiruchirappalli (13),368071,79636,21.64%,3879,1.05%,283788,77.1%,768,0.21%,33
Perambalur (14),122676,39757,32.41%,639,0.52%,82233,67.03%,44,0.04%,33
Ariyalur (15),175439,41543,23.68%,2596,1.48%,131279,74.83%,14,0.01%,33
Cuddalore (16),436344,153735,35.23%,2860,0.66%,279623,64.08%,114,0.03%,33
Nagapattinam (17),318840,120720,37.86%,627,0.2%,197136,61.83%,346,0.11%,33
Thiruvarur (18),258848,102135,39.46%,365,0.14%,156231,60.36%,117,0.05%,33
Thanjavur (19),407041,95221,23.39%,510,0.13%,310868,76.37%,412,0.1%,33
Pudukkottai (20),313859,62664,19.97%,173,0.06%,250972,79.96%,44,0.01%,33
Sivaganga (21),240032,50519,21.05%,68,0.03%,189308,78.87%,115,0.05%,33
Madurai (22),329414,69912,21.22%,1540,0.47%,257412,78.14%,528,0.16%,33
Theni (23),151886,37535,24.71%,344,0.23%,113956,75.03%,51,0.03%,33
Virudhunagar (24),340545,87423,25.67%,588,0.17%,251271,73.78%,670,0.2%,33
Ramanathapuram (25),238720,55151,23.1%,234,0.1%,183184,76.74%,150,0.06%,33
Thoothukkudi (26),257307,71280,27.7%,476,0.18%,185491,72.09%,60,0.02%,33
Tirunelveli (27),422627,100991,23.9%,1139,0.27%,320115,75.74%,382,0.09%,33
Kanniyakumari (28),166505,8217,4.93%,1178,0.71%,157085,94.34%,25,0.02%,33
Dharmapuri (29),323955,52141,16.1%,16952,5.23%,254594,78.59%,268,0.08%,33
Krishnagiri (30),343293,52844,15.39%,6228,1.81%,283917,82.7%,304,0.09%,33
Coimbatore (31),268951,59649,22.18%,5868,2.18%,202160,75.17%,1021,0.38%,33
Tiruppur (32),318659,82010,25.74%,689,0.22%,235695,73.96%,265,0.08%,33
All India Total,179787454,33164085,18.45%,19737399,10.98%,123161662,68.5%,3679958,2.05%,34
UT Zone Total,1338560,170441,12.73%,48291,3.61%,998379,74.59%,121162,9.05%,34
State Total,115249,27466,23.83%,0,0%,87416,75.85%,367,0.32%,34
Puducherry (02),88898,21364,24.03%,0,0%,67378,75.79%,156,0.18%,34
Karaikal (04),26351,6102,23.16%,0,0%,20038,76.04%,211,0.8%,34
All India Total,179787454,33164085,18.45%,19737399,10.98%,123161662,68.5%,3679958,2.05%,35
UT Zone Total,1338560,170441,12.73%,48291,3.61%,998379,74.59%,121162,9.05%,35
State Total,68481,0,0%,6950,10.15%,35762,52.22%,25751,37.6%,35
Nicobars (01),9333,0,0%,6204,66.47%,1800,19.29%,1326,14.21%,35
North  & Middle Andaman (02),26990,0,0%,159,0.59%,12566,46.56%,14255,52.82%,35
South Andaman (03),32158,0,0%,587,1.83%,21396,66.53%,10170,31.63%,35
All India Total,179787454,33164085,18.45%,19737399,10.98%,123161662,68.5%,3679958,2.05%,36
South Zone Total,39443917,7435139,18.85%,2165327,5.49%,29612105,75.07%,228574,0.58%,36
State Total,5643739,1017057,18.02%,650414,11.52%,3974328,70.42%,1582,0.03%,36
Adilabad (01),475708,93213,19.59%,100079,21.04%,282199,59.32%,216,0.05%,36
Nizamabad (02),531257,71806,13.52%,37521,7.06%,421720,79.38%,42,0.01%,36
Karimnagar (03),751791,157848,21%,23690,3.15%,570135,75.84%,102,0.01%,36
Medak (04),620236,104528,16.85%,30389,4.9%,485197,78.23%,15,0%,36
Rangareddy (06),502832,93999,18.69%,33231,6.61%,375591,74.7%,9,0%,36
Mahbubnagar (07),735280,126052,17.14%,63541,8.64%,545318,74.16%,369,0.05%,36
Nalgonda (08),760630,141955,18.66%,82123,10.8%,536439,70.53%,94,0.01%,36
Warangal (09),715975,128864,18%,122236,17.07%,464131,64.83%,702,0.1%,36
Khammam (10),550030,98792,17.96%,157604,28.65%,293598,53.38%,33,0.01%,36
