District Name,Total Households,1 = Cultivation,% 1 = Cultivation,2=Manual Casual Labour,% 2=Manual Casual Labour,3=Part-time or Full-Time Domestic Service,% 3=Part-time or Full-Time Domestic Service,4=Foraging Rag Picking,% 4=Foraging Rag Picking,5=Non-agricultural Own Account Enterprise,% 5=Non-agricultural Own Account Enterprise,6=Begging/Charity/ Alms collection,% 6=Begging/Charity/ Alms collection,7=Others,% 7=Others,State_Code
All India Total,179787454,54122794,30.1%,92016420,51.18%,4487569,2.5%,410320,0.23%,2888481,1.61%,669649,0.37%,25121808,13.97%,01
North Zone Total,9104338,2900851,31.86%,3690369,40.53%,442652,4.86%,14120,0.16%,191843,2.11%,23565,0.26%,1836582,20.17%,01
State Total,1601606,482489,30.13%,596927,37.27%,71500,4.46%,1472,0.09%,18236,1.14%,5511,0.34%,425462,26.56%,01
Kupwara (01),107636,18540,17.22%,49013,45.54%,8571,7.96%,151,0.14%,595,0.55%,695,0.65%,30062,27.93%,01
Badgam (02),97773,18120,18.53%,45923,46.97%,4910,5.02%,65,0.07%,2507,2.56%,535,0.55%,25713,26.3%,01
Leh(Ladakh) (03),17723,8766,49.46%,1926,10.87%,1190,6.71%,15,0.08%,269,1.52%,33,0.19%,5524,31.17%,01
Kargil (04),15923,4761,29.9%,2778,17.45%,693,4.35%,28,0.18%,72,0.45%,94,0.59%,7497,47.08%,01
Punch (05),81685,36239,44.36%,24904,30.49%,4343,5.32%,229,0.28%,1587,1.94%,294,0.36%,14089,17.25%,01
Rajouri (06),127822,62526,48.92%,29112,22.78%,5757,4.5%,116,0.09%,1013,0.79%,255,0.2%,29043,22.72%,01
Kathua (07),99768,26244,26.31%,38801,38.89%,4530,4.54%,180,0.18%,852,0.85%,314,0.31%,28847,28.91%,01
Baramula (08),123540,26392,21.36%,57925,46.89%,6133,4.96%,41,0.03%,1644,1.33%,425,0.34%,30980,25.08%,01
Bandipore (09),47848,7562,15.8%,17380,36.32%,4770,9.97%,26,0.05%,739,1.54%,214,0.45%,17157,35.86%,01
Srinagar (10),4304,867,20.14%,1421,33.02%,205,4.76%,4,0.09%,265,6.16%,3,0.07%,1539,35.76%,01
Ganderbal (11),40450,4486,11.09%,21184,52.37%,2004,4.95%,31,0.08%,534,1.32%,92,0.23%,12119,29.96%,01
Pulwama (12),79308,18323,23.1%,33830,42.66%,4113,5.19%,30,0.04%,1140,1.44%,479,0.6%,21393,26.97%,01
Shupiyan (13),42691,24429,57.22%,12659,29.65%,938,2.2%,17,0.04%,156,0.37%,200,0.47%,4292,10.05%,01
Anantnag (14),123476,24714,20.02%,62560,50.67%,4443,3.6%,107,0.09%,1415,1.15%,638,0.52%,29599,23.97%,01
Kulgam (15),61426,20114,32.75%,25592,41.66%,2301,3.75%,33,0.05%,936,1.52%,498,0.81%,11952,19.46%,01
Doda (16),74110,28475,38.42%,26694,36.02%,1723,2.32%,43,0.06%,460,0.62%,85,0.11%,16630,22.44%,01
Ramban (17),55171,25645,46.48%,17893,32.43%,1369,2.48%,10,0.02%,239,0.43%,83,0.15%,9932,18%,01
Kishtwar (18),42273,19406,45.91%,12838,30.37%,1064,2.52%,37,0.09%,96,0.23%,46,0.11%,8786,20.78%,01
Udhampur (19),79845,35791,44.83%,23353,29.25%,2208,2.77%,35,0.04%,812,1.02%,69,0.09%,17577,22.01%,01
Reasi (20),52339,30701,58.66%,11946,22.82%,1115,2.13%,27,0.05%,441,0.84%,49,0.09%,8060,15.4%,01
Jammu (21),170917,30170,17.65%,62404,36.51%,7474,4.37%,219,0.13%,1968,1.15%,327,0.19%,68355,39.99%,01
Samba (22),55578,10218,18.38%,16791,30.21%,1646,2.96%,28,0.05%,496,0.89%,83,0.15%,26316,47.35%,01
All India Total,179787454,54122794,30.1%,92016420,51.18%,4487569,2.5%,410320,0.23%,2888481,1.61%,669649,0.37%,25121808,13.97%,02
North Zone Total,9104338,2900851,31.86%,3690369,40.53%,442652,4.86%,14120,0.16%,191843,2.11%,23565,0.26%,1836582,20.17%,02
State Total,1263756,458438,36.28%,254908,20.17%,101234,8.01%,2179,0.17%,32629,2.58%,3342,0.26%,411025,32.52%,02
Chamba (01),92274,44047,47.74%,17347,18.8%,8208,8.9%,138,0.15%,2282,2.47%,146,0.16%,20106,21.79%,02
Kangra (02),309461,56281,18.19%,92541,29.9%,22067,7.13%,631,0.2%,8365,2.7%,898,0.29%,128678,41.58%,02
LahulSpiti (03),6177,3243,52.5%,402,6.51%,427,6.91%,5,0.08%,109,1.76%,57,0.92%,1934,31.31%,02
Kullu (04),79798,52600,65.92%,7027,8.81%,3404,4.27%,73,0.09%,1553,1.95%,78,0.1%,15063,18.88%,02
Mandi (05),198952,90997,45.74%,37644,18.92%,15286,7.68%,300,0.15%,4074,2.05%,252,0.13%,50399,25.33%,02
Hamirpur (06),96745,17225,17.8%,19564,20.22%,15456,15.98%,285,0.29%,2673,2.76%,1016,1.05%,40526,41.89%,02
Una (07),97451,11526,11.83%,31635,32.46%,7281,7.47%,279,0.29%,2743,2.81%,215,0.22%,43772,44.92%,02
Bilaspur (08),70768,25482,36.01%,11697,16.53%,7978,11.27%,82,0.12%,1260,1.78%,88,0.12%,24181,34.17%,02
Solan (09),90043,36036,40.02%,11153,12.39%,9061,10.06%,155,0.17%,1896,2.11%,241,0.27%,31501,34.98%,02
Sirmaur (10),82214,38650,47.01%,16083,19.56%,4503,5.48%,108,0.13%,2154,2.62%,202,0.25%,20513,24.95%,02
Shimla (11),121586,71749,59.01%,8545,7.03%,5828,4.79%,111,0.09%,5026,4.13%,129,0.11%,30198,24.84%,02
Kinnaur (12),18287,10602,57.98%,1270,6.94%,1735,9.49%,12,0.07%,494,2.7%,20,0.11%,4154,22.72%,02
All India Total,179787454,54122794,30.1%,92016420,51.18%,4487569,2.5%,410320,0.23%,2888481,1.61%,669649,0.37%,25121808,13.97%,03
North Zone Total,9104338,2900851,31.86%,3690369,40.53%,442652,4.86%,14120,0.16%,191843,2.11%,23565,0.26%,1836582,20.17%,03
State Total,3269467,977676,29.9%,1570446,48.03%,121061,3.7%,5403,0.17%,58830,1.8%,5331,0.16%,528934,16.18%,03
Gurdaspur (01),297035,73250,24.66%,142859,48.1%,17176,5.78%,655,0.22%,8404,2.83%,421,0.14%,54159,18.23%,03
Kapurthala (02),104862,28865,27.53%,48915,46.65%,4318,4.12%,515,0.49%,2111,2.01%,255,0.24%,19808,18.89%,03
Jalandhar (03),214994,45648,21.23%,107253,49.89%,5636,2.62%,792,0.37%,3682,1.71%,390,0.18%,51526,23.97%,03
Hoshiarpur (04),263563,48960,18.58%,116679,44.27%,10611,4.03%,473,0.18%,3781,1.43%,512,0.19%,82391,31.26%,03
Shahid Bhagat Singh Nagar (05),103553,21753,21.01%,51845,50.07%,3987,3.85%,210,0.2%,1895,1.83%,119,0.11%,23557,22.75%,03
Fatehgarh Sahib (06),76287,24907,32.65%,36947,48.43%,2498,3.27%,49,0.06%,735,0.96%,140,0.18%,10984,14.4%,03
Ludhiana (07),269447,66624,24.73%,133556,49.57%,21075,7.82%,610,0.23%,4552,1.69%,537,0.2%,42436,15.75%,03
Moga (08),143743,48379,33.66%,73760,51.31%,4283,2.98%,342,0.24%,1999,1.39%,190,0.13%,14449,10.05%,03
Firozpur (09),270011,99142,36.72%,145459,53.87%,4136,1.53%,118,0.04%,3007,1.11%,240,0.09%,17854,6.61%,03
Muktsar (10),123773,45250,36.56%,66070,53.38%,1978,1.6%,216,0.17%,2311,1.87%,100,0.08%,7796,6.3%,03
Faridkot (11),74717,27362,36.62%,36857,49.33%,1659,2.22%,56,0.07%,1889,2.53%,59,0.08%,6834,9.15%,03
Bathinda (12),159138,70430,44.26%,73243,46.02%,3155,1.98%,50,0.03%,1341,0.84%,155,0.1%,10745,6.75%,03
Mansa (13),114443,47629,41.62%,53343,46.61%,2359,2.06%,168,0.15%,1304,1.14%,204,0.18%,9151,8%,03
Patiala (14),213729,60391,28.26%,107489,50.29%,4713,2.21%,87,0.04%,3334,1.56%,700,0.33%,36970,17.3%,03
Amritsar (15),206172,49040,23.79%,97163,47.13%,11327,5.49%,310,0.15%,7159,3.47%,317,0.15%,40836,19.81%,03
Tarn Taran (16),165688,65529,39.55%,74932,45.22%,4629,2.79%,127,0.08%,2585,1.56%,201,0.12%,17635,10.64%,03
Rupnagar (17),94482,25170,26.64%,37173,39.34%,5341,5.65%,261,0.28%,1849,1.96%,200,0.21%,24479,25.91%,03
Sahibzada Ajit Singh Nagar (18),85222,17398,20.41%,37738,44.28%,4712,5.53%,75,0.09%,1782,2.09%,158,0.19%,23218,27.24%,03
Sangrur (19),214234,80547,37.6%,96004,44.81%,6049,2.82%,248,0.12%,4021,1.88%,327,0.15%,26966,12.59%,03
Barnala (20),74374,31402,42.22%,33161,44.59%,1419,1.91%,41,0.06%,1089,1.46%,106,0.14%,7140,9.6%,03
All India Total,179787454,54122794,30.1%,92016420,51.18%,4487569,2.5%,410320,0.23%,2888481,1.61%,669649,0.37%,25121808,13.97%,04
UT Zone Total,1338560,164259,12.27%,223907,16.73%,176282,13.17%,6608,0.49%,17780,1.33%,5117,0.38%,744605,55.63%,04
State Total,15657,211,1.35%,2707,17.29%,1043,6.66%,54,0.34%,452,2.89%,17,0.11%,11173,71.36%,04
CHANDIGARH DISTRICT (01),15657,211,1.35%,2707,17.29%,1043,6.66%,54,0.34%,452,2.89%,17,0.11%,11173,71.36%,04
All India Total,179787454,54122794,30.1%,92016420,51.18%,4487569,2.5%,410320,0.23%,2888481,1.61%,669649,0.37%,25121808,13.97%,05
Central Zone Total,43325279,16757213,38.68%,21054446,48.6%,921088,2.13%,64461,0.15%,296585,0.68%,132388,0.31%,4080607,9.42%,05
State Total,1479742,536620,36.26%,413990,27.98%,79824,5.39%,2262,0.15%,24986,1.69%,3214,0.22%,418846,28.31%,05
Uttarkashi (01),64836,46362,71.51%,4961,7.65%,1208,1.86%,41,0.06%,1475,2.27%,112,0.17%,10677,16.47%,05
Chamoli (02),70323,35595,50.62%,12751,18.13%,1766,2.51%,41,0.06%,643,0.91%,140,0.2%,19387,27.57%,05
Rudraprayag (03),48830,25557,52.34%,7751,15.87%,680,1.39%,33,0.07%,730,1.49%,48,0.1%,14031,28.73%,05
TehriGarhwal (04),119766,56896,47.51%,21595,18.03%,4124,3.44%,80,0.07%,769,0.64%,112,0.09%,36190,30.22%,05
Dehradun (05),165649,22103,13.34%,45796,27.65%,12640,7.63%,261,0.16%,3157,1.91%,736,0.44%,80956,48.87%,05
Garhwal (06),140122,53284,38.03%,22820,16.29%,4114,2.94%,247,0.18%,2017,1.44%,391,0.28%,57249,40.86%,05
Pithoragarh (07),91906,38705,42.11%,16164,17.59%,8375,9.11%,230,0.25%,1740,1.89%,116,0.13%,26576,28.92%,05
Bageshwar (08),53420,26499,49.61%,10243,19.17%,4665,8.73%,83,0.16%,622,1.16%,93,0.17%,11215,20.99%,05
Almora (09),125275,70493,56.27%,16728,13.35%,5358,4.28%,113,0.09%,1905,1.52%,214,0.17%,30464,24.32%,05
Champawat (10),44150,21423,48.52%,9339,21.15%,1570,3.56%,42,0.1%,351,0.8%,40,0.09%,11385,25.79%,05
Nainital (11),117469,49892,42.47%,20865,17.76%,7233,6.16%,201,0.17%,924,0.79%,276,0.23%,38078,32.42%,05
UdhamSinghNagar (12),206204,46439,22.52%,94464,45.81%,15676,7.6%,518,0.25%,4382,2.13%,399,0.19%,44326,21.5%,05
Hardwar (13),231792,43372,18.71%,130513,56.31%,12415,5.36%,372,0.16%,6271,2.71%,537,0.23%,38312,16.53%,05
All India Total,179787454,54122794,30.1%,92016420,51.18%,4487569,2.5%,410320,0.23%,2888481,1.61%,669649,0.37%,25121808,13.97%,06
North Zone Total,9104338,2900851,31.86%,3690369,40.53%,442652,4.86%,14120,0.16%,191843,2.11%,23565,0.26%,1836582,20.17%,06
State Total,2969509,982248,33.08%,1268088,42.7%,148857,5.01%,5066,0.17%,82148,2.77%,9381,0.32%,471161,15.87%,06
Panchkula (01),47620,9108,19.13%,22825,47.93%,1145,2.4%,37,0.08%,1162,2.44%,119,0.25%,13217,27.76%,06
Ambala (02),114196,25043,21.93%,60163,52.68%,5186,4.54%,257,0.23%,3762,3.29%,334,0.29%,19428,17.01%,06
Yamunanagar (03),132327,30052,22.71%,74118,56.01%,4271,3.23%,397,0.3%,3480,2.63%,316,0.24%,19663,14.86%,06
Kurukshetra (04),129992,34805,26.77%,69875,53.75%,5774,4.44%,185,0.14%,3356,2.58%,392,0.3%,15554,11.97%,06
Kaithal (05),152125,60090,39.5%,72866,47.9%,4026,2.65%,166,0.11%,3238,2.13%,372,0.24%,11172,7.34%,06
Karnal (06),183992,52705,28.65%,97443,52.96%,9456,5.14%,246,0.13%,5894,3.2%,582,0.32%,17645,9.59%,06
Panipat (07),115331,28602,24.8%,58535,50.75%,8786,7.62%,319,0.28%,4382,3.8%,1832,1.59%,12572,10.9%,06
Sonipat (08),178864,53570,29.95%,68314,38.19%,13462,7.53%,300,0.17%,7648,4.28%,698,0.39%,34845,19.48%,06
Jind (09),185184,84476,45.62%,75491,40.77%,5866,3.17%,346,0.19%,3752,2.03%,226,0.12%,15017,8.11%,06
Fatehabad (10),138546,53377,38.53%,62913,45.41%,4647,3.35%,93,0.07%,4110,2.97%,296,0.21%,12857,9.28%,06
Sirsa (11),175850,68932,39.2%,76365,43.43%,4856,2.76%,356,0.2%,5389,3.06%,464,0.26%,19078,10.85%,06
Hisar (12),224387,97570,43.48%,81277,36.22%,6442,2.87%,234,0.1%,3974,1.77%,410,0.18%,33593,14.97%,06
Bhiwani (13),244308,98902,40.48%,88560,36.25%,8606,3.52%,480,0.2%,6484,2.65%,466,0.19%,40794,16.7%,06
Rohtak (14),109762,40904,37.27%,36488,33.24%,6889,6.28%,214,0.19%,2750,2.51%,248,0.23%,22209,20.23%,06
Jhajjar (15),126621,46633,36.83%,39034,30.83%,11179,8.83%,188,0.15%,3537,2.79%,508,0.4%,25541,20.17%,06
Mahendragarh (16),144210,52132,36.15%,50650,35.12%,7935,5.5%,163,0.11%,4381,3.04%,262,0.18%,28610,19.84%,06
Rewari (17),133065,40154,30.18%,48252,36.26%,6161,4.63%,118,0.09%,1873,1.41%,234,0.18%,36247,27.24%,06
Gurgaon (18),95792,22603,23.6%,29401,30.69%,13521,14.11%,270,0.28%,1667,1.74%,229,0.24%,28052,29.28%,06
Mewat (19),140478,33511,23.85%,70918,50.48%,6506,4.63%,415,0.3%,4874,3.47%,575,0.41%,23655,16.84%,06
Faridabad (20),66824,13562,20.3%,27283,40.83%,5977,8.94%,80,0.12%,2029,3.04%,218,0.33%,17618,26.36%,06
Palwal (21),130035,35517,27.31%,57317,44.08%,8166,6.28%,202,0.16%,4406,3.39%,600,0.46%,23794,18.3%,06
All India Total,179787454,54122794,30.1%,92016420,51.18%,4487569,2.5%,410320,0.23%,2888481,1.61%,669649,0.37%,25121808,13.97%,07
UT Zone Total,1338560,164259,12.27%,223907,16.73%,176282,13.17%,6608,0.49%,17780,1.33%,5117,0.38%,744605,55.63%,07
State Total,1051097,115088,10.95%,140568,13.37%,157131,14.95%,5840,0.56%,13705,1.3%,4358,0.41%,614407,58.45%,07
North West (01),299316,23687,7.91%,44496,14.87%,30150,10.07%,1803,0.6%,5051,1.69%,1348,0.45%,192781,64.41%,07
North (02),51632,3044,5.9%,7354,14.24%,14111,27.33%,645,1.25%,1384,2.68%,512,0.99%,24582,47.61%,07
North East (03),194939,68728,35.26%,20952,10.75%,10960,5.62%,458,0.23%,599,0.31%,228,0.12%,93014,47.71%,07
East (04),93117,4830,5.19%,4785,5.14%,9424,10.12%,502,0.54%,919,0.99%,341,0.37%,72316,77.66%,07
West (07),124338,4730,3.8%,26067,20.96%,37316,30.01%,1176,0.95%,3152,2.54%,900,0.72%,50997,41.01%,07
South West (08),112653,6754,6%,15814,14.04%,22456,19.93%,430,0.38%,1420,1.26%,242,0.21%,65537,58.18%,07
South (09),175102,3315,1.89%,21100,12.05%,32714,18.68%,826,0.47%,1180,0.67%,787,0.45%,115180,65.78%,07
All India Total,179787454,54122794,30.1%,92016420,51.18%,4487569,2.5%,410320,0.23%,2888481,1.61%,669649,0.37%,25121808,13.97%,08
West Zone Total,31206237,12251655,39.26%,13627913,43.67%,654997,2.1%,54783,0.18%,563323,1.81%,107310,0.34%,3935704,12.61%,08
State Total,10223073,4267200,41.74%,4459006,43.62%,260103,2.54%,16138,0.16%,151409,1.48%,47930,0.47%,1014126,9.92%,08
Ganganagar (01),287488,108113,37.61%,137116,47.69%,5255,1.83%,717,0.25%,6164,2.14%,624,0.22%,29459,10.25%,08
Hanumangarh (02),275589,149901,54.39%,101487,36.83%,3540,1.28%,161,0.06%,3267,1.19%,970,0.35%,16260,5.9%,08
Bikaner (03),261329,143157,54.78%,92612,35.44%,3447,1.32%,304,0.12%,2723,1.04%,771,0.3%,18109,6.93%,08
Churu (04),276699,162610,58.77%,83669,30.24%,4819,1.74%,266,0.1%,1789,0.65%,805,0.29%,22703,8.2%,08
Jhunjhunun (05),317727,104982,33.04%,136562,42.98%,7468,2.35%,227,0.07%,4567,1.44%,935,0.29%,62968,19.82%,08
Alwar (06),529224,207630,39.23%,236523,44.69%,12236,2.31%,1046,0.2%,6325,1.2%,2579,0.49%,62666,11.84%,08
Bharatpur (07),343978,144525,42.02%,159835,46.47%,6384,1.86%,1139,0.33%,2583,0.75%,1608,0.47%,27896,8.11%,08
Dhaulpur (08),173796,62052,35.7%,95291,54.83%,4432,2.55%,601,0.35%,965,0.56%,995,0.57%,9460,5.44%,08
Karauli (09),250656,80817,32.24%,134853,53.8%,6353,2.53%,734,0.29%,1743,0.7%,1710,0.68%,24402,9.74%,08
Sawai Madhopur (10),221430,91482,41.31%,99880,45.11%,5969,2.7%,553,0.25%,1630,0.74%,1796,0.81%,20057,9.06%,08
Dausa (11),273196,102026,37.35%,126439,46.28%,8318,3.04%,664,0.24%,4052,1.48%,1339,0.49%,30307,11.09%,08
Jaipur (12),530477,174996,32.99%,269833,50.87%,12258,2.31%,769,0.14%,7091,1.34%,2138,0.4%,63118,11.9%,08
Sikar (13),369270,125712,34.04%,171283,46.38%,9278,2.51%,505,0.14%,5712,1.55%,1500,0.41%,55179,14.94%,08
Nagaur (14),523798,225799,43.11%,217279,41.48%,12775,2.44%,780,0.15%,7089,1.35%,2230,0.43%,57632,11%,08
Jodhpur (15),460672,203813,44.24%,169497,36.79%,12132,2.63%,475,0.1%,9702,2.11%,2472,0.54%,62397,13.54%,08
Jaisalmer (16),110525,36859,33.35%,57028,51.6%,2493,2.26%,505,0.46%,1759,1.59%,924,0.84%,10899,9.86%,08
Barmer (17),481147,264173,54.9%,148331,30.83%,15862,3.3%,819,0.17%,8621,1.79%,5347,1.11%,37721,7.84%,08
Jalor (18),324662,158046,48.68%,104610,32.22%,11775,3.63%,588,0.18%,15769,4.86%,2350,0.72%,31398,9.67%,08
Sirohi (19),170212,49381,29.01%,75407,44.3%,9641,5.66%,276,0.16%,8545,5.02%,979,0.58%,25863,15.19%,08
Pali (20),352690,102636,29.1%,166080,47.09%,15988,4.53%,681,0.19%,12269,3.48%,1897,0.54%,53022,15.03%,08
Ajmer (21),315014,94649,30.05%,166787,52.95%,8714,2.77%,285,0.09%,4433,1.41%,815,0.26%,38875,12.34%,08
Tonk (22),233901,113142,48.37%,96751,41.36%,5436,2.32%,240,0.1%,1520,0.65%,1377,0.59%,15120,6.46%,08
Bundi (23),197992,84255,42.55%,91202,46.06%,4200,2.12%,252,0.13%,3482,1.76%,728,0.37%,13459,6.8%,08
Bhilwara (24),419347,191764,45.73%,173245,41.31%,10575,2.52%,332,0.08%,5309,1.27%,1632,0.39%,35774,8.53%,08
Rajsamand (25),220162,56219,25.54%,124038,56.34%,7077,3.21%,287,0.13%,4005,1.82%,861,0.39%,27449,12.47%,08
Dungarpur (26),298430,103485,34.68%,156100,52.31%,12987,4.35%,456,0.15%,2542,0.85%,1165,0.39%,20293,6.8%,08
Banswara (27),357369,214031,59.89%,106240,29.73%,8963,2.51%,516,0.14%,3632,1.02%,1330,0.37%,22375,6.26%,08
Chittaurgarh (28),277402,141452,50.99%,107974,38.92%,4514,1.63%,176,0.06%,1886,0.68%,1071,0.39%,20035,7.22%,08
Kota (29),170991,56999,33.33%,95154,55.65%,3060,1.79%,296,0.17%,2254,1.32%,699,0.41%,12397,7.25%,08
Baran (30),212554,86015,40.47%,108427,51.01%,3213,1.51%,349,0.16%,1257,0.59%,847,0.4%,12350,5.81%,08
Jhalawar (31),260405,112931,43.37%,124944,47.98%,3564,1.37%,434,0.17%,2255,0.87%,1296,0.5%,14758,5.67%,08
Udaipur (32),546877,203303,37.18%,265521,48.55%,15449,2.82%,588,0.11%,5707,1.04%,1576,0.29%,54330,9.93%,08
Pratapgarh (33),178064,110245,61.91%,59008,33.14%,1928,1.08%,117,0.07%,762,0.43%,564,0.32%,5395,3.03%,08
All India Total,179787454,54122794,30.1%,92016420,51.18%,4487569,2.5%,410320,0.23%,2888481,1.61%,669649,0.37%,25121808,13.97%,09
Central Zone Total,43325279,16757213,38.68%,21054446,48.6%,921088,2.13%,64461,0.15%,296585,0.68%,132388,0.31%,4080607,9.42%,09
State Total,26015592,10468759,40.24%,11874439,45.64%,582807,2.24%,39324,0.15%,210479,0.81%,45202,0.17%,2780086,10.69%,09
Saharanpur (01),418340,116412,27.83%,200785,48%,7904,1.89%,789,0.19%,10466,2.5%,433,0.1%,81551,19.49%,09
Muzaffarnagar (02),502344,172263,34.29%,227783,45.34%,14109,2.81%,1696,0.34%,6521,1.3%,607,0.12%,79259,15.78%,09
Bijnor (03),495304,139114,28.09%,257146,51.92%,26954,5.44%,1551,0.31%,9966,2.01%,607,0.12%,59965,12.11%,09
Moradabad (04),521305,183424,35.19%,281972,54.09%,6608,1.27%,753,0.14%,3122,0.6%,624,0.12%,44802,8.59%,09
Rampur (05),299340,114693,38.32%,129705,43.33%,6436,2.15%,625,0.21%,3225,1.08%,134,0.04%,44449,14.85%,09
Jyotiba Phule Nagar (06),228537,76343,33.41%,53563,23.44%,8956,3.92%,1169,0.51%,2357,1.03%,371,0.16%,85692,37.5%,09
Meerut (07),261180,92374,35.37%,149071,57.08%,3504,1.34%,434,0.17%,1047,0.4%,440,0.17%,14310,5.48%,09
Baghpat (08),161232,46617,28.91%,54748,33.96%,5872,3.64%,3476,2.16%,6891,4.27%,421,0.26%,43207,26.8%,09
Ghaziabad (09),295081,90380,30.63%,109706,37.18%,17996,6.1%,832,0.28%,5080,1.72%,758,0.26%,70329,23.83%,09
Gautam Buddha Nagar (10),289590,81490,28.14%,47291,16.33%,11438,3.95%,502,0.17%,2232,0.77%,553,0.19%,145637,50.29%,09
Bulandshahr (11),427475,169988,39.77%,222446,52.04%,4680,1.09%,379,0.09%,1489,0.35%,501,0.12%,27992,6.55%,09
Aligarh (12),418563,153505,36.67%,234932,56.13%,5119,1.22%,250,0.06%,816,0.19%,298,0.07%,23643,5.65%,09
Mahamaya Nagar (13),199901,66667,33.35%,101371,50.71%,2288,1.14%,154,0.08%,1107,0.55%,392,0.2%,27922,13.97%,09
Mathura (14),294772,113307,38.44%,145129,49.23%,3957,1.34%,671,0.23%,1216,0.41%,1119,0.38%,29373,9.96%,09
Agra (15),375187,111569,29.74%,160404,42.75%,36286,9.67%,928,0.25%,2735,0.73%,510,0.14%,62258,16.59%,09
Firozabad (16),265386,109856,41.39%,132656,49.99%,3953,1.49%,252,0.09%,839,0.32%,388,0.15%,17442,6.57%,09
Mainpuri (17),258844,168901,65.25%,62326,24.08%,8203,3.17%,904,0.35%,4182,1.62%,704,0.27%,13611,5.26%,09
Budaun (18),480817,283251,58.91%,165207,34.36%,4550,0.95%,535,0.11%,1697,0.35%,540,0.11%,25037,5.21%,09
Bareilly (19),475247,183791,38.67%,253863,53.42%,5402,1.14%,463,0.1%,1634,0.34%,660,0.14%,29434,6.19%,09
Pilibhit (20),303726,121933,40.15%,164676,54.22%,5177,1.7%,191,0.06%,1789,0.59%,307,0.1%,9653,3.18%,09
Shahjahanpur (21),405601,171438,42.27%,196365,48.41%,5212,1.29%,244,0.06%,2607,0.64%,504,0.12%,29231,7.21%,09
Kheri (22),640850,292044,45.57%,318207,49.65%,6826,1.07%,213,0.03%,1598,0.25%,1021,0.16%,20941,3.27%,09
Sitapur (23),714977,373123,52.19%,303589,42.46%,7794,1.09%,199,0.03%,1866,0.26%,1172,0.16%,27234,3.81%,09
Hardoi (24),617677,381320,61.73%,206064,33.36%,6050,0.98%,547,0.09%,1895,0.31%,718,0.12%,21083,3.41%,09
Unnao (25),481545,236038,49.02%,206131,42.81%,7068,1.47%,190,0.04%,1598,0.33%,798,0.17%,29721,6.17%,09
Lucknow (26),278203,96791,34.79%,138450,49.77%,7543,2.71%,290,0.1%,3149,1.13%,519,0.19%,31461,11.31%,09
Rae Bareli (27),569800,193486,33.96%,321039,56.34%,9567,1.68%,251,0.04%,3265,0.57%,1500,0.26%,40692,7.14%,09
Farrukhabad (28),249331,124859,50.08%,105650,42.37%,2126,0.85%,103,0.04%,1164,0.47%,366,0.15%,15063,6.04%,09
Kannauj (29),237103,145783,61.49%,77708,32.77%,1441,0.61%,107,0.05%,881,0.37%,583,0.25%,10600,4.47%,09
Etawah (30),213944,102404,47.86%,83189,38.88%,6800,3.18%,333,0.16%,6433,3.01%,299,0.14%,14481,6.77%,09
Auraiya (31),209864,98418,46.9%,84657,40.34%,5474,2.61%,494,0.24%,3735,1.78%,424,0.2%,16662,7.94%,09
Kanpur Dehat (32),310765,142544,45.87%,144754,46.58%,4289,1.38%,268,0.09%,1915,0.62%,662,0.21%,16333,5.26%,09
Kanpur Nagar (33),289213,123055,42.55%,116385,40.24%,11731,4.06%,644,0.22%,3342,1.16%,471,0.16%,33585,11.61%,09
Jalaun (34),211977,101953,48.1%,91218,43.03%,5384,2.54%,303,0.14%,2050,0.97%,229,0.11%,10840,5.11%,09
Jhansi (35),212906,117129,55.01%,72416,34.01%,2989,1.4%,669,0.31%,2622,1.23%,352,0.17%,16729,7.86%,09
Lalitpur (36),186311,138309,74.24%,37847,20.31%,1442,0.77%,123,0.07%,642,0.34%,125,0.07%,7823,4.2%,09
Hamirpur (37),174857,69238,39.6%,95850,54.82%,1815,1.04%,70,0.04%,958,0.55%,260,0.15%,6666,3.81%,09
Mahoba (38),127389,55613,43.66%,65179,51.17%,1157,0.91%,41,0.03%,334,0.26%,186,0.15%,4879,3.83%,09
Banda (39),269240,107981,40.11%,142387,52.88%,4225,1.57%,406,0.15%,1876,0.7%,536,0.2%,11829,4.39%,09
Chitrakoot (40),152132,66365,43.62%,73284,48.17%,1828,1.2%,105,0.07%,224,0.15%,343,0.23%,9983,6.56%,09
Fatehpur (41),415053,144114,34.72%,220084,53.03%,6207,1.5%,258,0.06%,2312,0.56%,799,0.19%,41279,9.95%,09
Pratapgarh (42),494720,173149,35%,223137,45.1%,9568,1.93%,595,0.12%,7234,1.46%,986,0.2%,80051,16.18%,09
Kaushambi (43),255994,105254,41.12%,126933,49.58%,7222,2.82%,458,0.18%,3267,1.28%,469,0.18%,12391,4.84%,09
Allahabad (44),705588,244734,34.69%,345878,49.02%,17006,2.41%,950,0.13%,7605,1.08%,1239,0.18%,88176,12.5%,09
Bara Banki (45),533550,270147,50.63%,218207,40.9%,6635,1.24%,208,0.04%,4043,0.76%,1081,0.2%,33229,6.23%,09
Faizabad (46),377144,152573,40.45%,176955,46.92%,6590,1.75%,59,0.02%,2817,0.75%,697,0.18%,37453,9.93%,09
Ambedkar Nagar (47),322410,137017,42.5%,155805,48.33%,5533,1.72%,217,0.07%,2099,0.65%,412,0.13%,21327,6.61%,09
Sultanpur (48),563089,200610,35.63%,272290,48.36%,17801,3.16%,860,0.15%,5653,1%,1224,0.22%,64651,11.48%,09
Bahraich (49),541484,247444,45.7%,203752,37.63%,13657,2.52%,968,0.18%,7715,1.42%,682,0.13%,67266,12.42%,09
Shrawasti (50),179481,100472,55.98%,65732,36.62%,2599,1.45%,145,0.08%,658,0.37%,496,0.28%,9379,5.23%,09
Balrampur (51),293520,128954,43.93%,145302,49.5%,3385,1.15%,133,0.05%,1096,0.37%,782,0.27%,13868,4.72%,09
Gonda (52),523254,261745,50.02%,209923,40.12%,5865,1.12%,331,0.06%,2481,0.47%,999,0.19%,41909,8.01%,09
Siddharthnagar (53),382311,191103,49.99%,159294,41.67%,3242,0.85%,108,0.03%,2475,0.65%,759,0.2%,25328,6.62%,09
Basti (54),385828,167800,43.49%,172001,44.58%,4960,1.29%,151,0.04%,2536,0.66%,743,0.19%,37637,9.75%,09
Sant Kabir Nagar (55),243670,85448,35.07%,122674,50.34%,7888,3.24%,302,0.12%,1908,0.78%,372,0.15%,25078,10.29%,09
Mahrajganj (56),407828,191270,46.9%,193132,47.36%,4189,1.03%,202,0.05%,1471,0.36%,999,0.24%,16565,4.06%,09
Gorakhpur (57),599152,131594,21.96%,375131,62.61%,13155,2.2%,1036,0.17%,2914,0.49%,1597,0.27%,73725,12.3%,09
Kushinagar (58),574969,166385,28.94%,343764,59.79%,6985,1.21%,469,0.08%,2710,0.47%,1336,0.23%,53320,9.27%,09
Deoria (59),450667,143514,31.84%,193518,42.94%,32506,7.21%,1495,0.33%,7546,1.67%,1001,0.22%,71087,15.77%,09
Azamgarh (60),615199,234830,38.17%,192335,31.26%,20553,3.34%,2032,0.33%,3726,0.61%,1007,0.16%,147464,23.97%,09
Mau (61),262251,81925,31.24%,133323,50.84%,6583,2.51%,593,0.23%,2707,1.03%,791,0.3%,36329,13.85%,09
Ballia (62),426709,107504,25.19%,250249,58.65%,9634,2.26%,296,0.07%,2099,0.49%,896,0.21%,56031,13.13%,09
Jaunpur (63),596098,235218,39.46%,201078,33.73%,25544,4.29%,1810,0.3%,8808,1.48%,857,0.14%,122782,20.6%,09
Ghazipur (64),476147,186828,39.24%,169384,35.57%,12423,2.61%,1111,0.23%,3860,0.81%,621,0.13%,101917,21.4%,09
Chandauli (65),265851,62394,23.47%,173723,65.35%,4678,1.76%,570,0.21%,1350,0.51%,330,0.12%,22806,8.58%,09
Varanasi (66),343657,79044,23%,186172,54.17%,13397,3.9%,489,0.14%,2762,0.8%,583,0.17%,61210,17.81%,09
Sant Ravidas Nagar (Bhadohi) (67),191630,49417,25.79%,104945,54.76%,6789,3.54%,465,0.24%,2176,1.14%,515,0.27%,27323,14.26%,09
Mirzapur (68),340748,93308,27.38%,195691,57.43%,9397,2.76%,367,0.11%,1697,0.5%,573,0.17%,39712,11.65%,09
Sonbhadra (69),288433,105115,36.44%,153149,53.1%,5263,1.82%,244,0.08%,1129,0.39%,482,0.17%,23046,7.99%,09
Etah (70),241868,142457,58.9%,86408,35.73%,2130,0.88%,126,0.05%,708,0.29%,260,0.11%,9779,4.04%,09
Kanshiram Nagar (71),191433,113623,59.35%,69321,36.21%,1270,0.66%,122,0.06%,352,0.18%,179,0.09%,6566,3.43%,09
All India Total,179787454,54122794,30.1%,92016420,51.18%,4487569,2.5%,410320,0.23%,2888481,1.61%,669649,0.37%,25121808,13.97%,10
East Zone Total,47307665,9722560,20.55%,29533610,62.43%,1082696,2.29%,105248,0.22%,810678,1.71%,300325,0.63%,5735985,12.12%,10
State Total,17829066,3251903,18.24%,12636862,70.88%,334064,1.87%,26527,0.15%,99431,0.56%,33792,0.19%,1440594,8.08%,10
Pashchim Champaran (01),681326,99073,14.54%,540537,79.34%,11392,1.67%,631,0.09%,2301,0.34%,1391,0.2%,24749,3.63%,10
Purba Champaran (02),917790,188318,20.52%,631848,68.84%,12327,1.34%,1866,0.2%,4106,0.45%,1096,0.12%,78157,8.52%,10
Sheohar (03),149211,16196,10.85%,119033,79.77%,3632,2.43%,166,0.11%,414,0.28%,256,0.17%,9514,6.38%,10
Sitamarhi (04),725723,89090,12.28%,561820,77.42%,14409,1.99%,1200,0.17%,3540,0.49%,1463,0.2%,54139,7.46%,10
Madhubani (05),886810,152255,17.17%,554679,62.55%,25788,2.91%,2428,0.27%,7693,0.87%,1657,0.19%,142021,16.01%,10
Supaul (06),455280,94820,20.83%,331628,72.84%,6788,1.49%,292,0.06%,1591,0.35%,738,0.16%,19098,4.19%,10
Araria (07),595834,105096,17.64%,438995,73.68%,14960,2.51%,1679,0.28%,3550,0.6%,1425,0.24%,30125,5.06%,10
Kishanganj (08),308989,47078,15.24%,237354,76.82%,6319,2.05%,670,0.22%,1303,0.42%,1667,0.54%,14598,4.72%,10
Purnia (09),591936,95341,16.11%,445976,75.34%,10840,1.83%,900,0.15%,3068,0.52%,1377,0.23%,34421,5.81%,10
Katihar (10),582089,78834,13.54%,452359,77.71%,13615,2.34%,607,0.1%,3212,0.55%,2420,0.42%,31032,5.33%,10
Madhepura (11),402414,85102,21.15%,289779,72.01%,5666,1.41%,269,0.07%,1473,0.37%,495,0.12%,19472,4.84%,10
Saharsa (12),351154,62131,17.69%,259941,74.02%,5768,1.64%,316,0.09%,1534,0.44%,568,0.16%,20804,5.92%,10
Darbhanga (13),817164,94720,11.59%,612228,74.92%,15137,1.85%,1196,0.15%,4208,0.51%,3345,0.41%,86319,10.56%,10
Muzaffarpur (14),876341,105242,12.01%,663906,75.76%,15644,1.79%,888,0.1%,4355,0.5%,1246,0.14%,83480,9.53%,10
Gopalganj (15),389899,82258,21.1%,264398,67.81%,9599,2.46%,876,0.22%,1316,0.34%,539,0.14%,30894,7.92%,10
Siwan (16),519048,95800,18.46%,346746,66.8%,10099,1.95%,626,0.12%,2387,0.46%,1073,0.21%,62312,12.01%,10
Saran (17),577746,108550,18.79%,400938,69.4%,7273,1.26%,524,0.09%,2506,0.43%,474,0.08%,57440,9.94%,10
Vaishali (18),629950,79037,12.55%,478927,76.03%,6636,1.05%,434,0.07%,3576,0.57%,687,0.11%,60623,9.62%,10
Samastipur (19),831029,131807,15.86%,592770,71.33%,17583,2.12%,648,0.08%,6133,0.74%,1472,0.18%,80510,9.69%,10
Begusarai (20),491437,59694,12.15%,377711,76.86%,8547,1.74%,676,0.14%,2531,0.52%,956,0.19%,41320,8.41%,10
Khagaria (21),347924,42576,12.24%,273053,78.48%,5533,1.59%,348,0.1%,1395,0.4%,541,0.16%,24449,7.03%,10
Bhagalpur (22),468355,62855,13.42%,345546,73.78%,10138,2.16%,828,0.18%,8719,1.86%,573,0.12%,38598,8.24%,10
Banka (23),384455,75945,19.75%,248134,64.54%,17595,4.58%,1932,0.5%,3595,0.94%,1411,0.37%,35843,9.32%,10
Munger (24),201233,15461,7.68%,157015,78.03%,2333,1.16%,273,0.14%,655,0.33%,209,0.1%,25287,12.57%,10
Lakhisarai (25),141284,30646,21.69%,90844,64.3%,3958,2.8%,605,0.43%,697,0.49%,129,0.09%,14405,10.2%,10
Sheikhpura (26),91847,22579,24.58%,62780,68.35%,951,1.04%,75,0.08%,404,0.44%,93,0.1%,4964,5.4%,10
Nalanda (27),462838,110635,23.9%,305115,65.92%,5958,1.29%,539,0.12%,2694,0.58%,817,0.18%,37079,8.01%,10
Patna (28),690850,118942,17.22%,485387,70.26%,10116,1.46%,1440,0.21%,3103,0.45%,779,0.11%,71080,10.29%,10
Bhojpur (29),419641,113356,27.01%,258172,61.52%,7861,1.87%,522,0.12%,3167,0.75%,813,0.19%,35720,8.51%,10
Buxar (30),238210,72043,30.24%,138140,57.99%,5360,2.25%,289,0.12%,1050,0.44%,267,0.11%,21055,8.84%,10
Kaimur Bhabua (31),241516,68687,28.44%,155460,64.37%,5368,2.22%,216,0.09%,1502,0.62%,355,0.15%,9928,4.11%,10
Rohtas (32),409854,118847,29%,261104,63.71%,6374,1.56%,337,0.08%,2051,0.5%,818,0.2%,20066,4.9%,10
Aurangabad (33),366898,103948,28.33%,233484,63.64%,5321,1.45%,245,0.07%,1578,0.43%,601,0.16%,21717,5.92%,10
Gaya (34),659015,182842,27.74%,412308,62.56%,13666,2.07%,1182,0.18%,4487,0.68%,754,0.11%,43733,6.64%,10
Nawada (35),349738,95417,27.28%,230343,65.86%,3339,0.95%,131,0.04%,1084,0.31%,327,0.09%,19067,5.45%,10
Jamui (36),292670,75328,25.74%,193432,66.09%,4563,1.56%,457,0.16%,1170,0.4%,691,0.24%,16884,5.77%,10
Jehanabad (37),164924,42105,25.53%,108602,65.85%,2400,1.46%,168,0.1%,1006,0.61%,233,0.14%,10398,6.3%,10
Arwal (38),116644,29249,25.08%,76370,65.47%,1208,1.04%,48,0.04%,277,0.24%,36,0.03%,9293,7.97%,10
All India Total,179787454,54122794,30.1%,92016420,51.18%,4487569,2.5%,410320,0.23%,2888481,1.61%,669649,0.37%,25121808,13.97%,11
North Eastern Zone Total,8061458,2670137,33.12%,3142125,38.98%,390101,4.84%,14474,0.18%,126027,1.56%,45391,0.56%,1672433,20.75%,11
State Total,88723,40309,45.43%,17545,19.78%,3863,4.35%,37,0.04%,2987,3.37%,71,0.08%,23782,26.8%,11
North  District (01),6550,2615,39.92%,1536,23.45%,206,3.15%,3,0.05%,175,2.67%,4,0.06%,1998,30.5%,11
West District (02),26267,13828,52.64%,5332,20.3%,839,3.19%,3,0.01%,681,2.59%,15,0.06%,5514,20.99%,11
South District (03),24429,14032,57.44%,3024,12.38%,1047,4.29%,5,0.02%,1057,4.33%,23,0.09%,5223,21.38%,11
East District (04),31477,9834,31.24%,7653,24.31%,1771,5.63%,26,0.08%,1074,3.41%,29,0.09%,11047,35.1%,11
All India Total,179787454,54122794,30.1%,92016420,51.18%,4487569,2.5%,410320,0.23%,2888481,1.61%,669649,0.37%,25121808,13.97%,12
North Eastern Zone Total,8061458,2670137,33.12%,3142125,38.98%,390101,4.84%,14474,0.18%,126027,1.56%,45391,0.56%,1672433,20.75%,12
State Total,201842,136600,67.68%,20167,9.99%,4730,2.34%,129,0.06%,2545,1.26%,249,0.12%,37419,18.54%,12
Tawang (01),8247,2780,33.71%,2495,30.25%,92,1.12%,0,0%,60,0.73%,99,1.2%,2718,32.96%,12
West Kameng (02),12755,6765,53.04%,2114,16.57%,205,1.61%,10,0.08%,425,3.33%,15,0.12%,3221,25.25%,12
East Kameng (03),12256,9300,75.88%,576,4.7%,157,1.28%,5,0.04%,133,1.09%,3,0.02%,2082,16.99%,12
Papum Pare (04),13493,6607,48.97%,1184,8.77%,651,4.82%,49,0.36%,296,2.19%,29,0.21%,4677,34.66%,12
Upper Subansiri (05),16628,13107,78.82%,907,5.45%,658,3.96%,7,0.04%,217,1.31%,2,0.01%,1730,10.4%,12
West Siang (06),16355,12499,76.42%,747,4.57%,372,2.27%,8,0.05%,184,1.13%,9,0.06%,2536,15.51%,12
East Siang (07),12593,8290,65.83%,1055,8.38%,392,3.11%,7,0.06%,174,1.38%,6,0.05%,2669,21.19%,12
Upper Siang (08),5487,4148,75.6%,452,8.24%,146,2.66%,0,0%,33,0.6%,5,0.09%,703,12.81%,12
Changlang (09),23292,16856,72.37%,2714,11.65%,127,0.55%,2,0.01%,186,0.8%,19,0.08%,3388,14.55%,12
Tirap (10),15931,13113,82.31%,772,4.85%,204,1.28%,1,0.01%,31,0.19%,5,0.03%,1805,11.33%,12
Lower Subansiri (11),11726,6888,58.74%,587,5.01%,569,4.85%,5,0.04%,95,0.81%,13,0.11%,3569,30.44%,12
Kurung Kumey (12),17068,13546,79.36%,1147,6.72%,235,1.38%,20,0.12%,175,1.03%,6,0.04%,1939,11.36%,12
Dibang Valley (13),1241,673,54.23%,160,12.89%,27,2.18%,0,0%,6,0.48%,0,0%,375,30.22%,12
Lower Dibang Valley (14),7905,4988,63.1%,846,10.7%,140,1.77%,5,0.06%,148,1.87%,7,0.09%,1771,22.4%,12
Lohit (15),22686,14106,62.18%,4091,18.03%,360,1.59%,10,0.04%,359,1.58%,31,0.14%,3729,16.44%,12
Anjaw (16),4179,2934,70.21%,320,7.66%,395,9.45%,0,0%,23,0.55%,0,0%,507,12.13%,12
All India Total,179787454,54122794,30.1%,92016420,51.18%,4487569,2.5%,410320,0.23%,2888481,1.61%,669649,0.37%,25121808,13.97%,13
North Eastern Zone Total,8061458,2670137,33.12%,3142125,38.98%,390101,4.84%,14474,0.18%,126027,1.56%,45391,0.56%,1672433,20.75%,13
State Total,284310,177218,62.33%,23961,8.43%,7797,2.74%,49,0.02%,4172,1.47%,528,0.19%,70580,24.83%,13
Mon (01),35445,28466,80.31%,3028,8.54%,717,2.02%,0,0%,550,1.55%,16,0.05%,2668,7.53%,13
Mokokchung (02),30620,16520,53.95%,3636,11.87%,845,2.76%,5,0.02%,481,1.57%,131,0.43%,9002,29.4%,13
Zunheboto (03),23617,12984,54.98%,1862,7.88%,616,2.61%,1,0%,628,2.66%,199,0.84%,7322,31%,13
Wokha (04),24530,16462,67.11%,2216,9.03%,465,1.9%,25,0.1%,357,1.46%,26,0.11%,4979,20.3%,13
Dimapur  (05),41147,10584,25.72%,6606,16.05%,2456,5.97%,4,0.01%,840,2.04%,25,0.06%,20632,50.14%,13
Phek (06),30807,20702,67.2%,1563,5.07%,888,2.88%,0,0%,353,1.15%,67,0.22%,7234,23.48%,13
Tuensang (07),29744,23532,79.12%,1442,4.85%,167,0.56%,5,0.02%,205,0.69%,7,0.02%,4386,14.75%,13
Longleng (08),10934,9499,86.88%,533,4.87%,79,0.72%,2,0.02%,175,1.6%,15,0.14%,631,5.77%,13
Kiphire (09),12983,10687,82.32%,456,3.51%,149,1.15%,0,0%,4,0.03%,2,0.02%,1685,12.98%,13
Kohima (10),29305,15319,52.27%,1939,6.62%,971,3.31%,6,0.02%,498,1.7%,31,0.11%,10541,35.97%,13
Peren (11),15178,12463,82.11%,680,4.48%,444,2.93%,1,0.01%,81,0.53%,9,0.06%,1500,9.88%,13
All India Total,179787454,54122794,30.1%,92016420,51.18%,4487569,2.5%,410320,0.23%,2888481,1.61%,669649,0.37%,25121808,13.97%,14
North Eastern Zone Total,8061458,2670137,33.12%,3142125,38.98%,390101,4.84%,14474,0.18%,126027,1.56%,45391,0.56%,1672433,20.75%,14
State Total,448163,213762,47.7%,92116,20.55%,26212,5.85%,168,0.04%,3448,0.77%,223,0.05%,112224,25.04%,14
Senapati (01),93129,70987,76.22%,4002,4.3%,3668,3.94%,43,0.05%,452,0.49%,18,0.02%,13959,14.99%,14
Tamenglong (02),25878,18954,73.24%,2500,9.66%,317,1.22%,1,0%,268,1.04%,1,0%,3837,14.83%,14
Churachandpur (03),53252,30028,56.39%,9961,18.71%,958,1.8%,3,0.01%,155,0.29%,25,0.05%,12122,22.76%,14
Bishnupur (04),29107,11546,39.67%,6394,21.97%,2335,8.02%,5,0.02%,346,1.19%,18,0.06%,8463,29.08%,14
Thoubal (05),56089,16452,29.33%,23576,42.03%,3995,7.12%,7,0.01%,620,1.11%,81,0.14%,11358,20.25%,14
ImphalWest (06),52166,11583,22.2%,15672,30.04%,4887,9.37%,12,0.02%,435,0.83%,26,0.05%,19549,37.47%,14
ImphalEast (07),71558,11159,15.59%,25459,35.58%,6020,8.41%,73,0.1%,646,0.9%,32,0.04%,28161,39.35%,14
Ukhrul (08),39237,25046,63.83%,2485,6.33%,2411,6.14%,6,0.02%,372,0.95%,5,0.01%,8912,22.71%,14
Chandel (09),27747,18007,64.9%,2067,7.45%,1621,5.84%,18,0.06%,154,0.56%,17,0.06%,5863,21.13%,14
All India Total,179787454,54122794,30.1%,92016420,51.18%,4487569,2.5%,410320,0.23%,2888481,1.61%,669649,0.37%,25121808,13.97%,15
North Eastern Zone Total,8061458,2670137,33.12%,3142125,38.98%,390101,4.84%,14474,0.18%,126027,1.56%,45391,0.56%,1672433,20.75%,15
State Total,111626,82241,73.68%,10096,9.04%,2029,1.82%,233,0.21%,822,0.74%,83,0.07%,16122,14.44%,15
Mamit (01),15169,11146,73.48%,1512,9.97%,148,0.98%,4,0.03%,380,2.51%,6,0.04%,1973,13.01%,15
Kolasib (02),7353,4851,65.97%,1210,16.46%,167,2.27%,1,0.01%,55,0.75%,2,0.03%,1067,14.51%,15
Aizawl (03),17557,11692,66.59%,1935,11.02%,229,1.3%,2,0.01%,79,0.45%,14,0.08%,3606,20.54%,15
Champhai (04),15250,11935,78.26%,1093,7.17%,400,2.62%,8,0.05%,74,0.49%,13,0.09%,1727,11.32%,15
Serchhip (05),6359,4572,71.9%,331,5.21%,74,1.16%,1,0.02%,7,0.11%,5,0.08%,1369,21.53%,15
Lunglei (06),19733,15457,78.33%,926,4.69%,107,0.54%,185,0.94%,104,0.53%,16,0.08%,2938,14.89%,15
Lawngtlai (07),23173,17447,75.29%,2833,12.23%,859,3.71%,30,0.13%,122,0.53%,27,0.12%,1855,8.01%,15
Saiha (08),7032,5141,73.11%,256,3.64%,45,0.64%,2,0.03%,1,0.01%,0,0%,1587,22.57%,15
All India Total,179787454,54122794,30.1%,92016420,51.18%,4487569,2.5%,410320,0.23%,2888481,1.61%,669649,0.37%,25121808,13.97%,16
North Eastern Zone Total,8061458,2670137,33.12%,3142125,38.98%,390101,4.84%,14474,0.18%,126027,1.56%,45391,0.56%,1672433,20.75%,16
State Total,697062,159685,22.91%,333360,47.82%,40210,5.77%,1322,0.19%,15712,2.25%,2888,0.41%,143390,20.57%,16
West Tripura (01),291585,58153,19.94%,140406,48.15%,19977,6.85%,642,0.22%,6226,2.14%,1242,0.43%,64675,22.18%,16
South Tripura (02),190414,43758,22.98%,94268,49.51%,9521,5%,335,0.18%,3468,1.82%,1064,0.56%,38000,19.96%,16
Dhalai (03),78489,26078,33.23%,35648,45.42%,3186,4.06%,106,0.14%,1682,2.14%,154,0.2%,11404,14.53%,16
North Tripura (04),136574,31696,23.21%,63038,46.16%,7526,5.51%,239,0.17%,4336,3.17%,428,0.31%,29311,21.46%,16
All India Total,179787454,54122794,30.1%,92016420,51.18%,4487569,2.5%,410320,0.23%,2888481,1.61%,669649,0.37%,25121808,13.97%,17
North Eastern Zone Total,8061458,2670137,33.12%,3142125,38.98%,390101,4.84%,14474,0.18%,126027,1.56%,45391,0.56%,1672433,20.75%,17
State Total,485897,184056,37.88%,198971,40.95%,15007,3.09%,420,0.09%,7445,1.53%,1054,0.22%,78939,16.25%,17
West Garo Hills (01),111580,49727,44.57%,39538,35.43%,5474,4.91%,320,0.29%,2204,1.98%,808,0.72%,13509,12.11%,17
East Garo Hills (02),52635,30585,58.11%,14753,28.03%,2118,4.02%,18,0.03%,366,0.7%,31,0.06%,4764,9.05%,17
South Garo Hills (03),22236,12588,56.61%,5794,26.06%,1075,4.83%,8,0.04%,471,2.12%,26,0.12%,2274,10.23%,17
West Khasi Hills (04),59268,23469,39.6%,29054,49.02%,938,1.58%,10,0.02%,387,0.65%,58,0.1%,5347,9.02%,17
Ribhoi (05),45228,20382,45.07%,16873,37.31%,1668,3.69%,11,0.02%,882,1.95%,22,0.05%,5390,11.92%,17
East Khasi Hills (06),128947,25123,19.48%,59510,46.15%,2130,1.65%,26,0.02%,1716,1.33%,91,0.07%,40351,31.29%,17
Jaintia Hills (07),66003,22182,33.61%,33449,50.68%,1604,2.43%,27,0.04%,1419,2.15%,18,0.03%,7304,11.07%,17
All India Total,179787454,54122794,30.1%,92016420,51.18%,4487569,2.5%,410320,0.23%,2888481,1.61%,669649,0.37%,25121808,13.97%,18
North Eastern Zone Total,8061458,2670137,33.12%,3142125,38.98%,390101,4.84%,14474,0.18%,126027,1.56%,45391,0.56%,1672433,20.75%,18
State Total,5743835,1676266,29.18%,2445909,42.58%,290253,5.05%,12116,0.21%,88896,1.55%,40295,0.7%,1189977,20.72%,18
Kokrajhar (01),176025,75132,42.68%,62168,35.32%,6834,3.88%,223,0.13%,1794,1.02%,749,0.43%,29122,16.54%,18
Dhubri (02),387940,69094,17.81%,230464,59.41%,15018,3.87%,591,0.15%,2976,0.77%,5357,1.38%,64406,16.6%,18
Goalpara (03),189692,42891,22.61%,101196,53.35%,7969,4.2%,486,0.26%,2402,1.27%,2288,1.21%,32430,17.1%,18
Barpeta (04),322866,70008,21.68%,172512,53.43%,16426,5.09%,1075,0.33%,6636,2.06%,3898,1.21%,52301,16.2%,18
Morigaon (05),183516,63591,34.65%,81465,44.39%,5544,3.02%,250,0.14%,3376,1.84%,1465,0.8%,27825,15.16%,18
Nagaon (06),503461,161316,32.04%,207332,41.18%,25247,5.01%,930,0.18%,9978,1.98%,3845,0.76%,94799,18.83%,18
Sonitpur (07),357582,111294,31.12%,149807,41.89%,20350,5.69%,1001,0.28%,4372,1.22%,1101,0.31%,69649,19.48%,18
Lakhimpur (08),188714,87281,46.25%,62150,32.93%,7464,3.96%,223,0.12%,2206,1.17%,918,0.49%,28472,15.09%,18
Dhemaji (09),130473,87069,66.73%,21022,16.11%,5085,3.9%,69,0.05%,1301,1%,334,0.26%,15593,11.95%,18
Tinsukia (10),225888,65358,28.93%,86776,38.42%,12653,5.6%,226,0.1%,3342,1.48%,678,0.3%,56855,25.17%,18
Dibrugarh (11),244630,54017,22.08%,106331,43.47%,14309,5.85%,414,0.17%,3824,1.56%,503,0.21%,65232,26.67%,18
Sivasagar (12),226379,61248,27.06%,93531,41.32%,10068,4.45%,315,0.14%,3057,1.35%,948,0.42%,57212,25.27%,18
Jorhat (13),209863,59936,28.56%,78329,37.32%,11882,5.66%,252,0.12%,4169,1.99%,792,0.38%,54500,25.97%,18
Golaghat (14),210230,82281,39.14%,77448,36.84%,8558,4.07%,114,0.05%,2781,1.32%,947,0.45%,38101,18.12%,18
KarbiAnglong (15),154898,103158,66.6%,27297,17.62%,5399,3.49%,141,0.09%,1569,1.01%,441,0.28%,16893,10.91%,18
DimaHasao (16),31408,21464,68.34%,3248,10.34%,1032,3.29%,81,0.26%,96,0.31%,14,0.04%,5473,17.43%,18
Cachar (17),340309,63266,18.59%,138913,40.82%,18947,5.57%,1584,0.47%,5472,1.61%,2889,0.85%,109238,32.1%,18
Karimganj (18),229937,40196,17.48%,100488,43.7%,11900,5.18%,646,0.28%,5492,2.39%,2457,1.07%,68758,29.9%,18
Hailakandi (19),136073,36757,27.01%,50659,37.23%,8976,6.6%,351,0.26%,2247,1.65%,1183,0.87%,35900,26.38%,18
Bongaigaon (20),137285,27334,19.91%,69943,50.95%,4177,3.04%,227,0.17%,1994,1.45%,1140,0.83%,32470,23.65%,18
Chirang (21),91718,31533,34.38%,39023,42.55%,4578,4.99%,205,0.22%,1211,1.32%,608,0.66%,14551,15.86%,18
Kamrup (22),308249,66022,21.42%,135105,43.83%,25517,8.28%,966,0.31%,6567,2.13%,1813,0.59%,72259,23.44%,18
KamrupMetropolitan (23),58277,10597,18.18%,20085,34.46%,4276,7.34%,208,0.36%,1393,2.39%,261,0.45%,21449,36.81%,18
Nalbari (24),153630,23156,15.07%,72202,47%,9997,6.51%,361,0.23%,3985,2.59%,1685,1.1%,42244,27.5%,18
Baksa (25),196332,58034,29.56%,90329,46.01%,10882,5.54%,231,0.12%,2999,1.53%,898,0.46%,32955,16.79%,18
Darrang (26),186731,51187,27.41%,94683,50.71%,10506,5.63%,602,0.32%,1971,1.06%,2591,1.39%,25191,13.49%,18
Udalguri (27),161729,53046,32.8%,73403,45.39%,6659,4.12%,344,0.21%,1686,1.04%,492,0.3%,26099,16.14%,18
All India Total,179787454,54122794,30.1%,92016420,51.18%,4487569,2.5%,410320,0.23%,2888481,1.61%,669649,0.37%,25121808,13.97%,19
East Zone Total,47307665,9722560,20.55%,29533610,62.43%,1082696,2.29%,105248,0.22%,810678,1.71%,300325,0.63%,5735985,12.12%,19
State Total,15756750,2972571,18.87%,9199460,58.38%,298456,1.89%,36268,0.23%,521568,3.31%,197812,1.26%,2529646,16.05%,19
Darjiling (01),279770,33878,12.11%,133270,47.64%,8664,3.1%,208,0.07%,4789,1.71%,898,0.32%,98063,35.05%,19
Jalpaiguri (02),761422,100467,13.19%,458612,60.23%,15787,2.07%,1228,0.16%,22052,2.9%,4476,0.59%,158640,20.83%,19
KochBihar (03),635046,162954,25.66%,363296,57.21%,10483,1.65%,964,0.15%,15920,2.51%,7242,1.14%,74166,11.68%,19
UttarDinajpur (04),543415,147463,27.14%,299332,55.08%,8632,1.59%,1086,0.2%,15113,2.78%,4724,0.87%,67064,12.34%,19
DakshinDinajpur (05),349140,117457,33.64%,184411,52.82%,4416,1.26%,359,0.1%,11105,3.18%,3739,1.07%,27653,7.92%,19
Maldah (06),802673,143642,17.9%,506927,63.15%,22941,2.86%,4052,0.5%,26294,3.28%,12227,1.52%,86590,10.79%,19
Murshidabad (07),1490524,241400,16.2%,957909,64.27%,29765,2%,4980,0.33%,39491,2.65%,40201,2.7%,176777,11.86%,19
Birbhum (08),758961,140335,18.49%,492412,64.88%,14204,1.87%,1852,0.24%,16751,2.21%,14667,1.93%,78736,10.37%,19
Barddhaman (09),1250095,209865,16.79%,734211,58.73%,24426,1.95%,1395,0.11%,36414,2.91%,14043,1.12%,229741,18.38%,19
Nadia (10),1036142,177244,17.11%,626221,60.44%,9867,0.95%,939,0.09%,42365,4.09%,11276,1.09%,168230,16.24%,19
NorthTwentyFourParganas (11),1183056,156108,13.2%,733091,61.97%,26574,2.25%,3852,0.33%,45351,3.83%,15959,1.35%,202121,17.08%,19
Hugli (12),920643,170826,18.56%,468297,50.87%,21655,2.35%,688,0.07%,39861,4.33%,7833,0.85%,211465,22.97%,19
Bankura (13),724878,164294,22.67%,421662,58.17%,8230,1.14%,2900,0.4%,22527,3.11%,9346,1.29%,95248,13.14%,19
Puruliya (14),536972,120318,22.41%,317960,59.21%,12582,2.34%,1825,0.34%,11553,2.15%,5549,1.03%,67162,12.51%,19
Haora (15),708849,72032,10.16%,373487,52.69%,12381,1.75%,804,0.11%,44955,6.34%,5498,0.78%,199692,28.17%,19
SouthTwentyFourParganas (17),1523398,249645,16.39%,874475,57.4%,28665,1.88%,2857,0.19%,64110,4.21%,16559,1.09%,287083,18.84%,19
PaschimMedinipur (18),1192518,366100,30.7%,632695,53.06%,12271,1.03%,4103,0.34%,32798,2.75%,8131,0.68%,136416,11.44%,19
PurbaMedinipur (19),1059248,198543,18.74%,621192,58.64%,26913,2.54%,2176,0.21%,30119,2.84%,15444,1.46%,164799,15.56%,19
All India Total,179787454,54122794,30.1%,92016420,51.18%,4487569,2.5%,410320,0.23%,2888481,1.61%,669649,0.37%,25121808,13.97%,20
East Zone Total,47307665,9722560,20.55%,29533610,62.43%,1082696,2.29%,105248,0.22%,810678,1.71%,300325,0.63%,5735985,12.12%,20
State Total,5044234,1477083,29.28%,2607599,51.69%,188874,3.74%,20085,0.4%,54817,1.09%,14518,0.29%,672785,13.34%,20
Garhwa (01),229414,63920,27.86%,132311,57.67%,8827,3.85%,879,0.38%,1842,0.8%,867,0.38%,20768,9.05%,20
Chatra (02),175409,58183,33.17%,97084,55.35%,3963,2.26%,250,0.14%,1100,0.63%,616,0.35%,14213,8.1%,20
Kodarma (03),96609,16986,17.58%,60521,62.65%,1927,1.99%,238,0.25%,923,0.96%,267,0.28%,15747,16.3%,20
Giridih (04),383640,67367,17.56%,253498,66.08%,7574,1.97%,760,0.2%,3235,0.84%,1213,0.32%,49992,13.03%,20
Deoghar (05),216632,65064,30.03%,116933,53.98%,7204,3.33%,219,0.1%,2037,0.94%,642,0.3%,24533,11.32%,20
Godda (06),243676,63137,25.91%,144617,59.35%,7620,3.13%,546,0.22%,1521,0.62%,518,0.21%,25716,10.55%,20
Sahibganj (07),205762,45767,22.24%,126962,61.7%,7068,3.44%,281,0.14%,3854,1.87%,517,0.25%,21302,10.35%,20
Pakur (08),173746,49935,28.74%,96354,55.46%,3866,2.23%,177,0.1%,3140,1.81%,557,0.32%,19717,11.35%,20
Dhanbad (09),260908,23909,9.16%,154014,59.03%,9434,3.62%,485,0.19%,3016,1.16%,1013,0.39%,69037,26.46%,20
Bokaro (10),276821,39967,14.44%,164491,59.42%,6325,2.28%,443,0.16%,5276,1.91%,1035,0.37%,59284,21.42%,20
Lohardaga (11),79897,45414,56.84%,28180,35.27%,1371,1.72%,65,0.08%,369,0.46%,117,0.15%,4381,5.48%,20
Purbi Singhbhum (12),273216,61192,22.4%,135141,49.46%,25212,9.23%,1933,0.71%,3779,1.38%,815,0.3%,45144,16.52%,20
Palamu (13),325420,79823,24.53%,199528,61.31%,8380,2.58%,1177,0.36%,2018,0.62%,876,0.27%,33618,10.33%,20
Latehar (14),128904,57159,44.34%,53228,41.29%,4564,3.54%,176,0.14%,1333,1.03%,197,0.15%,12247,9.5%,20
Hazaribagh (15),278302,77345,27.79%,144210,51.82%,10503,3.77%,426,0.15%,3123,1.12%,740,0.27%,41954,15.07%,20
Ramgarh (16),155863,30571,19.61%,74209,47.61%,4217,2.71%,131,0.08%,3429,2.2%,338,0.22%,42968,27.57%,20
Dumka (17),262618,98753,37.6%,136253,51.88%,4486,1.71%,200,0.08%,1259,0.48%,515,0.2%,21152,8.05%,20
Jamtara (18),139849,49002,35.04%,77371,55.32%,2931,2.1%,100,0.07%,445,0.32%,482,0.34%,9518,6.81%,20
Ranchi (19),346242,134955,38.98%,134538,38.86%,10985,3.17%,1626,0.47%,4955,1.43%,998,0.29%,49726,14.36%,20
Khunti (20),95140,60028,63.09%,24410,25.66%,3692,3.88%,217,0.23%,680,0.71%,109,0.11%,6004,6.31%,20
Gumla (21),172479,101266,58.71%,36661,21.26%,10692,6.2%,2196,1.27%,1974,1.14%,566,0.33%,19124,11.09%,20
Simdega (22),108003,72446,67.08%,21072,19.51%,4734,4.38%,1456,1.35%,776,0.72%,445,0.41%,7074,6.55%,20
Pashchimi Singhbhum (23),247857,61045,24.63%,125513,50.64%,22437,9.05%,4638,1.87%,1975,0.8%,723,0.29%,31526,12.72%,20
Saraikela-Kharsawan (24),167827,53849,32.09%,70500,42.01%,10862,6.47%,1466,0.87%,2758,1.64%,352,0.21%,28040,16.71%,20
All India Total,179787454,54122794,30.1%,92016420,51.18%,4487569,2.5%,410320,0.23%,2888481,1.61%,669649,0.37%,25121808,13.97%,21
East Zone Total,47307665,9722560,20.55%,29533610,62.43%,1082696,2.29%,105248,0.22%,810678,1.71%,300325,0.63%,5735985,12.12%,21
State Total,8677615,2021003,23.29%,5089689,58.65%,261302,3.01%,22368,0.26%,134862,1.55%,54203,0.62%,1092960,12.6%,21
Bargarh (01),363860,94951,26.1%,210987,57.99%,9131,2.51%,901,0.25%,7696,2.12%,2418,0.66%,37776,10.38%,21
Jharsuguda (02),87340,21761,24.92%,44839,51.34%,2746,3.14%,202,0.23%,1134,1.3%,408,0.47%,16123,18.46%,21
Sambalpur (03),186899,42430,22.7%,115445,61.77%,5241,2.8%,336,0.18%,1859,0.99%,972,0.52%,20616,11.03%,21
Debagarh (04),74644,18722,25.08%,46055,61.7%,1920,2.57%,145,0.19%,781,1.05%,251,0.34%,6770,9.07%,21
Sundargarh (05),348141,105953,30.43%,184903,53.11%,7297,2.1%,736,0.21%,2623,0.75%,1142,0.33%,45290,13.01%,21
Kendujhar (06),371247,124179,33.45%,193980,52.25%,8746,2.36%,742,0.2%,4215,1.14%,1614,0.43%,37771,10.17%,21
Mayurbhanj (07),571185,160914,28.17%,336338,58.88%,12566,2.2%,1231,0.22%,5551,0.97%,1469,0.26%,53116,9.3%,21
Baleshwar (08),501571,127070,25.33%,257266,51.29%,15642,3.12%,1307,0.26%,30974,6.18%,3577,0.71%,65735,13.11%,21
Bhadrak (09),298494,81049,27.15%,158907,53.24%,11134,3.73%,1257,0.42%,3241,1.09%,3480,1.17%,39426,13.21%,21
Kendrapara (10),324712,67244,20.71%,176069,54.22%,16235,5%,1598,0.49%,4382,1.35%,4860,1.5%,54324,16.73%,21
Jagatsinghapur (11),249423,46964,18.83%,133285,53.44%,12961,5.2%,739,0.3%,5057,2.03%,1961,0.79%,48456,19.43%,21
Cuttack (12),450314,61451,13.65%,267094,59.31%,19350,4.3%,1447,0.32%,7956,1.77%,4086,0.91%,88930,19.75%,21
Jajapur (13),409438,52112,12.73%,256299,62.6%,19530,4.77%,1837,0.45%,6614,1.62%,4977,1.22%,68069,16.62%,21
Dhenkanal (14),272795,28453,10.43%,190023,69.66%,10983,4.03%,859,0.31%,2603,0.95%,2686,0.98%,37188,13.63%,21
Anugul (15),280707,48013,17.1%,167004,59.49%,10066,3.59%,919,0.33%,2517,0.9%,1418,0.51%,50770,18.09%,21
Nayagarh (16),231192,44290,19.16%,142219,61.52%,7200,3.11%,732,0.32%,1954,0.85%,2122,0.92%,32675,14.13%,21
Khordha (17),289703,35495,12.25%,167278,57.74%,10397,3.59%,950,0.33%,4820,1.66%,2178,0.75%,68585,23.67%,21
Puri (18),325826,87115,26.74%,173010,53.1%,13039,4%,1316,0.4%,5155,1.58%,2576,0.79%,43615,13.39%,21
Ganjam (19),652975,116494,17.84%,417395,63.92%,14624,2.24%,1093,0.17%,9191,1.41%,2642,0.4%,91524,14.02%,21
Gajapati (20),125989,29050,23.06%,84750,67.27%,1946,1.54%,187,0.15%,1234,0.98%,225,0.18%,8430,6.69%,21
Kandhamal (21),163937,37005,22.57%,108057,65.91%,3512,2.14%,181,0.11%,1370,0.84%,299,0.18%,13478,8.22%,21
Baudh (22),108931,36754,33.74%,58738,53.92%,2889,2.65%,144,0.13%,1449,1.33%,409,0.38%,8548,7.85%,21
Subarnapur (23),147869,43841,29.65%,84053,56.84%,3442,2.33%,276,0.19%,3127,2.11%,709,0.48%,12421,8.4%,21
Balangir (24),405981,84351,20.78%,264241,65.09%,13241,3.26%,887,0.22%,5576,1.37%,2467,0.61%,35098,8.65%,21
Nuapada (25),159117,58249,36.61%,83145,52.25%,3831,2.41%,395,0.25%,1855,1.17%,756,0.48%,10886,6.84%,21
Kalahandi (26),383228,75351,19.66%,266009,69.41%,8702,2.27%,867,0.23%,4380,1.14%,2427,0.63%,25258,6.59%,21
Rayagada (27),207646,42335,20.39%,138351,66.63%,2992,1.44%,161,0.08%,2594,1.25%,532,0.26%,20485,9.87%,21
Nabarangapur (28),262396,79496,30.3%,157689,60.1%,4397,1.68%,344,0.13%,1756,0.67%,602,0.23%,18111,6.9%,21
Koraput (29),287844,83715,29.08%,169425,58.86%,6175,2.15%,366,0.13%,2457,0.85%,610,0.21%,24998,8.68%,21
Malkangiri (30),134211,86196,64.22%,36835,27.45%,1367,1.02%,213,0.16%,741,0.55%,330,0.25%,8488,6.32%,21
All India Total,179787454,54122794,30.1%,92016420,51.18%,4487569,2.5%,410320,0.23%,2888481,1.61%,669649,0.37%,25121808,13.97%,22
Central Zone Total,43325279,16757213,38.68%,21054446,48.6%,921088,2.13%,64461,0.15%,296585,0.68%,132388,0.31%,4080607,9.42%,22
State Total,4540999,1823114,40.15%,2367414,52.13%,75260,1.66%,3913,0.09%,15434,0.34%,25323,0.56%,226624,4.99%,22
Koriya (01),110427,44481,40.28%,53958,48.86%,2172,1.97%,133,0.12%,444,0.4%,446,0.4%,8408,7.61%,22
Surguja (02),489557,245589,50.17%,203927,41.66%,10040,2.05%,639,0.13%,1773,0.36%,3021,0.62%,23681,4.84%,22
Jashpur  (03),187698,101175,53.9%,72274,38.51%,1999,1.07%,76,0.04%,757,0.4%,738,0.39%,10517,5.6%,22
Raigarh (04),315091,108344,34.38%,174101,55.25%,8562,2.72%,194,0.06%,863,0.27%,2665,0.85%,19711,6.26%,22
Korba  (05),189855,57707,30.4%,111918,58.95%,4806,2.53%,136,0.07%,657,0.35%,865,0.46%,13616,7.17%,22
Janjgir - Champa (06),341618,110573,32.37%,198815,58.2%,9585,2.81%,637,0.19%,713,0.21%,3392,0.99%,17444,5.11%,22
Bilaspur (07),487718,128263,26.3%,320551,65.72%,8533,1.75%,304,0.06%,1885,0.39%,2709,0.56%,25416,5.21%,22
Kabeerdham (08),162182,57141,35.23%,96816,59.7%,1319,0.81%,115,0.07%,174,0.11%,797,0.49%,5669,3.5%,22
Rajnandgaon (09),265975,125823,47.31%,124916,46.97%,2670,1%,138,0.05%,798,0.3%,1111,0.42%,10134,3.81%,22
Durg (10),424416,158412,37.32%,239609,56.46%,4713,1.11%,379,0.09%,1477,0.35%,1705,0.4%,17925,4.22%,22
Raipur (11),584585,184857,31.62%,353654,60.5%,10922,1.87%,591,0.1%,2670,0.46%,4084,0.7%,27807,4.76%,22
Mahasamund (12),244641,73959,30.23%,153781,62.86%,3386,1.38%,202,0.08%,753,0.31%,1897,0.78%,10477,4.28%,22
Dhamtari  (13),144908,49011,33.82%,84487,58.3%,1777,1.23%,35,0.02%,662,0.46%,801,0.55%,8134,5.61%,22
Uttar Bastar Kanker (14),145079,92905,64.04%,42577,29.35%,967,0.67%,36,0.02%,564,0.39%,232,0.16%,7798,5.38%,22
Bastar (15),276389,151325,54.75%,107299,38.82%,2966,1.07%,257,0.09%,939,0.34%,743,0.27%,12707,4.6%,22
Narayanpur (16),23114,19371,83.81%,2583,11.18%,13,0.06%,2,0.01%,69,0.3%,4,0.02%,1072,4.64%,22
Dakshin Bastar Dantewada (17),98185,76771,78.19%,16068,16.37%,601,0.61%,33,0.03%,192,0.2%,107,0.11%,4371,4.45%,22
Bijapur (18),49561,37407,75.48%,10080,20.34%,229,0.46%,6,0.01%,44,0.09%,6,0.01%,1737,3.5%,22
All India Total,179787454,54122794,30.1%,92016420,51.18%,4487569,2.5%,410320,0.23%,2888481,1.61%,669649,0.37%,25121808,13.97%,23
Central Zone Total,43325279,16757213,38.68%,21054446,48.6%,921088,2.13%,64461,0.15%,296585,0.68%,132388,0.31%,4080607,9.42%,23
State Total,11288946,3928720,34.8%,6398603,56.68%,183197,1.62%,18962,0.17%,45686,0.4%,58649,0.52%,655051,5.8%,23
Sheopur (01),128523,45447,35.36%,75668,58.88%,1896,1.48%,360,0.28%,683,0.53%,535,0.42%,3934,3.06%,23
Morena (02),286442,147001,51.32%,119209,41.62%,3693,1.29%,854,0.3%,1396,0.49%,1033,0.36%,13256,4.63%,23
Bhind (03),196355,100373,51.12%,70281,35.79%,3175,1.62%,971,0.49%,678,0.35%,567,0.29%,20310,10.34%,23
Gwalior (04),150590,56444,37.48%,81459,54.09%,1797,1.19%,222,0.15%,359,0.24%,488,0.32%,9821,6.52%,23
Datia (05),128413,74822,58.27%,47631,37.09%,1184,0.92%,221,0.17%,287,0.22%,516,0.4%,3752,2.92%,23
Shivpuri (06),281595,143834,51.08%,121448,43.13%,3295,1.17%,480,0.17%,932,0.33%,975,0.35%,10631,3.78%,23
Tikamgarh (07),261692,104516,39.94%,137085,52.38%,6440,2.46%,440,0.17%,765,0.29%,1502,0.57%,10944,4.18%,23
Chhatarpur (08),283889,107437,37.84%,149902,52.8%,6345,2.24%,423,0.15%,933,0.33%,1889,0.67%,16960,5.97%,23
Panna (09),207410,62383,30.08%,131171,63.24%,3820,1.84%,222,0.11%,642,0.31%,820,0.4%,8352,4.03%,23
Sagar (10),400201,106907,26.71%,255764,63.91%,8080,2.02%,438,0.11%,1777,0.44%,1913,0.48%,25322,6.33%,23
Damoh (11),254708,54887,21.55%,181511,71.26%,5328,2.09%,300,0.12%,933,0.37%,996,0.39%,10753,4.22%,23
Satna (12),395489,91163,23.05%,262133,66.28%,9622,2.43%,526,0.13%,1913,0.48%,2484,0.63%,27648,6.99%,23
Rewa (13),451926,111553,24.68%,255064,56.44%,17444,3.86%,1865,0.41%,3468,0.77%,5377,1.19%,57154,12.65%,23
Umaria (14),119054,33507,28.14%,73566,61.79%,2803,2.35%,161,0.14%,491,0.41%,635,0.53%,7891,6.63%,23
Neemuch (15),127034,54905,43.22%,64220,50.55%,1059,0.83%,76,0.06%,304,0.24%,279,0.22%,6191,4.87%,23
Mandsaur (16),232520,102549,44.1%,116808,50.24%,2223,0.96%,156,0.07%,825,0.35%,697,0.3%,9262,3.98%,23
Ratlam (17),219860,91601,41.66%,116058,52.79%,2298,1.05%,224,0.1%,380,0.17%,760,0.35%,8539,3.88%,23
Ujjain (18),239575,98254,41.01%,129670,54.13%,2202,0.92%,328,0.14%,902,0.38%,1051,0.44%,7168,2.99%,23
Shajapur (19),238203,98139,41.2%,124348,52.2%,2625,1.1%,356,0.15%,631,0.26%,1512,0.63%,10592,4.45%,23
Dewas (20),212497,83949,39.51%,115427,54.32%,2245,1.06%,128,0.06%,538,0.25%,755,0.36%,9455,4.45%,23
Dhar (21),333540,136887,41.04%,178036,53.38%,3000,0.9%,349,0.1%,1258,0.38%,1217,0.36%,12740,3.82%,23
Indore (22),181140,47462,26.2%,104276,57.57%,2909,1.61%,275,0.15%,1769,0.98%,732,0.4%,23713,13.09%,23
West Nimar (23),328941,97112,29.52%,208430,63.36%,2258,0.69%,356,0.11%,1587,0.48%,1975,0.6%,17223,5.24%,23
Barwani (24),201818,76959,38.13%,117244,58.09%,1178,0.58%,73,0.04%,407,0.2%,311,0.15%,5646,2.8%,23
Rajgarh (25),315904,113606,35.96%,183796,58.18%,4588,1.45%,623,0.2%,564,0.18%,2990,0.95%,9737,3.08%,23
Vidisha (26),239132,80686,33.74%,144271,60.33%,3535,1.48%,527,0.22%,498,0.21%,1557,0.65%,8058,3.37%,23
Bhopal (27),87106,25783,29.6%,50772,58.29%,3855,4.43%,484,0.56%,756,0.87%,436,0.5%,5020,5.76%,23
Sehore (28),218742,87078,39.81%,117001,53.49%,2575,1.18%,270,0.12%,588,0.27%,1392,0.64%,9838,4.5%,23
Raisen (29),213732,71199,33.31%,130219,60.93%,2076,0.97%,204,0.1%,595,0.28%,1187,0.56%,8252,3.86%,23
Betul (30),268522,94432,35.17%,154454,57.52%,2163,0.81%,119,0.04%,1209,0.45%,581,0.22%,15564,5.8%,23
Harda (31),86479,33510,38.75%,47439,54.86%,595,0.69%,36,0.04%,296,0.34%,427,0.49%,4176,4.83%,23
Hoshangabad (32),179998,57051,31.7%,105077,58.38%,2672,1.48%,146,0.08%,595,0.33%,936,0.52%,13521,7.51%,23
Katni (33),235767,50123,21.26%,161112,68.34%,6297,2.67%,279,0.12%,1388,0.59%,1135,0.48%,15433,6.55%,23
Jabalpur (34),257348,48718,18.93%,183623,71.35%,3487,1.35%,187,0.07%,913,0.35%,914,0.36%,19506,7.58%,23
Narsimhapur (35),212280,55918,26.34%,141341,66.58%,2410,1.14%,177,0.08%,1131,0.53%,1128,0.53%,10175,4.79%,23
Dindori (36),161848,65751,40.63%,86739,53.59%,1385,0.86%,103,0.06%,474,0.29%,544,0.34%,6852,4.23%,23
Mandla (37),224141,72114,32.17%,134299,59.92%,2520,1.12%,152,0.07%,830,0.37%,601,0.27%,13625,6.08%,23
Chhindwara (38),341102,116215,34.07%,190860,55.95%,2968,0.87%,214,0.06%,1536,0.45%,800,0.23%,28509,8.36%,23
Seoni (39),292969,75292,25.7%,194425,66.36%,3893,1.33%,172,0.06%,1231,0.42%,890,0.3%,17066,5.83%,23
Balaghat (40),357325,99685,27.9%,219262,61.36%,5106,1.43%,299,0.08%,1446,0.4%,674,0.19%,30853,8.63%,23
Guna (41),190722,80525,42.22%,99397,52.12%,2764,1.45%,259,0.14%,534,0.28%,832,0.44%,6411,3.36%,23
Ashoknagar (42),135299,56833,42.01%,71797,53.07%,1957,1.45%,148,0.11%,281,0.21%,557,0.41%,3726,2.75%,23
Shahdol (43),214706,50819,23.67%,135797,63.25%,6296,2.93%,320,0.15%,935,0.44%,2449,1.14%,18090,8.43%,23
Anuppur (44),143959,54355,37.76%,66391,46.12%,2920,2.03%,169,0.12%,770,0.53%,626,0.43%,18728,13.01%,23
Sidhi (45),228964,49360,21.56%,142724,62.33%,10401,4.54%,1313,0.57%,1870,0.82%,3458,1.51%,19838,8.66%,23
Singrauli (46),199925,54900,27.46%,118679,59.36%,7422,3.71%,2245,1.12%,1484,0.74%,3852,1.93%,11343,5.67%,23
Jhabua (47),186957,114592,61.29%,62918,33.65%,1464,0.78%,86,0.05%,700,0.37%,345,0.18%,6832,3.65%,23
Alirajpur (48),126529,103585,81.87%,17799,14.07%,566,0.45%,224,0.18%,307,0.24%,147,0.12%,3901,3.08%,23
East Nimar (49),211240,64911,30.73%,134291,63.57%,1613,0.76%,155,0.07%,671,0.32%,858,0.41%,8741,4.14%,23
Burhanpur (50),96835,23588,24.36%,67711,69.92%,750,0.77%,247,0.26%,226,0.23%,314,0.32%,3999,4.13%,23
All India Total,179787454,54122794,30.1%,92016420,51.18%,4487569,2.5%,410320,0.23%,2888481,1.61%,669649,0.37%,25121808,13.97%,24
West Zone Total,31206237,12251655,39.26%,13627913,43.67%,654997,2.1%,54783,0.18%,563323,1.81%,107310,0.34%,3935704,12.61%,24
State Total,6920473,2844183,41.1%,2995611,43.29%,89138,1.29%,9199,0.13%,172343,2.49%,23470,0.34%,786379,11.36%,24
Kachchh (01),270766,58313,21.54%,141253,52.17%,3519,1.3%,177,0.07%,9469,3.5%,1153,0.43%,56882,21.01%,24
Banas Kantha (02),482360,262155,54.35%,172156,35.69%,2938,0.61%,570,0.12%,11872,2.46%,2933,0.61%,29736,6.16%,24
Patan (03),211052,80889,38.33%,110622,52.41%,1232,0.58%,264,0.13%,4597,2.18%,786,0.37%,12662,6%,24
Mahesana (04),313605,127738,40.73%,139940,44.62%,1803,0.57%,175,0.06%,9362,2.99%,1096,0.35%,33491,10.68%,24
Sabar Kantha (05),412808,228170,55.27%,137862,33.4%,2629,0.64%,201,0.05%,11096,2.69%,1286,0.31%,31564,7.65%,24
Gandhinagar (06),187728,61091,32.54%,92341,49.19%,2981,1.59%,111,0.06%,4057,2.16%,527,0.28%,26620,14.18%,24
Ahmadabad (07),267896,68001,25.38%,158114,59.02%,2417,0.9%,330,0.12%,6330,2.36%,1073,0.4%,31631,11.81%,24
Surendranagar (08),244710,94758,38.72%,121137,49.5%,3056,1.25%,552,0.23%,5333,2.18%,1266,0.52%,18608,7.6%,24
Rajkot (09),340320,153816,45.2%,138484,40.69%,1869,0.55%,287,0.08%,5453,1.6%,1837,0.54%,38574,11.33%,24
Jamnagar (10),211460,108461,51.29%,76037,35.96%,1535,0.73%,128,0.06%,4084,1.93%,984,0.47%,20231,9.57%,24
Porbandar (11),62792,26214,41.75%,27299,43.48%,714,1.14%,145,0.23%,1237,1.97%,497,0.79%,6686,10.65%,24
Junagadh (12),330673,150326,45.46%,148318,44.85%,3883,1.17%,306,0.09%,6919,2.09%,1789,0.54%,19132,5.79%,24
Amreli (13),212437,100816,47.46%,90848,42.76%,962,0.45%,135,0.06%,4462,2.1%,1138,0.54%,14076,6.63%,24
Bhavnagar (14),302091,100634,33.31%,125944,41.69%,5932,1.96%,1908,0.63%,5539,1.83%,1389,0.46%,60745,20.11%,24
Anand (15),289935,85517,29.5%,162841,56.16%,2573,0.89%,460,0.16%,7433,2.56%,538,0.19%,30573,10.54%,24
Kheda (16),360378,144385,40.06%,175761,48.77%,1786,0.5%,565,0.16%,9773,2.71%,956,0.27%,27152,7.53%,24
Panch Mahals (17),379391,253873,66.92%,99443,26.21%,1219,0.32%,259,0.07%,5995,1.58%,747,0.2%,17855,4.71%,24
Dohad (18),292221,232436,79.54%,44318,15.17%,1879,0.64%,171,0.06%,3821,1.31%,251,0.09%,9345,3.2%,24
Vadodara (19),447170,165388,36.99%,202878,45.37%,6337,1.42%,892,0.2%,8880,1.99%,765,0.17%,61989,13.86%,24
Narmada (20),112382,29654,26.39%,73654,65.54%,395,0.35%,8,0.01%,2068,1.84%,150,0.13%,6453,5.74%,24
Bharuch (21),228889,43814,19.14%,122571,53.55%,1902,0.83%,197,0.09%,8166,3.57%,417,0.18%,51800,22.63%,24
The Dangs (22),44869,22950,51.15%,16502,36.78%,609,1.36%,23,0.05%,1028,2.29%,35,0.08%,3722,8.3%,24
Navsari (23),216236,60386,27.93%,93990,43.47%,11577,5.35%,213,0.1%,7623,3.53%,540,0.25%,41907,19.38%,24
Valsad (24),249281,80296,32.21%,84448,33.88%,14435,5.79%,575,0.23%,11491,4.61%,686,0.28%,57350,23.01%,24
Surat (25),283634,54217,19.12%,136392,48.09%,10426,3.68%,469,0.17%,12099,4.27%,574,0.2%,69370,24.46%,24
Tapi (26),165389,49885,30.16%,102458,61.95%,530,0.32%,78,0.05%,4156,2.51%,57,0.03%,8225,4.97%,24
All India Total,179787454,54122794,30.1%,92016420,51.18%,4487569,2.5%,410320,0.23%,2888481,1.61%,669649,0.37%,25121808,13.97%,25
UT Zone Total,1338560,164259,12.27%,223907,16.73%,176282,13.17%,6608,0.49%,17780,1.33%,5117,0.38%,744605,55.63%,25
State Total,31795,1373,4.32%,5850,18.4%,1009,3.17%,184,0.58%,196,0.62%,139,0.44%,23043,72.47%,25
DIU (01),4344,429,9.88%,620,14.27%,3,0.07%,1,0.02%,3,0.07%,51,1.17%,3237,74.52%,25
DAMAN (02),27451,944,3.44%,5230,19.05%,1006,3.66%,183,0.67%,193,0.7%,88,0.32%,19806,72.15%,25
All India Total,179787454,54122794,30.1%,92016420,51.18%,4487569,2.5%,410320,0.23%,2888481,1.61%,669649,0.37%,25121808,13.97%,26
UT Zone Total,1338560,164259,12.27%,223907,16.73%,176282,13.17%,6608,0.49%,17780,1.33%,5117,0.38%,744605,55.63%,26
State Total,45352,15854,34.96%,12755,28.12%,4964,10.95%,131,0.29%,792,1.75%,98,0.22%,10758,23.72%,26
DADRA & NAGAR HAVELI (01),45352,15854,34.96%,12755,28.12%,4964,10.95%,131,0.29%,792,1.75%,98,0.22%,10758,23.72%,26
All India Total,179787454,54122794,30.1%,92016420,51.18%,4487569,2.5%,410320,0.23%,2888481,1.61%,669649,0.37%,25121808,13.97%,27
West Zone Total,31206237,12251655,39.26%,13627913,43.67%,654997,2.1%,54783,0.18%,563323,1.81%,107310,0.34%,3935704,12.61%,27
State Total,13841960,5129029,37.05%,6141653,44.37%,287112,2.07%,29092,0.21%,235119,1.7%,35588,0.26%,1981287,14.31%,27
Nandurbar (01),292828,76508,26.13%,191371,65.35%,1931,0.66%,1147,0.39%,2413,0.82%,291,0.1%,18809,6.42%,27
Dhule (02),306860,102673,33.46%,156019,50.84%,2665,0.87%,498,0.16%,5412,1.76%,349,0.11%,37724,12.29%,27
Jalgaon (03),643191,170812,26.56%,400632,62.29%,6613,1.03%,2727,0.42%,6603,1.03%,2158,0.34%,53547,8.33%,27
Buldana (04),461842,171344,37.1%,252902,54.76%,3068,0.66%,863,0.19%,3719,0.81%,1294,0.28%,28652,6.2%,27
Akola (05),281629,80730,28.67%,163874,58.19%,2304,0.82%,644,0.23%,3270,1.16%,919,0.33%,29888,10.61%,27
Washim (06),223258,85039,38.09%,123138,55.16%,1798,0.81%,272,0.12%,1600,0.72%,501,0.22%,10909,4.89%,27
Amravati (07),450098,118453,26.32%,294977,65.54%,4417,0.98%,1345,0.3%,3638,0.81%,1054,0.23%,26214,5.82%,27
Wardha (08),226126,75252,33.28%,108350,47.92%,1857,0.82%,383,0.17%,4019,1.78%,329,0.15%,35936,15.89%,27
Nagpur (09),414168,91349,22.06%,221700,53.53%,27673,6.68%,1314,0.32%,7586,1.83%,825,0.2%,63685,15.38%,27
Bhandara (10),243526,61823,25.39%,144092,59.17%,8125,3.34%,471,0.19%,3114,1.28%,495,0.2%,25397,10.43%,27
Gondiya (11),265214,77146,29.09%,157694,59.46%,9289,3.5%,320,0.12%,3602,1.36%,442,0.17%,16701,6.3%,27
Gadchiroli (12),231066,81483,35.26%,117495,50.85%,3265,1.41%,361,0.16%,3407,1.47%,404,0.17%,24651,10.67%,27
Chandrapur (13),397430,108314,27.25%,210037,52.85%,4897,1.23%,928,0.23%,6189,1.56%,885,0.22%,66180,16.65%,27
Yavatmal (14),584064,173139,29.64%,341321,58.44%,4449,0.76%,907,0.16%,4885,0.84%,1127,0.19%,58230,9.97%,27
Nanded (15),488582,196723,40.26%,243532,49.84%,5530,1.13%,950,0.19%,4746,0.97%,1570,0.32%,35531,7.27%,27
Hingoli (16),202854,83599,41.21%,104755,51.64%,1337,0.66%,418,0.21%,2247,1.11%,1019,0.5%,9475,4.67%,27
Parbhani (17),261070,110486,42.32%,131774,50.47%,1568,0.6%,321,0.12%,2767,1.06%,1001,0.38%,13153,5.04%,27
Jalna (18),314270,161034,51.24%,127798,40.67%,2270,0.72%,852,0.27%,3383,1.08%,1237,0.39%,17694,5.63%,27
Aurangabad (19),449363,206126,45.87%,177114,39.41%,2876,0.64%,849,0.19%,5994,1.33%,1240,0.28%,55164,12.28%,27
Nashik (20),702961,311074,44.25%,293098,41.69%,14654,2.08%,1260,0.18%,13049,1.86%,1622,0.23%,67760,9.64%,27
Thane (21),626009,131723,21.04%,229233,36.62%,9864,1.58%,1081,0.17%,14752,2.36%,791,0.13%,238549,38.11%,27
Raigarh (24),453135,95466,21.07%,119984,26.48%,12242,2.7%,1353,0.3%,10710,2.36%,396,0.09%,212984,47%,27
Pune (25),751874,315145,41.91%,211280,28.1%,50441,6.71%,1822,0.24%,22254,2.96%,1784,0.24%,149025,19.82%,27
Ahmadnagar (26),763339,374374,49.04%,259232,33.96%,8565,1.12%,1304,0.17%,15622,2.05%,2568,0.34%,101520,13.3%,27
Bid (27),460613,219385,47.63%,188359,40.89%,4051,0.88%,1057,0.23%,6362,1.38%,2292,0.5%,38834,8.43%,27
Latur (28),360602,139395,38.66%,177972,49.35%,4100,1.14%,787,0.22%,6785,1.88%,1289,0.36%,30274,8.4%,27
Osmanabad (29),294600,130227,44.2%,131095,44.5%,3182,1.08%,383,0.13%,4581,1.55%,1047,0.36%,24085,8.18%,27
Solapur (30),597623,237273,39.7%,261624,43.78%,10284,1.72%,821,0.14%,13309,2.23%,2528,0.42%,71784,12.01%,27
Satara (31),539808,271880,50.37%,148505,27.51%,6253,1.16%,480,0.09%,12330,2.28%,815,0.15%,99537,18.44%,27
Ratnagiri (32),343088,125175,36.48%,101737,29.65%,16592,4.84%,1233,0.36%,7058,2.06%,766,0.22%,90527,26.39%,27
Sindhudurg (33),186826,58868,31.51%,57426,30.74%,10749,5.75%,335,0.18%,4232,2.27%,188,0.1%,55028,29.45%,27
Kolhapur (34),590837,280860,47.54%,158075,26.75%,22071,3.74%,1054,0.18%,16107,2.73%,1275,0.22%,111388,18.85%,27
Sangli (35),433206,206151,47.59%,135458,31.27%,18132,4.19%,552,0.13%,9374,2.16%,1087,0.25%,62452,14.42%,27
All India Total,179787454,54122794,30.1%,92016420,51.18%,4487569,2.5%,410320,0.23%,2888481,1.61%,669649,0.37%,25121808,13.97%,28
South Zone Total,39443917,9656119,24.48%,20744050,52.59%,819753,2.08%,150626,0.38%,882245,2.24%,55553,0.14%,7115892,18.04%,28
State Total,9344180,2100103,22.47%,5503386,58.9%,186923,2%,17722,0.19%,82224,0.88%,16408,0.18%,1422734,15.23%,28
Srikakulam (11),558929,114807,20.54%,348314,62.32%,11672,2.09%,691,0.12%,4488,0.8%,1318,0.24%,77375,13.84%,28
Vizianagaram (12),478978,74022,15.45%,327202,68.31%,11398,2.38%,367,0.08%,2307,0.48%,365,0.08%,63291,13.21%,28
Visakhapatnam (13),602256,181156,30.08%,325325,54.02%,8581,1.42%,720,0.12%,4050,0.67%,851,0.14%,81379,13.51%,28
EastGodavari (14),1176639,154589,13.14%,871660,74.08%,20283,1.72%,1326,0.11%,9596,0.82%,2256,0.19%,116518,9.9%,28
WestGodavari (15),881322,149862,17%,603789,68.51%,16624,1.89%,1257,0.14%,7766,0.88%,1860,0.21%,99478,11.29%,28
Krishna (16),852522,145466,17.06%,569676,66.82%,21634,2.54%,1307,0.15%,7622,0.89%,1511,0.18%,105007,12.32%,28
Guntur (17),862356,236543,27.43%,541420,62.78%,16405,1.9%,1952,0.23%,6668,0.77%,901,0.1%,58389,6.77%,28
Prakasam (18),701745,169204,24.11%,408972,58.28%,13033,1.86%,1572,0.22%,7062,1.01%,1420,0.2%,97894,13.95%,28
SriPottiSriramuluNellore (19),590457,124438,21.07%,389967,66.04%,13312,2.25%,1173,0.2%,3808,0.64%,1733,0.29%,54420,9.22%,28
YSR (20),516185,90633,17.56%,193155,37.42%,15815,3.06%,1375,0.27%,4694,0.91%,755,0.15%,209723,40.63%,28
Kurnool (21),637178,147119,23.09%,314848,49.41%,11900,1.87%,2657,0.42%,7010,1.1%,1150,0.18%,151432,23.77%,28
Anantapur (22),686743,207832,30.26%,315044,45.88%,13270,1.93%,2008,0.29%,11284,1.64%,1028,0.15%,132856,19.35%,28
Chittoor (23),798870,304432,38.11%,294014,36.8%,12996,1.63%,1317,0.16%,5869,0.73%,1260,0.16%,174972,21.9%,28
All India Total,179787454,54122794,30.1%,92016420,51.18%,4487569,2.5%,410320,0.23%,2888481,1.61%,669649,0.37%,25121808,13.97%,29
South Zone Total,39443917,9656119,24.48%,20744050,52.59%,819753,2.08%,150626,0.38%,882245,2.24%,55553,0.14%,7115892,18.04%,29
State Total,8048664,3593495,44.65%,2614761,32.49%,231748,2.88%,101556,1.26%,150487,1.87%,9650,0.12%,1346081,16.72%,29
Belgaum (01),735630,330665,44.95%,233984,31.81%,27372,3.72%,20297,2.76%,22547,3.06%,1333,0.18%,99182,13.48%,29
Bagalkot (02),240555,114657,47.66%,31419,13.06%,9712,4.04%,27832,11.57%,4141,1.72%,217,0.09%,52577,21.86%,29
Bijapur (03),292629,152153,52%,29063,9.93%,11177,3.82%,29536,10.09%,5628,1.92%,404,0.14%,64668,22.1%,29
Bidar (04),240566,77920,32.39%,83307,34.63%,8146,3.39%,2688,1.12%,9771,4.06%,792,0.33%,57942,24.09%,29
Raichur (05),267156,102303,38.29%,130430,48.82%,5719,2.14%,634,0.24%,2734,1.02%,219,0.08%,25115,9.4%,29
Koppal (06),222255,111436,50.14%,51949,23.37%,5655,2.54%,4060,1.83%,3006,1.35%,192,0.09%,45957,20.68%,29
Gadag (07),134976,67679,50.14%,48828,36.18%,2347,1.74%,2394,1.77%,1467,1.09%,60,0.04%,12176,9.02%,29
Dharwad (08),160538,92538,57.64%,30972,19.29%,5122,3.19%,1959,1.22%,1499,0.93%,158,0.1%,28287,17.62%,29
Uttara Kannada (09),240456,78765,32.76%,88808,36.93%,9122,3.79%,290,0.12%,3089,1.28%,328,0.14%,60041,24.97%,29
Haveri (10),257562,106951,41.52%,120323,46.72%,3686,1.43%,385,0.15%,5328,2.07%,228,0.09%,20611,8%,29
Bellary (11),290257,146000,50.3%,73769,25.42%,9696,3.34%,860,0.3%,5241,1.81%,261,0.09%,54430,18.75%,29
Chitradurga (12),282921,159109,56.24%,58364,20.63%,9800,3.46%,1055,0.37%,3511,1.24%,330,0.12%,50746,17.94%,29
Davanagere (13),278261,146035,52.48%,32292,11.6%,12097,4.35%,454,0.16%,2891,1.04%,279,0.1%,84213,30.26%,29
Shimoga (14),257688,119245,46.27%,111664,43.33%,3707,1.44%,221,0.09%,4945,1.92%,184,0.07%,17722,6.88%,29
Udupi (15),200232,30644,15.3%,90169,45.03%,6643,3.32%,362,0.18%,5273,2.63%,373,0.19%,66767,33.34%,29
CHIKMAGALUR (16),206997,97344,47.03%,43750,21.14%,7611,3.68%,351,0.17%,3306,1.6%,94,0.05%,54500,26.33%,29
Tumkur (17),488277,287661,58.91%,117106,23.98%,12291,2.52%,976,0.2%,8178,1.67%,555,0.11%,61423,12.58%,29
Bangalore (18),269172,30341,11.27%,125523,46.63%,26293,9.77%,1174,0.44%,4415,1.64%,576,0.21%,80781,30.01%,29
Mandya (19),351462,222339,63.26%,96282,27.39%,2990,0.85%,503,0.14%,3216,0.92%,310,0.09%,25822,7.35%,29
Hassan (20),348175,252059,72.39%,37954,10.9%,6375,1.83%,759,0.22%,3634,1.04%,290,0.08%,47076,13.52%,29
Dakshina Kannada (21),276202,50148,18.16%,130094,47.1%,6607,2.39%,1169,0.42%,10826,3.92%,183,0.07%,77175,27.94%,29
Kodagu (22),114715,34196,29.81%,39434,34.38%,1616,1.41%,45,0.04%,2380,2.07%,31,0.03%,37012,32.26%,29
Mysore (23),416354,175143,42.07%,196797,47.27%,4360,1.05%,428,0.1%,3551,0.85%,251,0.06%,35820,8.6%,29
Chamarajanagar (24),203466,69245,34.03%,111718,54.91%,3738,1.84%,261,0.13%,2629,1.29%,209,0.1%,15666,7.7%,29
Gulbarga(Kalaburagi) (25),314651,91645,29.13%,194588,61.84%,3223,1.02%,587,0.19%,6109,1.94%,380,0.12%,18110,5.76%,29
Yadgir (26),158580,68879,43.43%,71254,44.93%,2511,1.58%,295,0.19%,2470,1.56%,172,0.11%,12999,8.2%,29
Kolar (27),226042,86324,38.19%,83184,36.8%,7072,3.13%,700,0.31%,8135,3.6%,544,0.24%,40083,17.73%,29
Chikkaballapura (28),218901,88682,40.51%,106995,48.88%,4006,1.83%,292,0.13%,4310,1.97%,399,0.18%,14016,6.4%,29
Bangalore Rural (29),158426,79407,50.12%,28240,17.83%,5249,3.31%,668,0.42%,3889,2.45%,174,0.11%,40749,25.72%,29
Ramanagara (30),195562,123982,63.4%,16501,8.44%,7805,3.99%,321,0.16%,2368,1.21%,124,0.06%,44415,22.71%,29
All India Total,179787454,54122794,30.1%,92016420,51.18%,4487569,2.5%,410320,0.23%,2888481,1.61%,669649,0.37%,25121808,13.97%,30
West Zone Total,31206237,12251655,39.26%,13627913,43.67%,654997,2.1%,54783,0.18%,563323,1.81%,107310,0.34%,3935704,12.61%,30
State Total,220731,11243,5.09%,31643,14.34%,18644,8.45%,354,0.16%,4452,2.02%,322,0.15%,153912,69.73%,30
NorthGoa (01),140451,5669,4.04%,21164,15.07%,14579,10.38%,140,0.1%,3598,2.56%,159,0.11%,95067,67.69%,30
SouthGoa (02),80280,5574,6.94%,10479,13.05%,4065,5.06%,214,0.27%,854,1.06%,163,0.2%,58845,73.3%,30
All India Total,179787454,54122794,30.1%,92016420,51.18%,4487569,2.5%,410320,0.23%,2888481,1.61%,669649,0.37%,25121808,13.97%,31
UT Zone Total,1338560,164259,12.27%,223907,16.73%,176282,13.17%,6608,0.49%,17780,1.33%,5117,0.38%,744605,55.63%,31
State Total,10929,450,4.12%,2108,19.29%,1248,11.42%,3,0.03%,17,0.16%,11,0.1%,7092,64.89%,31
Lakshadweep (01),10929,450,4.12%,2108,19.29%,1248,11.42%,3,0.03%,17,0.16%,11,0.1%,7092,64.89%,31
All India Total,179787454,54122794,30.1%,92016420,51.18%,4487569,2.5%,410320,0.23%,2888481,1.61%,669649,0.37%,25121808,13.97%,32
South Zone Total,39443917,9656119,24.48%,20744050,52.59%,819753,2.08%,150626,0.38%,882245,2.24%,55553,0.14%,7115892,18.04%,32
State Total,6319215,648313,10.26%,3198040,50.61%,95813,1.52%,5926,0.09%,132717,2.1%,13735,0.22%,2224670,35.2%,32
Kasaragod (01),232943,32366,13.89%,115018,49.38%,3217,1.38%,789,0.34%,6839,2.94%,333,0.14%,74381,31.93%,32
Kannur (02),475109,47477,9.99%,227542,47.89%,5212,1.1%,360,0.08%,11985,2.52%,652,0.14%,181881,38.28%,32
Wayanad (03),180860,40903,22.62%,109223,60.39%,855,0.47%,62,0.03%,2329,1.29%,248,0.14%,27240,15.06%,32
Kozhikode (04),537969,39189,7.28%,307814,57.22%,5552,1.03%,503,0.09%,7986,1.48%,1343,0.25%,175582,32.64%,32
Malappuram (05),707117,43038,6.09%,460001,65.05%,6669,0.94%,953,0.13%,9526,1.35%,2711,0.38%,184219,26.05%,32
Palakkad (06),563475,43072,7.64%,326640,57.97%,6521,1.16%,417,0.07%,11471,2.04%,1319,0.23%,174034,30.89%,32
Thrissur (07),591510,35491,6%,248877,42.07%,3300,0.56%,330,0.06%,17891,3.02%,1262,0.21%,284359,48.07%,32
Ernakulam (08),529673,43396,8.19%,242476,45.78%,34856,6.58%,343,0.06%,23073,4.36%,1332,0.25%,184197,34.78%,32
Idukki (09),258610,84014,32.49%,125870,48.67%,2560,0.99%,105,0.04%,4297,1.66%,331,0.13%,41433,16.02%,32
Kottayam (10),418899,63300,15.11%,172826,41.26%,5392,1.29%,293,0.07%,9523,2.27%,632,0.15%,166933,39.85%,32
Alappuzha (11),454793,22115,4.86%,211092,46.41%,6362,1.4%,290,0.06%,7974,1.75%,827,0.18%,206133,45.32%,32
Pathanamthitta (12),283661,51340,18.1%,89937,31.71%,2655,0.94%,66,0.02%,3599,1.27%,336,0.12%,135728,47.85%,32
Kollam (13),542337,69181,12.76%,242230,44.66%,6234,1.15%,476,0.09%,9067,1.67%,861,0.16%,214288,39.51%,32
Thiruvananthapuram (14),542259,33431,6.17%,318494,58.73%,6428,1.19%,939,0.17%,7157,1.32%,1548,0.29%,174262,32.14%,32
All India Total,179787454,54122794,30.1%,92016420,51.18%,4487569,2.5%,410320,0.23%,2888481,1.61%,669649,0.37%,25121808,13.97%,33
South Zone Total,39443917,9656119,24.48%,20744050,52.59%,819753,2.08%,150626,0.38%,882245,2.24%,55553,0.14%,7115892,18.04%,33
State Total,10088119,1837857,18.22%,6635442,65.77%,162734,1.61%,13309,0.13%,366854,3.64%,4641,0.05%,1065974,10.57%,33
Thiruvallur (01),368152,40685,11.05%,221149,60.07%,25022,6.8%,1027,0.28%,10001,2.72%,543,0.15%,69725,18.94%,33
Kancheepuram (03),432465,37294,8.62%,278831,64.47%,11020,2.55%,4264,0.99%,18173,4.2%,243,0.06%,82640,19.11%,33
Vellore (04),587123,64949,11.06%,431142,73.43%,8510,1.45%,365,0.06%,21912,3.73%,89,0.02%,60156,10.25%,33
Tiruvannamalai (05),488091,139336,28.55%,285441,58.48%,12912,2.65%,417,0.09%,11220,2.3%,526,0.11%,38239,7.83%,33
Viluppuram (06),671784,159412,23.73%,460168,68.5%,5473,0.81%,364,0.05%,19194,2.86%,153,0.02%,27020,4.02%,33
Salem (07),501419,85941,17.14%,351045,70.01%,4737,0.94%,161,0.03%,20943,4.18%,140,0.03%,38104,7.6%,33
Namakkal (08),285291,56344,19.75%,182773,64.07%,3920,1.37%,190,0.07%,11606,4.07%,102,0.04%,30356,10.64%,33
Erode (09),322172,63428,19.69%,206168,63.99%,3227,1%,373,0.12%,12113,3.76%,82,0.03%,36781,11.42%,33
The Nilgiris (10),84323,12212,14.48%,60955,72.29%,978,1.16%,38,0.05%,1360,1.61%,34,0.04%,8746,10.37%,33
Dindigul (11),368203,61748,16.77%,257960,70.06%,3319,0.9%,232,0.06%,9074,2.46%,131,0.04%,35739,9.71%,33
Karur (12),176084,32893,18.68%,124583,70.75%,1221,0.69%,95,0.05%,5772,3.28%,23,0.01%,11497,6.53%,33
Tiruchirappalli (13),368071,69838,18.97%,239197,64.99%,3492,0.95%,226,0.06%,17252,4.69%,71,0.02%,37995,10.32%,33
Perambalur (14),122676,50430,41.11%,63248,51.56%,730,0.6%,17,0.01%,2200,1.79%,6,0%,6045,4.93%,33
Ariyalur (15),175439,53505,30.5%,104995,59.85%,1802,1.03%,113,0.06%,5637,3.21%,16,0.01%,9371,5.34%,33
Cuddalore (16),436344,95860,21.97%,263428,60.37%,10820,2.48%,1384,0.32%,8902,2.04%,245,0.06%,54835,12.57%,33
Nagapattinam (17),318840,57665,18.09%,209475,65.7%,3718,1.17%,375,0.12%,15448,4.85%,111,0.03%,32048,10.05%,33
Thiruvarur (18),258848,44755,17.29%,179247,69.25%,1917,0.74%,182,0.07%,13218,5.11%,182,0.07%,19347,7.47%,33
Thanjavur (19),407041,76274,18.74%,263403,64.71%,2858,0.7%,116,0.03%,19798,4.86%,59,0.01%,44533,10.94%,33
Pudukkottai (20),313859,82691,26.35%,200357,63.84%,1848,0.59%,96,0.03%,12911,4.11%,38,0.01%,15918,5.07%,33
Sivaganga (21),240032,65838,27.43%,137225,57.17%,3696,1.54%,326,0.14%,4008,1.67%,129,0.05%,28810,12%,33
Madurai (22),329414,37871,11.5%,247336,75.08%,3581,1.09%,167,0.05%,12704,3.86%,63,0.02%,27692,8.41%,33
Theni (23),151886,13727,9.04%,118694,78.15%,1399,0.92%,168,0.11%,5709,3.76%,88,0.06%,12101,7.97%,33
Virudhunagar (24),340545,20718,6.08%,266274,78.19%,4111,1.21%,279,0.08%,11537,3.39%,143,0.04%,37483,11.01%,33
Ramanathapuram (25),238720,71011,29.75%,140499,58.86%,1997,0.84%,84,0.04%,9135,3.83%,70,0.03%,15924,6.67%,33
Thoothukkudi (26),257307,20747,8.06%,189557,73.67%,1768,0.69%,259,0.1%,11687,4.54%,84,0.03%,33205,12.9%,33
Tirunelveli (27),422627,46640,11.04%,304222,71.98%,3233,0.76%,430,0.1%,19137,4.53%,58,0.01%,48907,11.57%,33
Kanniyakumari (28),166505,5887,3.54%,110224,66.2%,4496,2.7%,224,0.13%,3852,2.31%,210,0.13%,41612,24.99%,33
Dharmapuri (29),323955,78503,24.23%,192392,59.39%,7614,2.35%,225,0.07%,9172,2.83%,175,0.05%,35874,11.07%,33
Krishnagiri (30),343293,91852,26.76%,192260,56%,12215,3.56%,407,0.12%,12095,3.52%,332,0.1%,34132,9.94%,33
Coimbatore (31),268951,39953,14.86%,147858,54.98%,8475,3.15%,497,0.18%,11874,4.41%,416,0.15%,59878,22.26%,33
Tiruppur (32),318659,59850,18.78%,205336,64.44%,2625,0.82%,208,0.07%,19210,6.03%,79,0.02%,31261,9.81%,33
All India Total,179787454,54122794,30.1%,92016420,51.18%,4487569,2.5%,410320,0.23%,2888481,1.61%,669649,0.37%,25121808,13.97%,34
UT Zone Total,1338560,164259,12.27%,223907,16.73%,176282,13.17%,6608,0.49%,17780,1.33%,5117,0.38%,744605,55.63%,34
State Total,115249,18403,15.97%,46711,40.53%,8109,7.04%,373,0.32%,1596,1.38%,434,0.38%,39622,34.38%,34
Puducherry (02),88898,15096,16.98%,35818,40.29%,7080,7.96%,342,0.38%,967,1.09%,331,0.37%,29263,32.92%,34
Karaikal (04),26351,3307,12.55%,10893,41.34%,1029,3.9%,31,0.12%,629,2.39%,103,0.39%,10359,39.31%,34
All India Total,179787454,54122794,30.1%,92016420,51.18%,4487569,2.5%,410320,0.23%,2888481,1.61%,669649,0.37%,25121808,13.97%,35
UT Zone Total,1338560,164259,12.27%,223907,16.73%,176282,13.17%,6608,0.49%,17780,1.33%,5117,0.38%,744605,55.63%,35
State Total,68481,12880,18.81%,13208,19.29%,2778,4.06%,23,0.03%,1022,1.49%,60,0.09%,38510,56.23%,35
Nicobars (01),9333,4296,46.03%,908,9.73%,244,2.61%,0,0%,34,0.36%,5,0.05%,3846,41.21%,35
North  & Middle Andaman (02),26990,5626,20.84%,6103,22.61%,1716,6.36%,12,0.04%,649,2.4%,12,0.04%,12872,47.69%,35
South Andaman (03),32158,2958,9.2%,6197,19.27%,818,2.54%,11,0.03%,339,1.05%,43,0.13%,21792,67.77%,35
All India Total,179787454,54122794,30.1%,92016420,51.18%,4487569,2.5%,410320,0.23%,2888481,1.61%,669649,0.37%,25121808,13.97%,36
South Zone Total,39443917,9656119,24.48%,20744050,52.59%,819753,2.08%,150626,0.38%,882245,2.24%,55553,0.14%,7115892,18.04%,36
State Total,5643739,1476351,26.16%,2792421,49.48%,142535,2.53%,12113,0.21%,149963,2.66%,11119,0.2%,1056433,18.72%,36
Adilabad (01),475708,129039,27.13%,237682,49.96%,10528,2.21%,2104,0.44%,19713,4.14%,1121,0.24%,75430,15.86%,36
Nizamabad (02),531257,87615,16.49%,141105,26.56%,6542,1.23%,1036,0.2%,24373,4.59%,654,0.12%,269796,50.78%,36
Karimnagar (03),751791,166564,22.16%,467959,62.25%,18598,2.47%,1816,0.24%,15446,2.05%,1916,0.25%,79473,10.57%,36
Medak (04),620236,197111,31.78%,270100,43.55%,13796,2.22%,901,0.15%,18638,3%,882,0.14%,118592,19.12%,36
Rangareddy (06),502832,121656,24.19%,210620,41.89%,30086,5.98%,1409,0.28%,13345,2.65%,1418,0.28%,123937,24.65%,36
Mahbubnagar (07),735280,246568,33.53%,290536,39.51%,18382,2.5%,2209,0.3%,22697,3.09%,1631,0.22%,153039,20.81%,36
Nalgonda (08),760630,165722,21.79%,442278,58.15%,18786,2.47%,1012,0.13%,12204,1.6%,1776,0.23%,117276,15.42%,36
Warangal (09),715975,199504,27.86%,416239,58.14%,15101,2.11%,1161,0.16%,18618,2.6%,1238,0.17%,64076,8.95%,36
Khammam (10),550030,162572,29.56%,315902,57.43%,10716,1.95%,465,0.08%,4929,0.9%,483,0.09%,54814,9.97%,36
